group_id,file,dataset,label,split,decision,keep_file,exclude_file,reason
1,datasets/raw/Cotton/healthy/h192.jpg,Cotton,healthy,raw,KEEP,datasets/raw/Cotton/healthy/h192.jpg,,Exact duplicate within the dataset. Retain one deterministic copy and exclude redundant copies.
1,datasets/raw/Cotton/healthy/h194.jpg,Cotton,healthy,raw,EXCLUDE,datasets/raw/Cotton/healthy/h192.jpg,datasets/raw/Cotton/healthy/h194.jpg,Exact duplicate within the dataset. Retain one deterministic copy and exclude redundant copies.
1,datasets/raw/Cotton/healthy/h195.jpg,Cotton,healthy,raw,EXCLUDE,datasets/raw/Cotton/healthy/h192.jpg,datasets/raw/Cotton/healthy/h195.jpg,Exact duplicate within the dataset. Retain one deterministic copy and exclude redundant copies.
2,datasets/raw/Banana/AugmentedSet/healthy/130_aug.jpeg,Banana,healthy,raw,KEEP,datasets/raw/Banana/AugmentedSet/healthy/130_aug.jpeg,,Exact duplicate within the dataset. Retain one deterministic copy and exclude redundant copies.
2,datasets/raw/Banana/AugmentedSet/healthy/150_aug.jpeg,Banana,healthy,raw,EXCLUDE,datasets/raw/Banana/AugmentedSet/healthy/130_aug.jpeg,datasets/raw/Banana/AugmentedSet/healthy/150_aug.jpeg,Exact duplicate within the dataset. Retain one deterministic copy and exclude redundant copies.
2,datasets/raw/Banana/AugmentedSet/healthy/151_aug.jpeg,Banana,healthy,raw,EXCLUDE,datasets/raw/Banana/AugmentedSet/healthy/130_aug.jpeg,datasets/raw/Banana/AugmentedSet/healthy/151_aug.jpeg,Exact duplicate within the dataset. Retain one deterministic copy and exclude redundant copies.
3,datasets/raw/Cotton/healthy/h394.jpg,Cotton,healthy,raw,KEEP,datasets/raw/Cotton/healthy/h394.jpg,,Exact duplicate within the dataset. Retain one deterministic copy and exclude redundant copies.
3,datasets/raw/Cotton/healthy/h401.jpg,Cotton,healthy,raw,EXCLUDE,datasets/raw/Cotton/healthy/h394.jpg,datasets/raw/Cotton/healthy/h401.jpg,Exact duplicate within the dataset. Retain one deterministic copy and exclude redundant copies.
3,datasets/raw/Cotton/healthy/h4201.jpg,Cotton,healthy,raw,EXCLUDE,datasets/raw/Cotton/healthy/h394.jpg,datasets/raw/Cotton/healthy/h4201.jpg,Exact duplicate within the dataset. Retain one deterministic copy and exclude redundant copies.
4,datasets/raw/Cotton/curl_virus/curl0.jpg,Cotton,curl_virus,raw,KEEP,datasets/raw/Cotton/curl_virus/curl0.jpg,,Exact duplicate within the dataset. Retain one deterministic copy and exclude redundant copies.
4,datasets/raw/Cotton/curl_virus/curl45 - Copy.jpg,Cotton,curl_virus,raw,EXCLUDE,datasets/raw/Cotton/curl_virus/curl0.jpg,datasets/raw/Cotton/curl_virus/curl45 - Copy.jpg,Exact duplicate within the dataset. Retain one deterministic copy and exclude redundant copies.
4,datasets/raw/Cotton/curl_virus/curl45.jpg,Cotton,curl_virus,raw,EXCLUDE,datasets/raw/Cotton/curl_virus/curl0.jpg,datasets/raw/Cotton/curl_virus/curl45.jpg,Exact duplicate within the dataset. Retain one deterministic copy and exclude redundant copies.
5,datasets/raw/Cotton/bacterial_blight/bact439.jpg,Cotton,bacterial_blight,raw,KEEP,datasets/raw/Cotton/bacterial_blight/bact439.jpg,,Exact duplicate within the dataset. Retain one deterministic copy and exclude redundant copies.
5,datasets/raw/Cotton/bacterial_blight/bb - Copy.jpg,Cotton,bacterial_blight,raw,EXCLUDE,datasets/raw/Cotton/bacterial_blight/bact439.jpg,datasets/raw/Cotton/bacterial_blight/bb - Copy.jpg,Exact duplicate within the dataset. Retain one deterministic copy and exclude redundant copies.
5,datasets/raw/Cotton/bacterial_blight/bb.jpg,Cotton,bacterial_blight,raw,EXCLUDE,datasets/raw/Cotton/bacterial_blight/bact439.jpg,datasets/raw/Cotton/bacterial_blight/bb.jpg,Exact duplicate within the dataset. Retain one deterministic copy and exclude redundant copies.
6,datasets/raw/Cotton/curl_virus/curl299.jpg,Cotton,curl_virus,raw,KEEP,datasets/raw/Cotton/curl_virus/curl299.jpg,,Exact duplicate within the dataset. Retain one deterministic copy and exclude redundant copies.
6,datasets/raw/Cotton/curl_virus/curl379.jpg,Cotton,curl_virus,raw,EXCLUDE,datasets/raw/Cotton/curl_virus/curl299.jpg,datasets/raw/Cotton/curl_virus/curl379.jpg,Exact duplicate within the dataset. Retain one deterministic copy and exclude redundant copies.
6,datasets/raw/Cotton/curl_virus/curlvirus1.jpg,Cotton,curl_virus,raw,EXCLUDE,datasets/raw/Cotton/curl_virus/curl299.jpg,datasets/raw/Cotton/curl_virus/curlvirus1.jpg,Exact duplicate within the dataset. Retain one deterministic copy and exclude redundant copies.
7,datasets/raw/Cotton/healthy/h277.jpg,Cotton,healthy,raw,KEEP,datasets/raw/Cotton/healthy/h277.jpg,,Exact duplicate within the dataset. Retain one deterministic copy and exclude redundant copies.
7,datasets/raw/Cotton/healthy/h341.jpg,Cotton,healthy,raw,EXCLUDE,datasets/raw/Cotton/healthy/h277.jpg,datasets/raw/Cotton/healthy/h341.jpg,Exact duplicate within the dataset. Retain one deterministic copy and exclude redundant copies.
7,datasets/raw/Cotton/healthy/h399.jpg,Cotton,healthy,raw,EXCLUDE,datasets/raw/Cotton/healthy/h277.jpg,datasets/raw/Cotton/healthy/h399.jpg,Exact duplicate within the dataset. Retain one deterministic copy and exclude redundant copies.
8,datasets/raw/Cotton/curl_virus/curl1 (2).jpg,Cotton,curl_virus,raw,KEEP,datasets/raw/Cotton/curl_virus/curl1 (2).jpg,,Exact duplicate within the dataset. Retain one deterministic copy and exclude redundant copies.
8,datasets/raw/Cotton/curl_virus/curl112.jpg,Cotton,curl_virus,raw,EXCLUDE,datasets/raw/Cotton/curl_virus/curl1 (2).jpg,datasets/raw/Cotton/curl_virus/curl112.jpg,Exact duplicate within the dataset. Retain one deterministic copy and exclude redundant copies.
8,datasets/raw/Cotton/curl_virus/images.jpg,Cotton,curl_virus,raw,EXCLUDE,datasets/raw/Cotton/curl_virus/curl1 (2).jpg,datasets/raw/Cotton/curl_virus/images.jpg,Exact duplicate within the dataset. Retain one deterministic copy and exclude redundant copies.
9,datasets/raw/Cotton/healthy/h388.jpg,Cotton,healthy,raw,KEEP,datasets/raw/Cotton/healthy/h388.jpg,,Exact duplicate within the dataset. Retain one deterministic copy and exclude redundant copies.
9,datasets/raw/Cotton/healthy/h498.jpg,Cotton,healthy,raw,EXCLUDE,datasets/raw/Cotton/healthy/h388.jpg,datasets/raw/Cotton/healthy/h498.jpg,Exact duplicate within the dataset. Retain one deterministic copy and exclude redundant copies.
10,datasets/raw/Cotton/curl_virus/curl43.png,Cotton,curl_virus,raw,KEEP,datasets/raw/Cotton/curl_virus/curl43.png,,Exact duplicate within the dataset. Retain one deterministic copy and exclude redundant copies.
10,datasets/raw/Cotton/curl_virus/curl50.png,Cotton,curl_virus,raw,EXCLUDE,datasets/raw/Cotton/curl_virus/curl43.png,datasets/raw/Cotton/curl_virus/curl50.png,Exact duplicate within the dataset. Retain one deterministic copy and exclude redundant copies.
11,datasets/raw/Banana/OriginalSet/healthy/26.jpeg,Banana,healthy,raw,KEEP,datasets/raw/Banana/OriginalSet/healthy/26.jpeg,,Exact duplicate within the dataset. Retain one deterministic copy and exclude redundant copies.
11,datasets/raw/Banana/OriginalSet/healthy/56.jpeg,Banana,healthy,raw,EXCLUDE,datasets/raw/Banana/OriginalSet/healthy/26.jpeg,datasets/raw/Banana/OriginalSet/healthy/56.jpeg,Exact duplicate within the dataset. Retain one deterministic copy and exclude redundant copies.
12,datasets/raw/Rice/Leaf Blast/IMG_20231018_143750 - Copy.jpg,Rice,Leaf Blast,raw,KEEP,datasets/raw/Rice/Leaf Blast/IMG_20231018_143750 - Copy.jpg,,Exact duplicate within the dataset. Retain one deterministic copy and exclude redundant copies.
12,datasets/raw/Rice/Leaf Blast/IMG_20231018_143750.jpg,Rice,Leaf Blast,raw,EXCLUDE,datasets/raw/Rice/Leaf Blast/IMG_20231018_143750 - Copy.jpg,datasets/raw/Rice/Leaf Blast/IMG_20231018_143750.jpg,Exact duplicate within the dataset. Retain one deterministic copy and exclude redundant copies.
13,datasets/raw/Cotton/healthy/h41.jpg,Cotton,healthy,raw,KEEP,datasets/raw/Cotton/healthy/h41.jpg,,Exact duplicate within the dataset. Retain one deterministic copy and exclude redundant copies.
13,datasets/raw/Cotton/healthy/h42.jpg,Cotton,healthy,raw,EXCLUDE,datasets/raw/Cotton/healthy/h41.jpg,datasets/raw/Cotton/healthy/h42.jpg,Exact duplicate within the dataset. Retain one deterministic copy and exclude redundant copies.
14,datasets/raw/Cotton/curl_virus/curl186.jpg,Cotton,curl_virus,raw,KEEP,datasets/raw/Cotton/curl_virus/curl186.jpg,,Exact duplicate within the dataset. Retain one deterministic copy and exclude redundant copies.
14,datasets/raw/Cotton/curl_virus/curl190.jpg,Cotton,curl_virus,raw,EXCLUDE,datasets/raw/Cotton/curl_virus/curl186.jpg,datasets/raw/Cotton/curl_virus/curl190.jpg,Exact duplicate within the dataset. Retain one deterministic copy and exclude redundant copies.
15,datasets/raw/PlantVillage/Tomato_Late_blight/98586693-fe1f-4ea0-8e27-4501b61cf09b___GHLB_PS Leaf 23.5 Day 13.jpg,PlantVillage,Tomato_Late_blight,raw,KEEP,datasets/raw/PlantVillage/Tomato_Late_blight/98586693-fe1f-4ea0-8e27-4501b61cf09b___GHLB_PS Leaf 23.5 Day 13.jpg,,Exact duplicate within the dataset. Retain one deterministic copy and exclude redundant copies.
15,datasets/raw/PlantVillage/Tomato_Late_blight/c1775bad-7c02-41fb-bb7d-f8df91d60ac3___GHLB_PS Leaf 23.5 Day 13.jpg,PlantVillage,Tomato_Late_blight,raw,EXCLUDE,datasets/raw/PlantVillage/Tomato_Late_blight/98586693-fe1f-4ea0-8e27-4501b61cf09b___GHLB_PS Leaf 23.5 Day 13.jpg,datasets/raw/PlantVillage/Tomato_Late_blight/c1775bad-7c02-41fb-bb7d-f8df91d60ac3___GHLB_PS Leaf 23.5 Day 13.jpg,Exact duplicate within the dataset. Retain one deterministic copy and exclude redundant copies.
16,datasets/raw/PlantDoc/test/Tomato leaf bacterial spot/Tomato leaf bacterial spot (9).jpg,PlantDoc,Tomato leaf bacterial spot,test,EXCLUDE_ALL,,datasets/raw/PlantDoc/test/Tomato leaf bacterial spot/Tomato leaf bacterial spot (9).jpg,Exact duplicate with conflicting source labels. Manual review could not establish a sufficiently reliable label. Exclude from cleaned disease dataset.
16,datasets/raw/PlantDoc/train/Tomato Septoria leaf spot/Tomato Septoria leaf spot (109).jpg,PlantDoc,Tomato Septoria leaf spot,train,EXCLUDE_ALL,,datasets/raw/PlantDoc/train/Tomato Septoria leaf spot/Tomato Septoria leaf spot (109).jpg,Exact duplicate with conflicting source labels. Manual review could not establish a sufficiently reliable label. Exclude from cleaned disease dataset.
17,datasets/raw/Cotton/curl_virus/curl199.jpg,Cotton,curl_virus,raw,KEEP,datasets/raw/Cotton/curl_virus/curl199.jpg,,Exact duplicate within the dataset. Retain one deterministic copy and exclude redundant copies.
17,datasets/raw/Cotton/curl_virus/curl204.jpg,Cotton,curl_virus,raw,EXCLUDE,datasets/raw/Cotton/curl_virus/curl199.jpg,datasets/raw/Cotton/curl_virus/curl204.jpg,Exact duplicate within the dataset. Retain one deterministic copy and exclude redundant copies.
18,datasets/raw/PlantVillage/Tomato_healthy/9662364c-aaba-45e3-b907-10792d60578c___GH_HL Leaf 220.JPG,PlantVillage,Tomato_healthy,raw,KEEP,datasets/raw/PlantVillage/Tomato_healthy/9662364c-aaba-45e3-b907-10792d60578c___GH_HL Leaf 220.JPG,,Exact duplicate within the dataset. Retain one deterministic copy and exclude redundant copies.
18,datasets/raw/PlantVillage/Tomato_healthy/d2ce7896-6fa4-45e6-96c5-d162da0e3e1c___GH_HL Leaf 220.JPG,PlantVillage,Tomato_healthy,raw,EXCLUDE,datasets/raw/PlantVillage/Tomato_healthy/9662364c-aaba-45e3-b907-10792d60578c___GH_HL Leaf 220.JPG,datasets/raw/PlantVillage/Tomato_healthy/d2ce7896-6fa4-45e6-96c5-d162da0e3e1c___GH_HL Leaf 220.JPG,Exact duplicate within the dataset. Retain one deterministic copy and exclude redundant copies.
19,datasets/raw/Cotton/fussarium_wilt/done8.jpg,Cotton,fussarium_wilt,raw,KEEP,datasets/raw/Cotton/fussarium_wilt/done8.jpg,,Exact duplicate within the dataset. Retain one deterministic copy and exclude redundant copies.
19,datasets/raw/Cotton/fussarium_wilt/fus57.jpg,Cotton,fussarium_wilt,raw,EXCLUDE,datasets/raw/Cotton/fussarium_wilt/done8.jpg,datasets/raw/Cotton/fussarium_wilt/fus57.jpg,Exact duplicate within the dataset. Retain one deterministic copy and exclude redundant copies.
20,datasets/raw/Mango/Die Back/20211129_161600 (Custom)(1).jpg,Mango,Die Back,raw,KEEP,datasets/raw/Mango/Die Back/20211129_161600 (Custom)(1).jpg,,Exact duplicate within the dataset. Retain one deterministic copy and exclude redundant copies.
20,datasets/raw/Mango/Die Back/20211129_161600 (Custom).jpg,Mango,Die Back,raw,EXCLUDE,datasets/raw/Mango/Die Back/20211129_161600 (Custom)(1).jpg,datasets/raw/Mango/Die Back/20211129_161600 (Custom).jpg,Exact duplicate within the dataset. Retain one deterministic copy and exclude redundant copies.
21,datasets/raw/PlantVillage/Tomato_Late_blight/48c55974-9fe9-4f4b-94f7-c8cd127d1e05___GHLB_PS Leaf 23.7 Day 13.jpg,PlantVillage,Tomato_Late_blight,raw,KEEP,datasets/raw/PlantVillage/Tomato_Late_blight/48c55974-9fe9-4f4b-94f7-c8cd127d1e05___GHLB_PS Leaf 23.7 Day 13.jpg,,Exact duplicate within the dataset. Retain one deterministic copy and exclude redundant copies.
21,datasets/raw/PlantVillage/Tomato_Late_blight/bd4f09bd-ee85-4ab1-bce0-8cde3fdd7f1b___GHLB_PS Leaf 23.7 Day 13.jpg,PlantVillage,Tomato_Late_blight,raw,EXCLUDE,datasets/raw/PlantVillage/Tomato_Late_blight/48c55974-9fe9-4f4b-94f7-c8cd127d1e05___GHLB_PS Leaf 23.7 Day 13.jpg,datasets/raw/PlantVillage/Tomato_Late_blight/bd4f09bd-ee85-4ab1-bce0-8cde3fdd7f1b___GHLB_PS Leaf 23.7 Day 13.jpg,Exact duplicate within the dataset. Retain one deterministic copy and exclude redundant copies.
22,datasets/raw/Cotton/fussarium_wilt/done16.jpg,Cotton,fussarium_wilt,raw,KEEP,datasets/raw/Cotton/fussarium_wilt/done16.jpg,,Exact duplicate within the dataset. Retain one deterministic copy and exclude redundant copies.
22,datasets/raw/Cotton/fussarium_wilt/fus153.jpg,Cotton,fussarium_wilt,raw,EXCLUDE,datasets/raw/Cotton/fussarium_wilt/done16.jpg,datasets/raw/Cotton/fussarium_wilt/fus153.jpg,Exact duplicate within the dataset. Retain one deterministic copy and exclude redundant copies.
23,datasets/raw/Cotton/curl_virus/curl255.jpg,Cotton,curl_virus,raw,KEEP,datasets/raw/Cotton/curl_virus/curl255.jpg,,Exact duplicate within the dataset. Retain one deterministic copy and exclude redundant copies.
23,datasets/raw/Cotton/curl_virus/curl258.jpg,Cotton,curl_virus,raw,EXCLUDE,datasets/raw/Cotton/curl_virus/curl255.jpg,datasets/raw/Cotton/curl_virus/curl258.jpg,Exact duplicate within the dataset. Retain one deterministic copy and exclude redundant copies.
24,datasets/raw/Cotton/fussarium_wilt/done11.jpg,Cotton,fussarium_wilt,raw,KEEP,datasets/raw/Cotton/fussarium_wilt/done11.jpg,,Exact duplicate within the dataset. Retain one deterministic copy and exclude redundant copies.
24,datasets/raw/Cotton/fussarium_wilt/fus116.jpg,Cotton,fussarium_wilt,raw,EXCLUDE,datasets/raw/Cotton/fussarium_wilt/done11.jpg,datasets/raw/Cotton/fussarium_wilt/fus116.jpg,Exact duplicate within the dataset. Retain one deterministic copy and exclude redundant copies.
25,datasets/raw/Cotton/curl_virus/curl302.jpg,Cotton,curl_virus,raw,KEEP,datasets/raw/Cotton/curl_virus/curl302.jpg,,Exact duplicate within the dataset. Retain one deterministic copy and exclude redundant copies.
25,datasets/raw/Cotton/curl_virus/curl382.jpg,Cotton,curl_virus,raw,EXCLUDE,datasets/raw/Cotton/curl_virus/curl302.jpg,datasets/raw/Cotton/curl_virus/curl382.jpg,Exact duplicate within the dataset. Retain one deterministic copy and exclude redundant copies.
26,datasets/raw/Cotton/healthy/h276.jpg,Cotton,healthy,raw,KEEP,datasets/raw/Cotton/healthy/h276.jpg,,Exact duplicate within the dataset. Retain one deterministic copy and exclude redundant copies.
26,datasets/raw/Cotton/healthy/h398.jpg,Cotton,healthy,raw,EXCLUDE,datasets/raw/Cotton/healthy/h276.jpg,datasets/raw/Cotton/healthy/h398.jpg,Exact duplicate within the dataset. Retain one deterministic copy and exclude redundant copies.
27,datasets/raw/Cotton/curl_virus/curl249 - Copy.jpg,Cotton,curl_virus,raw,KEEP,datasets/raw/Cotton/curl_virus/curl249 - Copy.jpg,,Exact duplicate within the dataset. Retain one deterministic copy and exclude redundant copies.
27,datasets/raw/Cotton/curl_virus/curl249.jpg,Cotton,curl_virus,raw,EXCLUDE,datasets/raw/Cotton/curl_virus/curl249 - Copy.jpg,datasets/raw/Cotton/curl_virus/curl249.jpg,Exact duplicate within the dataset. Retain one deterministic copy and exclude redundant copies.
28,datasets/raw/Cotton/healthy/h294.jpg,Cotton,healthy,raw,KEEP,datasets/raw/Cotton/healthy/h294.jpg,,Exact duplicate within the dataset. Retain one deterministic copy and exclude redundant copies.
28,datasets/raw/Cotton/healthy/h296.jpg,Cotton,healthy,raw,EXCLUDE,datasets/raw/Cotton/healthy/h294.jpg,datasets/raw/Cotton/healthy/h296.jpg,Exact duplicate within the dataset. Retain one deterministic copy and exclude redundant copies.
29,datasets/raw/PlantVillage/Tomato_Late_blight/1a69b38b-c4eb-42c4-9584-bcb14fb8db0c___GHLB2 Leaf 9011.JPG,PlantVillage,Tomato_Late_blight,raw,KEEP,datasets/raw/PlantVillage/Tomato_Late_blight/1a69b38b-c4eb-42c4-9584-bcb14fb8db0c___GHLB2 Leaf 9011.JPG,,Exact duplicate within the dataset. Retain one deterministic copy and exclude redundant copies.
29,datasets/raw/PlantVillage/Tomato_Late_blight/2c47b891-3c97-48f1-a2cc-5aa53d3a1148___GHLB2 Leaf 9011.JPG,PlantVillage,Tomato_Late_blight,raw,EXCLUDE,datasets/raw/PlantVillage/Tomato_Late_blight/1a69b38b-c4eb-42c4-9584-bcb14fb8db0c___GHLB2 Leaf 9011.JPG,datasets/raw/PlantVillage/Tomato_Late_blight/2c47b891-3c97-48f1-a2cc-5aa53d3a1148___GHLB2 Leaf 9011.JPG,Exact duplicate within the dataset. Retain one deterministic copy and exclude redundant copies.
30,datasets/raw/Cotton/bacterial_blight/bact187.png,Cotton,bacterial_blight,raw,KEEP,datasets/raw/Cotton/bacterial_blight/bact187.png,,Exact duplicate within the dataset. Retain one deterministic copy and exclude redundant copies.
30,datasets/raw/Cotton/bacterial_blight/bact256.png,Cotton,bacterial_blight,raw,EXCLUDE,datasets/raw/Cotton/bacterial_blight/bact187.png,datasets/raw/Cotton/bacterial_blight/bact256.png,Exact duplicate within the dataset. Retain one deterministic copy and exclude redundant copies.
31,datasets/raw/Cotton/bacterial_blight/bact188.png,Cotton,bacterial_blight,raw,KEEP,datasets/raw/Cotton/bacterial_blight/bact188.png,,Exact duplicate within the dataset. Retain one deterministic copy and exclude redundant copies.
31,datasets/raw/Cotton/bacterial_blight/bact257.png,Cotton,bacterial_blight,raw,EXCLUDE,datasets/raw/Cotton/bacterial_blight/bact188.png,datasets/raw/Cotton/bacterial_blight/bact257.png,Exact duplicate within the dataset. Retain one deterministic copy and exclude redundant copies.
32,datasets/raw/PlantVillage/Tomato_healthy/1af0bfe1-4bcf-4b8b-be66-5d0953eb647e___GH_HL Leaf 482.2.JPG,PlantVillage,Tomato_healthy,raw,KEEP,datasets/raw/PlantVillage/Tomato_healthy/1af0bfe1-4bcf-4b8b-be66-5d0953eb647e___GH_HL Leaf 482.2.JPG,,Exact duplicate within the dataset. Retain one deterministic copy and exclude redundant copies.
32,datasets/raw/PlantVillage/Tomato_healthy/cfd491d6-4af5-4728-8f0e-0d330a07174a___GH_HL Leaf 482.2.JPG,PlantVillage,Tomato_healthy,raw,EXCLUDE,datasets/raw/PlantVillage/Tomato_healthy/1af0bfe1-4bcf-4b8b-be66-5d0953eb647e___GH_HL Leaf 482.2.JPG,datasets/raw/PlantVillage/Tomato_healthy/cfd491d6-4af5-4728-8f0e-0d330a07174a___GH_HL Leaf 482.2.JPG,Exact duplicate within the dataset. Retain one deterministic copy and exclude redundant copies.
33,datasets/raw/Rice/Leaf Blast/IMG_20231018_143842_1 - Copy.jpg,Rice,Leaf Blast,raw,KEEP,datasets/raw/Rice/Leaf Blast/IMG_20231018_143842_1 - Copy.jpg,,Exact duplicate within the dataset. Retain one deterministic copy and exclude redundant copies.
33,datasets/raw/Rice/Leaf Blast/IMG_20231018_143842_1.jpg,Rice,Leaf Blast,raw,EXCLUDE,datasets/raw/Rice/Leaf Blast/IMG_20231018_143842_1 - Copy.jpg,datasets/raw/Rice/Leaf Blast/IMG_20231018_143842_1.jpg,Exact duplicate within the dataset. Retain one deterministic copy and exclude redundant copies.
34,datasets/raw/Cotton/bacterial_blight/bact180.png,Cotton,bacterial_blight,raw,KEEP,datasets/raw/Cotton/bacterial_blight/bact180.png,,Exact duplicate within the dataset. Retain one deterministic copy and exclude redundant copies.
34,datasets/raw/Cotton/bacterial_blight/bact249.png,Cotton,bacterial_blight,raw,EXCLUDE,datasets/raw/Cotton/bacterial_blight/bact180.png,datasets/raw/Cotton/bacterial_blight/bact249.png,Exact duplicate within the dataset. Retain one deterministic copy and exclude redundant copies.
35,datasets/raw/Cotton/healthy/h301.jpg,Cotton,healthy,raw,KEEP,datasets/raw/Cotton/healthy/h301.jpg,,Exact duplicate within the dataset. Retain one deterministic copy and exclude redundant copies.
35,datasets/raw/Cotton/healthy/h303.jpg,Cotton,healthy,raw,EXCLUDE,datasets/raw/Cotton/healthy/h301.jpg,datasets/raw/Cotton/healthy/h303.jpg,Exact duplicate within the dataset. Retain one deterministic copy and exclude redundant copies.
36,datasets/raw/Cotton/curl_virus/curl307.jpg,Cotton,curl_virus,raw,KEEP,datasets/raw/Cotton/curl_virus/curl307.jpg,,Exact duplicate within the dataset. Retain one deterministic copy and exclude redundant copies.
36,datasets/raw/Cotton/curl_virus/curl91.jpg,Cotton,curl_virus,raw,EXCLUDE,datasets/raw/Cotton/curl_virus/curl307.jpg,datasets/raw/Cotton/curl_virus/curl91.jpg,Exact duplicate within the dataset. Retain one deterministic copy and exclude redundant copies.
37,datasets/raw/Banana/AugmentedSet/healthy/280_aug.jpeg,Banana,healthy,raw,KEEP,datasets/raw/Banana/AugmentedSet/healthy/280_aug.jpeg,,Exact duplicate within the dataset. Retain one deterministic copy and exclude redundant copies.
37,datasets/raw/Banana/AugmentedSet/healthy/281_aug.jpeg,Banana,healthy,raw,EXCLUDE,datasets/raw/Banana/AugmentedSet/healthy/280_aug.jpeg,datasets/raw/Banana/AugmentedSet/healthy/281_aug.jpeg,Exact duplicate within the dataset. Retain one deterministic copy and exclude redundant copies.
38,datasets/raw/Rice/Healthy Rice Leaf/Healthy_rice_leaf (6).jpg,Rice,Healthy Rice Leaf,raw,KEEP,datasets/raw/Rice/Healthy Rice Leaf/Healthy_rice_leaf (6).jpg,,Exact duplicate within the dataset. Retain one deterministic copy and exclude redundant copies.
38,datasets/raw/Rice/Healthy Rice Leaf/Healthy_rice_leaf (7).jpg,Rice,Healthy Rice Leaf,raw,EXCLUDE,datasets/raw/Rice/Healthy Rice Leaf/Healthy_rice_leaf (6).jpg,datasets/raw/Rice/Healthy Rice Leaf/Healthy_rice_leaf (7).jpg,Exact duplicate within the dataset. Retain one deterministic copy and exclude redundant copies.
39,datasets/raw/Cotton/bacterial_blight/bact81.jpg,Cotton,bacterial_blight,raw,KEEP,datasets/raw/Cotton/bacterial_blight/bact81.jpg,,Exact duplicate within the dataset. Retain one deterministic copy and exclude redundant copies.
39,datasets/raw/Cotton/bacterial_blight/bact85.jpg,Cotton,bacterial_blight,raw,EXCLUDE,datasets/raw/Cotton/bacterial_blight/bact81.jpg,datasets/raw/Cotton/bacterial_blight/bact85.jpg,Exact duplicate within the dataset. Retain one deterministic copy and exclude redundant copies.
40,datasets/raw/Cotton/healthy/555.jpg,Cotton,healthy,raw,KEEP,datasets/raw/Cotton/healthy/555.jpg,,Exact duplicate within the dataset. Retain one deterministic copy and exclude redundant copies.
40,datasets/raw/Cotton/healthy/h484.jpg,Cotton,healthy,raw,EXCLUDE,datasets/raw/Cotton/healthy/555.jpg,datasets/raw/Cotton/healthy/h484.jpg,Exact duplicate within the dataset. Retain one deterministic copy and exclude redundant copies.
41,datasets/raw/Cotton/healthy/h447.jpg,Cotton,healthy,raw,KEEP,datasets/raw/Cotton/healthy/h447.jpg,,Exact duplicate within the dataset. Retain one deterministic copy and exclude redundant copies.
41,datasets/raw/Cotton/healthy/h477.jpg,Cotton,healthy,raw,EXCLUDE,datasets/raw/Cotton/healthy/h447.jpg,datasets/raw/Cotton/healthy/h477.jpg,Exact duplicate within the dataset. Retain one deterministic copy and exclude redundant copies.
42,datasets/raw/PlantVillage/Tomato_Late_blight/d6e6897a-5083-4914-9903-804c5684a956___GHLB2 Leaf 102.JPG,PlantVillage,Tomato_Late_blight,raw,KEEP,datasets/raw/PlantVillage/Tomato_Late_blight/d6e6897a-5083-4914-9903-804c5684a956___GHLB2 Leaf 102.JPG,,Exact duplicate within the dataset. Retain one deterministic copy and exclude redundant copies.
42,datasets/raw/PlantVillage/Tomato_Late_blight/d81682aa-746b-4e07-af2b-52ebb6f4c017___GHLB2 Leaf 102.JPG,PlantVillage,Tomato_Late_blight,raw,EXCLUDE,datasets/raw/PlantVillage/Tomato_Late_blight/d6e6897a-5083-4914-9903-804c5684a956___GHLB2 Leaf 102.JPG,datasets/raw/PlantVillage/Tomato_Late_blight/d81682aa-746b-4e07-af2b-52ebb6f4c017___GHLB2 Leaf 102.JPG,Exact duplicate within the dataset. Retain one deterministic copy and exclude redundant copies.
43,datasets/raw/Rice/Brown Spot/IMG_20231018_143712 - Copy.jpg,Rice,Brown Spot,raw,KEEP,datasets/raw/Rice/Brown Spot/IMG_20231018_143712 - Copy.jpg,,Exact duplicate within the dataset. Retain one deterministic copy and exclude redundant copies.
43,datasets/raw/Rice/Brown Spot/IMG_20231018_143712.jpg,Rice,Brown Spot,raw,EXCLUDE,datasets/raw/Rice/Brown Spot/IMG_20231018_143712 - Copy.jpg,datasets/raw/Rice/Brown Spot/IMG_20231018_143712.jpg,Exact duplicate within the dataset. Retain one deterministic copy and exclude redundant copies.
44,datasets/raw/Cotton/bacterial_blight/leaf-blight-7-13-16-225x300 - Copy.jpg,Cotton,bacterial_blight,raw,KEEP,datasets/raw/Cotton/bacterial_blight/leaf-blight-7-13-16-225x300 - Copy.jpg,,Exact duplicate within the dataset. Retain one deterministic copy and exclude redundant copies.
44,datasets/raw/Cotton/bacterial_blight/leaf-blight-7-13-16-225x300.jpg,Cotton,bacterial_blight,raw,EXCLUDE,datasets/raw/Cotton/bacterial_blight/leaf-blight-7-13-16-225x300 - Copy.jpg,datasets/raw/Cotton/bacterial_blight/leaf-blight-7-13-16-225x300.jpg,Exact duplicate within the dataset. Retain one deterministic copy and exclude redundant copies.
45,datasets/raw/Mango/Anthracnose/20211011_170717 (Custom).jpg,Mango,Anthracnose,raw,KEEP,datasets/raw/Mango/Anthracnose/20211011_170717 (Custom).jpg,,Exact duplicate within the dataset. Retain one deterministic copy and exclude redundant copies.
45,datasets/raw/Mango/Anthracnose/20211011_170717 - Copy - Copy - Copy (Custom).jpg,Mango,Anthracnose,raw,EXCLUDE,datasets/raw/Mango/Anthracnose/20211011_170717 (Custom).jpg,datasets/raw/Mango/Anthracnose/20211011_170717 - Copy - Copy - Copy (Custom).jpg,Exact duplicate within the dataset. Retain one deterministic copy and exclude redundant copies.
46,datasets/raw/Banana/AugmentedSet/cordana/20_aug.jpeg,Banana,cordana,raw,KEEP,datasets/raw/Banana/AugmentedSet/cordana/20_aug.jpeg,,Exact duplicate within the dataset. Retain one deterministic copy and exclude redundant copies.
46,datasets/raw/Banana/AugmentedSet/cordana/21_aug.jpeg,Banana,cordana,raw,EXCLUDE,datasets/raw/Banana/AugmentedSet/cordana/20_aug.jpeg,datasets/raw/Banana/AugmentedSet/cordana/21_aug.jpeg,Exact duplicate within the dataset. Retain one deterministic copy and exclude redundant copies.
47,datasets/raw/Mango/Anthracnose/IMG_20211011_140557 (Custom).jpg,Mango,Anthracnose,raw,KEEP,datasets/raw/Mango/Anthracnose/IMG_20211011_140557 (Custom).jpg,,Exact duplicate within the dataset. Retain one deterministic copy and exclude redundant copies.
47,datasets/raw/Mango/Anthracnose/IMG_20211011_140557 - Copy (Custom).jpg,Mango,Anthracnose,raw,EXCLUDE,datasets/raw/Mango/Anthracnose/IMG_20211011_140557 (Custom).jpg,datasets/raw/Mango/Anthracnose/IMG_20211011_140557 - Copy (Custom).jpg,Exact duplicate within the dataset. Retain one deterministic copy and exclude redundant copies.
48,datasets/raw/Cotton/curl_virus/curl163.jpg,Cotton,curl_virus,raw,KEEP,datasets/raw/Cotton/curl_virus/curl163.jpg,,Exact duplicate within the dataset. Retain one deterministic copy and exclude redundant copies.
48,datasets/raw/Cotton/curl_virus/curl372.jpg,Cotton,curl_virus,raw,EXCLUDE,datasets/raw/Cotton/curl_virus/curl163.jpg,datasets/raw/Cotton/curl_virus/curl372.jpg,Exact duplicate within the dataset. Retain one deterministic copy and exclude redundant copies.
49,datasets/raw/Cotton/curl_virus/curl164.jpg,Cotton,curl_virus,raw,KEEP,datasets/raw/Cotton/curl_virus/curl164.jpg,,Exact duplicate within the dataset. Retain one deterministic copy and exclude redundant copies.
49,datasets/raw/Cotton/curl_virus/curl373.jpg,Cotton,curl_virus,raw,EXCLUDE,datasets/raw/Cotton/curl_virus/curl164.jpg,datasets/raw/Cotton/curl_virus/curl373.jpg,Exact duplicate within the dataset. Retain one deterministic copy and exclude redundant copies.
50,datasets/raw/PlantDoc/test/Corn leaf blight/Corn leaf blight (10).jpg,PlantDoc,Corn leaf blight,test,EXCLUDE_ALL,,datasets/raw/PlantDoc/test/Corn leaf blight/Corn leaf blight (10).jpg,Exact duplicate with conflicting source labels. Manual review could not establish a sufficiently reliable label. Exclude from cleaned disease dataset.
50,datasets/raw/PlantDoc/train/Corn Gray leaf spot/Corn Gray leaf spot (20).jpg,PlantDoc,Corn Gray leaf spot,train,EXCLUDE_ALL,,datasets/raw/PlantDoc/train/Corn Gray leaf spot/Corn Gray leaf spot (20).jpg,Exact duplicate with conflicting source labels. Manual review could not establish a sufficiently reliable label. Exclude from cleaned disease dataset.
51,datasets/raw/Banana/AugmentedSet/healthy/86_aug.jpeg,Banana,healthy,raw,KEEP,datasets/raw/Banana/AugmentedSet/healthy/86_aug.jpeg,,Exact duplicate within the dataset. Retain one deterministic copy and exclude redundant copies.
51,datasets/raw/Banana/AugmentedSet/healthy/90_aug.jpeg,Banana,healthy,raw,EXCLUDE,datasets/raw/Banana/AugmentedSet/healthy/86_aug.jpeg,datasets/raw/Banana/AugmentedSet/healthy/90_aug.jpeg,Exact duplicate within the dataset. Retain one deterministic copy and exclude redundant copies.
52,datasets/raw/PlantVillage/Tomato_healthy/37aad83b-7ff8-4b35-b3ed-fb8e0f54910b___GH_HL Leaf 342.1.JPG,PlantVillage,Tomato_healthy,raw,KEEP,datasets/raw/PlantVillage/Tomato_healthy/37aad83b-7ff8-4b35-b3ed-fb8e0f54910b___GH_HL Leaf 342.1.JPG,,Exact duplicate within the dataset. Retain one deterministic copy and exclude redundant copies.
52,datasets/raw/PlantVillage/Tomato_healthy/e786ac89-29fe-47e3-b49e-b9a9ee7edd9d___GH_HL Leaf 342.1.JPG,PlantVillage,Tomato_healthy,raw,EXCLUDE,datasets/raw/PlantVillage/Tomato_healthy/37aad83b-7ff8-4b35-b3ed-fb8e0f54910b___GH_HL Leaf 342.1.JPG,datasets/raw/PlantVillage/Tomato_healthy/e786ac89-29fe-47e3-b49e-b9a9ee7edd9d___GH_HL Leaf 342.1.JPG,Exact duplicate within the dataset. Retain one deterministic copy and exclude redundant copies.
53,datasets/raw/Cotton/fussarium_wilt/FOV4-leaf-symptoms-courtesy-UC-Davis_468x351.jpg,Cotton,fussarium_wilt,raw,KEEP,datasets/raw/Cotton/fussarium_wilt/FOV4-leaf-symptoms-courtesy-UC-Davis_468x351.jpg,,Exact duplicate within the dataset. Retain one deterministic copy and exclude redundant copies.
53,datasets/raw/Cotton/fussarium_wilt/done21.jpg,Cotton,fussarium_wilt,raw,EXCLUDE,datasets/raw/Cotton/fussarium_wilt/FOV4-leaf-symptoms-courtesy-UC-Davis_468x351.jpg,datasets/raw/Cotton/fussarium_wilt/done21.jpg,Exact duplicate within the dataset. Retain one deterministic copy and exclude redundant copies.
54,datasets/raw/Banana/OriginalSet/healthy/122.jpeg,Banana,healthy,raw,EXCLUDE_ALL,,datasets/raw/Banana/OriginalSet/healthy/122.jpeg,Exact duplicate with conflicting source labels. Manual review could not establish a sufficiently reliable label. Exclude from cleaned disease dataset.
54,datasets/raw/Banana/OriginalSet/pestalotiopsis/78.jpeg,Banana,pestalotiopsis,raw,EXCLUDE_ALL,,datasets/raw/Banana/OriginalSet/pestalotiopsis/78.jpeg,Exact duplicate with conflicting source labels. Manual review could not establish a sufficiently reliable label. Exclude from cleaned disease dataset.
55,datasets/raw/Cotton/healthy/h279.jpg,Cotton,healthy,raw,KEEP,datasets/raw/Cotton/healthy/h279.jpg,,Exact duplicate within the dataset. Retain one deterministic copy and exclude redundant copies.
55,datasets/raw/Cotton/healthy/h395.jpg,Cotton,healthy,raw,EXCLUDE,datasets/raw/Cotton/healthy/h279.jpg,datasets/raw/Cotton/healthy/h395.jpg,Exact duplicate within the dataset. Retain one deterministic copy and exclude redundant copies.
56,datasets/raw/Cotton/fussarium_wilt/done19.jpg,Cotton,fussarium_wilt,raw,KEEP,datasets/raw/Cotton/fussarium_wilt/done19.jpg,,Exact duplicate within the dataset. Retain one deterministic copy and exclude redundant copies.
56,datasets/raw/Cotton/fussarium_wilt/fus175.jpg,Cotton,fussarium_wilt,raw,EXCLUDE,datasets/raw/Cotton/fussarium_wilt/done19.jpg,datasets/raw/Cotton/fussarium_wilt/fus175.jpg,Exact duplicate within the dataset. Retain one deterministic copy and exclude redundant copies.
57,datasets/raw/Cotton/bacterial_blight/P1010086jpg - Copy.jpg,Cotton,bacterial_blight,raw,KEEP,datasets/raw/Cotton/bacterial_blight/P1010086jpg - Copy.jpg,,Exact duplicate within the dataset. Retain one deterministic copy and exclude redundant copies.
57,datasets/raw/Cotton/bacterial_blight/P1010086jpg.jpg,Cotton,bacterial_blight,raw,EXCLUDE,datasets/raw/Cotton/bacterial_blight/P1010086jpg - Copy.jpg,datasets/raw/Cotton/bacterial_blight/P1010086jpg.jpg,Exact duplicate within the dataset. Retain one deterministic copy and exclude redundant copies.
58,datasets/raw/Cotton/healthy/h350.jpg,Cotton,healthy,raw,KEEP,datasets/raw/Cotton/healthy/h350.jpg,,Exact duplicate within the dataset. Retain one deterministic copy and exclude redundant copies.
58,datasets/raw/Cotton/healthy/h354.jpg,Cotton,healthy,raw,EXCLUDE,datasets/raw/Cotton/healthy/h350.jpg,datasets/raw/Cotton/healthy/h354.jpg,Exact duplicate within the dataset. Retain one deterministic copy and exclude redundant copies.
59,datasets/raw/Cotton/healthy/h219.png,Cotton,healthy,raw,KEEP,datasets/raw/Cotton/healthy/h219.png,,Exact duplicate within the dataset. Retain one deterministic copy and exclude redundant copies.
59,datasets/raw/Cotton/healthy/h220.png,Cotton,healthy,raw,EXCLUDE,datasets/raw/Cotton/healthy/h219.png,datasets/raw/Cotton/healthy/h220.png,Exact duplicate within the dataset. Retain one deterministic copy and exclude redundant copies.
60,datasets/raw/Cotton/fussarium_wilt/done17.jpg,Cotton,fussarium_wilt,raw,KEEP,datasets/raw/Cotton/fussarium_wilt/done17.jpg,,Exact duplicate within the dataset. Retain one deterministic copy and exclude redundant copies.
60,datasets/raw/Cotton/fussarium_wilt/fus159.jpg,Cotton,fussarium_wilt,raw,EXCLUDE,datasets/raw/Cotton/fussarium_wilt/done17.jpg,datasets/raw/Cotton/fussarium_wilt/fus159.jpg,Exact duplicate within the dataset. Retain one deterministic copy and exclude redundant copies.
61,datasets/raw/Cotton/curl_virus/curl127.jpg,Cotton,curl_virus,raw,KEEP,datasets/raw/Cotton/curl_virus/curl127.jpg,,Exact duplicate within the dataset. Retain one deterministic copy and exclude redundant copies.
61,datasets/raw/Cotton/curl_virus/curl131.jpg,Cotton,curl_virus,raw,EXCLUDE,datasets/raw/Cotton/curl_virus/curl127.jpg,datasets/raw/Cotton/curl_virus/curl131.jpg,Exact duplicate within the dataset. Retain one deterministic copy and exclude redundant copies.
62,datasets/raw/Cotton/healthy/h137.jpg,Cotton,healthy,raw,KEEP,datasets/raw/Cotton/healthy/h137.jpg,,Exact duplicate within the dataset. Retain one deterministic copy and exclude redundant copies.
62,datasets/raw/Cotton/healthy/h140.jpg,Cotton,healthy,raw,EXCLUDE,datasets/raw/Cotton/healthy/h137.jpg,datasets/raw/Cotton/healthy/h140.jpg,Exact duplicate within the dataset. Retain one deterministic copy and exclude redundant copies.
63,datasets/raw/Rice/Brown Spot/Brown_spot (135).jpg,Rice,Brown Spot,raw,KEEP,datasets/raw/Rice/Brown Spot/Brown_spot (135).jpg,,Exact duplicate within the dataset. Retain one deterministic copy and exclude redundant copies.
63,datasets/raw/Rice/Brown Spot/Brown_spot (136).jpg,Rice,Brown Spot,raw,EXCLUDE,datasets/raw/Rice/Brown Spot/Brown_spot (135).jpg,datasets/raw/Rice/Brown Spot/Brown_spot (136).jpg,Exact duplicate within the dataset. Retain one deterministic copy and exclude redundant copies.
64,datasets/raw/Banana/AugmentedSet/cordana/128_aug.jpeg,Banana,cordana,raw,KEEP,datasets/raw/Banana/AugmentedSet/cordana/128_aug.jpeg,,Exact duplicate within the dataset. Retain one deterministic copy and exclude redundant copies.
64,datasets/raw/Banana/AugmentedSet/cordana/129_aug.jpeg,Banana,cordana,raw,EXCLUDE,datasets/raw/Banana/AugmentedSet/cordana/128_aug.jpeg,datasets/raw/Banana/AugmentedSet/cordana/129_aug.jpeg,Exact duplicate within the dataset. Retain one deterministic copy and exclude redundant copies.
65,datasets/raw/Cotton/fussarium_wilt/done9.jpg,Cotton,fussarium_wilt,raw,KEEP,datasets/raw/Cotton/fussarium_wilt/done9.jpg,,Exact duplicate within the dataset. Retain one deterministic copy and exclude redundant copies.
65,datasets/raw/Cotton/fussarium_wilt/fus72.jpg,Cotton,fussarium_wilt,raw,EXCLUDE,datasets/raw/Cotton/fussarium_wilt/done9.jpg,datasets/raw/Cotton/fussarium_wilt/fus72.jpg,Exact duplicate within the dataset. Retain one deterministic copy and exclude redundant copies.
66,datasets/raw/Mango/Anthracnose/20211011_170706 (Custom).jpg,Mango,Anthracnose,raw,KEEP,datasets/raw/Mango/Anthracnose/20211011_170706 (Custom).jpg,,Exact duplicate within the dataset. Retain one deterministic copy and exclude redundant copies.
66,datasets/raw/Mango/Anthracnose/20211011_170706 - Copy - Copy - Copy (Custom).jpg,Mango,Anthracnose,raw,EXCLUDE,datasets/raw/Mango/Anthracnose/20211011_170706 (Custom).jpg,datasets/raw/Mango/Anthracnose/20211011_170706 - Copy - Copy - Copy (Custom).jpg,Exact duplicate within the dataset. Retain one deterministic copy and exclude redundant copies.
67,datasets/raw/Banana/OriginalSet/healthy/25.jpeg,Banana,healthy,raw,KEEP,datasets/raw/Banana/OriginalSet/healthy/25.jpeg,,Exact duplicate within the dataset. Retain one deterministic copy and exclude redundant copies.
67,datasets/raw/Banana/OriginalSet/healthy/55.jpeg,Banana,healthy,raw,EXCLUDE,datasets/raw/Banana/OriginalSet/healthy/25.jpeg,datasets/raw/Banana/OriginalSet/healthy/55.jpeg,Exact duplicate within the dataset. Retain one deterministic copy and exclude redundant copies.
68,datasets/raw/PlantDoc/train/Potato leaf early blight/Potato leaf early blight (14).jpg,PlantDoc,Potato leaf early blight,train,EXCLUDE_ALL,,datasets/raw/PlantDoc/train/Potato leaf early blight/Potato leaf early blight (14).jpg,Exact duplicate with conflicting source labels. Manual review could not establish a sufficiently reliable label. Exclude from cleaned disease dataset.
68,datasets/raw/PlantDoc/train/Potato leaf late blight/Potato leaf late blight (11).jpg,PlantDoc,Potato leaf late blight,train,EXCLUDE_ALL,,datasets/raw/PlantDoc/train/Potato leaf late blight/Potato leaf late blight (11).jpg,Exact duplicate with conflicting source labels. Manual review could not establish a sufficiently reliable label. Exclude from cleaned disease dataset.
69,datasets/raw/Banana/OriginalSet/healthy/105.jpeg,Banana,healthy,raw,KEEP,datasets/raw/Banana/OriginalSet/healthy/105.jpeg,,Exact duplicate within the dataset. Retain one deterministic copy and exclude redundant copies.
69,datasets/raw/Banana/OriginalSet/healthy/11.jpeg,Banana,healthy,raw,EXCLUDE,datasets/raw/Banana/OriginalSet/healthy/105.jpeg,datasets/raw/Banana/OriginalSet/healthy/11.jpeg,Exact duplicate within the dataset. Retain one deterministic copy and exclude redundant copies.
70,datasets/raw/Banana/OriginalSet/healthy/1.jpeg,Banana,healthy,raw,KEEP,datasets/raw/Banana/OriginalSet/healthy/1.jpeg,,Exact duplicate within the dataset. Retain one deterministic copy and exclude redundant copies.
70,datasets/raw/Banana/OriginalSet/healthy/109.jpeg,Banana,healthy,raw,EXCLUDE,datasets/raw/Banana/OriginalSet/healthy/1.jpeg,datasets/raw/Banana/OriginalSet/healthy/109.jpeg,Exact duplicate within the dataset. Retain one deterministic copy and exclude redundant copies.
71,datasets/raw/Cotton/fussarium_wilt/done14.jpg,Cotton,fussarium_wilt,raw,KEEP,datasets/raw/Cotton/fussarium_wilt/done14.jpg,,Exact duplicate within the dataset. Retain one deterministic copy and exclude redundant copies.
71,datasets/raw/Cotton/fussarium_wilt/fus136.jpg,Cotton,fussarium_wilt,raw,EXCLUDE,datasets/raw/Cotton/fussarium_wilt/done14.jpg,datasets/raw/Cotton/fussarium_wilt/fus136.jpg,Exact duplicate within the dataset. Retain one deterministic copy and exclude redundant copies.
72,datasets/raw/Banana/OriginalSet/healthy/40.jpeg,Banana,healthy,raw,KEEP,datasets/raw/Banana/OriginalSet/healthy/40.jpeg,,Exact duplicate within the dataset. Retain one deterministic copy and exclude redundant copies.
72,datasets/raw/Banana/OriginalSet/healthy/7.jpeg,Banana,healthy,raw,EXCLUDE,datasets/raw/Banana/OriginalSet/healthy/40.jpeg,datasets/raw/Banana/OriginalSet/healthy/7.jpeg,Exact duplicate within the dataset. Retain one deterministic copy and exclude redundant copies.
73,datasets/raw/Cotton/healthy/h125.jpg,Cotton,healthy,raw,KEEP,datasets/raw/Cotton/healthy/h125.jpg,,Exact duplicate within the dataset. Retain one deterministic copy and exclude redundant copies.
73,datasets/raw/Cotton/healthy/h130.jpg,Cotton,healthy,raw,EXCLUDE,datasets/raw/Cotton/healthy/h125.jpg,datasets/raw/Cotton/healthy/h130.jpg,Exact duplicate within the dataset. Retain one deterministic copy and exclude redundant copies.
74,datasets/raw/Cotton/curl_virus/curl301.jpg,Cotton,curl_virus,raw,KEEP,datasets/raw/Cotton/curl_virus/curl301.jpg,,Exact duplicate within the dataset. Retain one deterministic copy and exclude redundant copies.
74,datasets/raw/Cotton/curl_virus/curl381.jpg,Cotton,curl_virus,raw,EXCLUDE,datasets/raw/Cotton/curl_virus/curl301.jpg,datasets/raw/Cotton/curl_virus/curl381.jpg,Exact duplicate within the dataset. Retain one deterministic copy and exclude redundant copies.
75,datasets/raw/Cotton/curl_virus/curl155.jpg,Cotton,curl_virus,raw,KEEP,datasets/raw/Cotton/curl_virus/curl155.jpg,,Exact duplicate within the dataset. Retain one deterministic copy and exclude redundant copies.
75,datasets/raw/Cotton/curl_virus/curl214.jpg,Cotton,curl_virus,raw,EXCLUDE,datasets/raw/Cotton/curl_virus/curl155.jpg,datasets/raw/Cotton/curl_virus/curl214.jpg,Exact duplicate within the dataset. Retain one deterministic copy and exclude redundant copies.
76,datasets/raw/Banana/OriginalSet/healthy/125.jpeg,Banana,healthy,raw,KEEP,datasets/raw/Banana/OriginalSet/healthy/125.jpeg,,Exact duplicate within the dataset. Retain one deterministic copy and exclude redundant copies.
76,datasets/raw/Banana/OriginalSet/healthy/31.jpeg,Banana,healthy,raw,EXCLUDE,datasets/raw/Banana/OriginalSet/healthy/125.jpeg,datasets/raw/Banana/OriginalSet/healthy/31.jpeg,Exact duplicate within the dataset. Retain one deterministic copy and exclude redundant copies.
77,datasets/raw/Cotton/healthy/h378.png,Cotton,healthy,raw,KEEP,datasets/raw/Cotton/healthy/h378.png,,Exact duplicate within the dataset. Retain one deterministic copy and exclude redundant copies.
77,datasets/raw/Cotton/healthy/h484.png,Cotton,healthy,raw,EXCLUDE,datasets/raw/Cotton/healthy/h378.png,datasets/raw/Cotton/healthy/h484.png,Exact duplicate within the dataset. Retain one deterministic copy and exclude redundant copies.
78,datasets/raw/Banana/OriginalSet/healthy/27.jpeg,Banana,healthy,raw,KEEP,datasets/raw/Banana/OriginalSet/healthy/27.jpeg,,Exact duplicate within the dataset. Retain one deterministic copy and exclude redundant copies.
78,datasets/raw/Banana/OriginalSet/healthy/57.jpeg,Banana,healthy,raw,EXCLUDE,datasets/raw/Banana/OriginalSet/healthy/27.jpeg,datasets/raw/Banana/OriginalSet/healthy/57.jpeg,Exact duplicate within the dataset. Retain one deterministic copy and exclude redundant copies.
79,datasets/raw/Cotton/curl_virus/curl308.jpg,Cotton,curl_virus,raw,KEEP,datasets/raw/Cotton/curl_virus/curl308.jpg,,Exact duplicate within the dataset. Retain one deterministic copy and exclude redundant copies.
79,datasets/raw/Cotton/curl_virus/curl92.jpg,Cotton,curl_virus,raw,EXCLUDE,datasets/raw/Cotton/curl_virus/curl308.jpg,datasets/raw/Cotton/curl_virus/curl92.jpg,Exact duplicate within the dataset. Retain one deterministic copy and exclude redundant copies.
80,datasets/raw/Cotton/healthy/h57.jpg,Cotton,healthy,raw,KEEP,datasets/raw/Cotton/healthy/h57.jpg,,Exact duplicate within the dataset. Retain one deterministic copy and exclude redundant copies.
80,datasets/raw/Cotton/healthy/h58.jpg,Cotton,healthy,raw,EXCLUDE,datasets/raw/Cotton/healthy/h57.jpg,datasets/raw/Cotton/healthy/h58.jpg,Exact duplicate within the dataset. Retain one deterministic copy and exclude redundant copies.
81,datasets/raw/Cotton/curl_virus/curl300.jpg,Cotton,curl_virus,raw,KEEP,datasets/raw/Cotton/curl_virus/curl300.jpg,,Exact duplicate within the dataset. Retain one deterministic copy and exclude redundant copies.
81,datasets/raw/Cotton/curl_virus/curl380.jpg,Cotton,curl_virus,raw,EXCLUDE,datasets/raw/Cotton/curl_virus/curl300.jpg,datasets/raw/Cotton/curl_virus/curl380.jpg,Exact duplicate within the dataset. Retain one deterministic copy and exclude redundant copies.
82,datasets/raw/Banana/OriginalSet/healthy/127.jpeg,Banana,healthy,raw,KEEP,datasets/raw/Banana/OriginalSet/healthy/127.jpeg,,Exact duplicate within the dataset. Retain one deterministic copy and exclude redundant copies.
82,datasets/raw/Banana/OriginalSet/healthy/22.jpeg,Banana,healthy,raw,EXCLUDE,datasets/raw/Banana/OriginalSet/healthy/127.jpeg,datasets/raw/Banana/OriginalSet/healthy/22.jpeg,Exact duplicate within the dataset. Retain one deterministic copy and exclude redundant copies.
83,datasets/raw/Cotton/curl_virus/curl115.jpg,Cotton,curl_virus,raw,KEEP,datasets/raw/Cotton/curl_virus/curl115.jpg,,Exact duplicate within the dataset. Retain one deterministic copy and exclude redundant copies.
83,datasets/raw/Cotton/curl_virus/curl117.jpg,Cotton,curl_virus,raw,EXCLUDE,datasets/raw/Cotton/curl_virus/curl115.jpg,datasets/raw/Cotton/curl_virus/curl117.jpg,Exact duplicate within the dataset. Retain one deterministic copy and exclude redundant copies.
84,datasets/raw/Rice/Leaf Blast/IMG_20231018_143753 - Copy.jpg,Rice,Leaf Blast,raw,KEEP,datasets/raw/Rice/Leaf Blast/IMG_20231018_143753 - Copy.jpg,,Exact duplicate within the dataset. Retain one deterministic copy and exclude redundant copies.
84,datasets/raw/Rice/Leaf Blast/IMG_20231018_143753.jpg,Rice,Leaf Blast,raw,EXCLUDE,datasets/raw/Rice/Leaf Blast/IMG_20231018_143753 - Copy.jpg,datasets/raw/Rice/Leaf Blast/IMG_20231018_143753.jpg,Exact duplicate within the dataset. Retain one deterministic copy and exclude redundant copies.
85,datasets/raw/Banana/OriginalSet/healthy/29.jpeg,Banana,healthy,raw,KEEP,datasets/raw/Banana/OriginalSet/healthy/29.jpeg,,Exact duplicate within the dataset. Retain one deterministic copy and exclude redundant copies.
85,datasets/raw/Banana/OriginalSet/healthy/51.jpeg,Banana,healthy,raw,EXCLUDE,datasets/raw/Banana/OriginalSet/healthy/29.jpeg,datasets/raw/Banana/OriginalSet/healthy/51.jpeg,Exact duplicate within the dataset. Retain one deterministic copy and exclude redundant copies.
86,datasets/raw/PlantVillage/Tomato_Late_blight/5f21282c-e2ef-4c4a-ace1-b5701fe7effc___GHLB2 Leaf 8999.JPG,PlantVillage,Tomato_Late_blight,raw,KEEP,datasets/raw/PlantVillage/Tomato_Late_blight/5f21282c-e2ef-4c4a-ace1-b5701fe7effc___GHLB2 Leaf 8999.JPG,,Exact duplicate within the dataset. Retain one deterministic copy and exclude redundant copies.
86,datasets/raw/PlantVillage/Tomato_Late_blight/e5d707cd-077c-43af-bda9-6138e516ff51___GHLB2 Leaf 8999.JPG,PlantVillage,Tomato_Late_blight,raw,EXCLUDE,datasets/raw/PlantVillage/Tomato_Late_blight/5f21282c-e2ef-4c4a-ace1-b5701fe7effc___GHLB2 Leaf 8999.JPG,datasets/raw/PlantVillage/Tomato_Late_blight/e5d707cd-077c-43af-bda9-6138e516ff51___GHLB2 Leaf 8999.JPG,Exact duplicate within the dataset. Retain one deterministic copy and exclude redundant copies.
87,datasets/raw/Cotton/curl_virus/curl103.jpg,Cotton,curl_virus,raw,KEEP,datasets/raw/Cotton/curl_virus/curl103.jpg,,Exact duplicate within the dataset. Retain one deterministic copy and exclude redundant copies.
87,datasets/raw/Cotton/curl_virus/curl105.jpg,Cotton,curl_virus,raw,EXCLUDE,datasets/raw/Cotton/curl_virus/curl103.jpg,datasets/raw/Cotton/curl_virus/curl105.jpg,Exact duplicate within the dataset. Retain one deterministic copy and exclude redundant copies.
88,datasets/raw/Banana/OriginalSet/healthy/48.jpeg,Banana,healthy,raw,KEEP,datasets/raw/Banana/OriginalSet/healthy/48.jpeg,,Exact duplicate within the dataset. Retain one deterministic copy and exclude redundant copies.
88,datasets/raw/Banana/OriginalSet/healthy/89.jpeg,Banana,healthy,raw,EXCLUDE,datasets/raw/Banana/OriginalSet/healthy/48.jpeg,datasets/raw/Banana/OriginalSet/healthy/89.jpeg,Exact duplicate within the dataset. Retain one deterministic copy and exclude redundant copies.
89,datasets/raw/Banana/OriginalSet/healthy/123.jpeg,Banana,healthy,raw,KEEP,datasets/raw/Banana/OriginalSet/healthy/123.jpeg,,Exact duplicate within the dataset. Retain one deterministic copy and exclude redundant copies.
89,datasets/raw/Banana/OriginalSet/healthy/4.jpeg,Banana,healthy,raw,EXCLUDE,datasets/raw/Banana/OriginalSet/healthy/123.jpeg,datasets/raw/Banana/OriginalSet/healthy/4.jpeg,Exact duplicate within the dataset. Retain one deterministic copy and exclude redundant copies.
90,datasets/raw/Mango/Die Back/20211129_161616 (Custom)(1).jpg,Mango,Die Back,raw,KEEP,datasets/raw/Mango/Die Back/20211129_161616 (Custom)(1).jpg,,Exact duplicate within the dataset. Retain one deterministic copy and exclude redundant copies.
90,datasets/raw/Mango/Die Back/20211129_161616 (Custom).jpg,Mango,Die Back,raw,EXCLUDE,datasets/raw/Mango/Die Back/20211129_161616 (Custom)(1).jpg,datasets/raw/Mango/Die Back/20211129_161616 (Custom).jpg,Exact duplicate within the dataset. Retain one deterministic copy and exclude redundant copies.
91,datasets/raw/Mango/Anthracnose/IMG_20211011_140624 (Custom).jpg,Mango,Anthracnose,raw,KEEP,datasets/raw/Mango/Anthracnose/IMG_20211011_140624 (Custom).jpg,,Exact duplicate within the dataset. Retain one deterministic copy and exclude redundant copies.
91,datasets/raw/Mango/Anthracnose/IMG_20211011_140624 - Copy (Custom).jpg,Mango,Anthracnose,raw,EXCLUDE,datasets/raw/Mango/Anthracnose/IMG_20211011_140624 (Custom).jpg,datasets/raw/Mango/Anthracnose/IMG_20211011_140624 - Copy (Custom).jpg,Exact duplicate within the dataset. Retain one deterministic copy and exclude redundant copies.
92,datasets/raw/Cotton/healthy/h177.jpg,Cotton,healthy,raw,KEEP,datasets/raw/Cotton/healthy/h177.jpg,,Exact duplicate within the dataset. Retain one deterministic copy and exclude redundant copies.
92,datasets/raw/Cotton/healthy/h179.jpg,Cotton,healthy,raw,EXCLUDE,datasets/raw/Cotton/healthy/h177.jpg,datasets/raw/Cotton/healthy/h179.jpg,Exact duplicate within the dataset. Retain one deterministic copy and exclude redundant copies.
93,datasets/raw/Mango/Anthracnose/IMG_20211011_140304 (Custom).jpg,Mango,Anthracnose,raw,KEEP,datasets/raw/Mango/Anthracnose/IMG_20211011_140304 (Custom).jpg,,Exact duplicate within the dataset. Retain one deterministic copy and exclude redundant copies.
93,datasets/raw/Mango/Anthracnose/IMG_20211011_140304 - Copy (Custom).jpg,Mango,Anthracnose,raw,EXCLUDE,datasets/raw/Mango/Anthracnose/IMG_20211011_140304 (Custom).jpg,datasets/raw/Mango/Anthracnose/IMG_20211011_140304 - Copy (Custom).jpg,Exact duplicate within the dataset. Retain one deterministic copy and exclude redundant copies.
94,datasets/raw/Rice/Leaf Blast/IMG_20231018_143840 - Copy.jpg,Rice,Leaf Blast,raw,KEEP,datasets/raw/Rice/Leaf Blast/IMG_20231018_143840 - Copy.jpg,,Exact duplicate within the dataset. Retain one deterministic copy and exclude redundant copies.
94,datasets/raw/Rice/Leaf Blast/IMG_20231018_143840.jpg,Rice,Leaf Blast,raw,EXCLUDE,datasets/raw/Rice/Leaf Blast/IMG_20231018_143840 - Copy.jpg,datasets/raw/Rice/Leaf Blast/IMG_20231018_143840.jpg,Exact duplicate within the dataset. Retain one deterministic copy and exclude redundant copies.
95,datasets/raw/Cotton/healthy/h318.jpg,Cotton,healthy,raw,KEEP,datasets/raw/Cotton/healthy/h318.jpg,,Exact duplicate within the dataset. Retain one deterministic copy and exclude redundant copies.
95,datasets/raw/Cotton/healthy/h321.jpg,Cotton,healthy,raw,EXCLUDE,datasets/raw/Cotton/healthy/h318.jpg,datasets/raw/Cotton/healthy/h321.jpg,Exact duplicate within the dataset. Retain one deterministic copy and exclude redundant copies.
96,datasets/raw/Mango/Anthracnose/20211011_170709 (Custom).jpg,Mango,Anthracnose,raw,KEEP,datasets/raw/Mango/Anthracnose/20211011_170709 (Custom).jpg,,Exact duplicate within the dataset. Retain one deterministic copy and exclude redundant copies.
96,datasets/raw/Mango/Anthracnose/20211011_170709 - Copy - Copy - Copy (Custom).jpg,Mango,Anthracnose,raw,EXCLUDE,datasets/raw/Mango/Anthracnose/20211011_170709 (Custom).jpg,datasets/raw/Mango/Anthracnose/20211011_170709 - Copy - Copy - Copy (Custom).jpg,Exact duplicate within the dataset. Retain one deterministic copy and exclude redundant copies.
97,datasets/raw/PlantDoc/test/Potato leaf late blight/Potato leaf late blight (1).jpg,PlantDoc,Potato leaf late blight,test,EXCLUDE_ALL,,datasets/raw/PlantDoc/test/Potato leaf late blight/Potato leaf late blight (1).jpg,Exact duplicate with conflicting source labels. Manual review could not establish a sufficiently reliable label. Exclude from cleaned disease dataset.
97,datasets/raw/PlantDoc/train/Potato leaf early blight/Potato leaf early blight (13).jpg,PlantDoc,Potato leaf early blight,train,EXCLUDE_ALL,,datasets/raw/PlantDoc/train/Potato leaf early blight/Potato leaf early blight (13).jpg,Exact duplicate with conflicting source labels. Manual review could not establish a sufficiently reliable label. Exclude from cleaned disease dataset.
98,datasets/raw/Cotton/curl_virus/curl114.jpg,Cotton,curl_virus,raw,KEEP,datasets/raw/Cotton/curl_virus/curl114.jpg,,Exact duplicate within the dataset. Retain one deterministic copy and exclude redundant copies.
98,datasets/raw/Cotton/curl_virus/curl118.jpg,Cotton,curl_virus,raw,EXCLUDE,datasets/raw/Cotton/curl_virus/curl114.jpg,datasets/raw/Cotton/curl_virus/curl118.jpg,Exact duplicate within the dataset. Retain one deterministic copy and exclude redundant copies.
99,datasets/raw/Cotton/fussarium_wilt/done.jpg,Cotton,fussarium_wilt,raw,KEEP,datasets/raw/Cotton/fussarium_wilt/done.jpg,,Exact duplicate within the dataset. Retain one deterministic copy and exclude redundant copies.
99,datasets/raw/Cotton/fussarium_wilt/fus9.jpg,Cotton,fussarium_wilt,raw,EXCLUDE,datasets/raw/Cotton/fussarium_wilt/done.jpg,datasets/raw/Cotton/fussarium_wilt/fus9.jpg,Exact duplicate within the dataset. Retain one deterministic copy and exclude redundant copies.
100,datasets/raw/Cotton/healthy/h211.jpg,Cotton,healthy,raw,KEEP,datasets/raw/Cotton/healthy/h211.jpg,,Exact duplicate within the dataset. Retain one deterministic copy and exclude redundant copies.
100,datasets/raw/Cotton/healthy/h212.jpg,Cotton,healthy,raw,EXCLUDE,datasets/raw/Cotton/healthy/h211.jpg,datasets/raw/Cotton/healthy/h212.jpg,Exact duplicate within the dataset. Retain one deterministic copy and exclude redundant copies.
101,datasets/raw/Cotton/fussarium_wilt/done6.jpg,Cotton,fussarium_wilt,raw,KEEP,datasets/raw/Cotton/fussarium_wilt/done6.jpg,,Exact duplicate within the dataset. Retain one deterministic copy and exclude redundant copies.
101,datasets/raw/Cotton/fussarium_wilt/fus41.jpg,Cotton,fussarium_wilt,raw,EXCLUDE,datasets/raw/Cotton/fussarium_wilt/done6.jpg,datasets/raw/Cotton/fussarium_wilt/fus41.jpg,Exact duplicate within the dataset. Retain one deterministic copy and exclude redundant copies.
102,datasets/raw/Cotton/healthy/h202.jpg,Cotton,healthy,raw,KEEP,datasets/raw/Cotton/healthy/h202.jpg,,Exact duplicate within the dataset. Retain one deterministic copy and exclude redundant copies.
102,datasets/raw/Cotton/healthy/h205.jpg,Cotton,healthy,raw,EXCLUDE,datasets/raw/Cotton/healthy/h202.jpg,datasets/raw/Cotton/healthy/h205.jpg,Exact duplicate within the dataset. Retain one deterministic copy and exclude redundant copies.
103,datasets/raw/Cotton/fussarium_wilt/Figure-2A.png,Cotton,fussarium_wilt,raw,KEEP,datasets/raw/Cotton/fussarium_wilt/Figure-2A.png,,Exact duplicate within the dataset. Retain one deterministic copy and exclude redundant copies.
103,datasets/raw/Cotton/fussarium_wilt/fus222.png,Cotton,fussarium_wilt,raw,EXCLUDE,datasets/raw/Cotton/fussarium_wilt/Figure-2A.png,datasets/raw/Cotton/fussarium_wilt/fus222.png,Exact duplicate within the dataset. Retain one deterministic copy and exclude redundant copies.
104,datasets/raw/Banana/OriginalSet/healthy/32.jpeg,Banana,healthy,raw,KEEP,datasets/raw/Banana/OriginalSet/healthy/32.jpeg,,Exact duplicate within the dataset. Retain one deterministic copy and exclude redundant copies.
104,datasets/raw/Banana/OriginalSet/healthy/38.jpeg,Banana,healthy,raw,EXCLUDE,datasets/raw/Banana/OriginalSet/healthy/32.jpeg,datasets/raw/Banana/OriginalSet/healthy/38.jpeg,Exact duplicate within the dataset. Retain one deterministic copy and exclude redundant copies.
105,datasets/raw/Cotton/healthy/h147.jpg,Cotton,healthy,raw,KEEP,datasets/raw/Cotton/healthy/h147.jpg,,Exact duplicate within the dataset. Retain one deterministic copy and exclude redundant copies.
105,datasets/raw/Cotton/healthy/h155.jpg,Cotton,healthy,raw,EXCLUDE,datasets/raw/Cotton/healthy/h147.jpg,datasets/raw/Cotton/healthy/h155.jpg,Exact duplicate within the dataset. Retain one deterministic copy and exclude redundant copies.
106,datasets/raw/Banana/OriginalSet/healthy/20.jpeg,Banana,healthy,raw,KEEP,datasets/raw/Banana/OriginalSet/healthy/20.jpeg,,Exact duplicate within the dataset. Retain one deterministic copy and exclude redundant copies.
106,datasets/raw/Banana/OriginalSet/healthy/59.jpeg,Banana,healthy,raw,EXCLUDE,datasets/raw/Banana/OriginalSet/healthy/20.jpeg,datasets/raw/Banana/OriginalSet/healthy/59.jpeg,Exact duplicate within the dataset. Retain one deterministic copy and exclude redundant copies.
107,datasets/raw/Banana/OriginalSet/healthy/112.jpeg,Banana,healthy,raw,KEEP,datasets/raw/Banana/OriginalSet/healthy/112.jpeg,,Exact duplicate within the dataset. Retain one deterministic copy and exclude redundant copies.
107,datasets/raw/Banana/OriginalSet/healthy/62.jpeg,Banana,healthy,raw,EXCLUDE,datasets/raw/Banana/OriginalSet/healthy/112.jpeg,datasets/raw/Banana/OriginalSet/healthy/62.jpeg,Exact duplicate within the dataset. Retain one deterministic copy and exclude redundant copies.
108,datasets/raw/Mango/Anthracnose/IMG_20211011_153557 (Custom).jpg,Mango,Anthracnose,raw,KEEP,datasets/raw/Mango/Anthracnose/IMG_20211011_153557 (Custom).jpg,,Exact duplicate within the dataset. Retain one deterministic copy and exclude redundant copies.
108,datasets/raw/Mango/Anthracnose/IMG_20211011_153557 - Copy (Custom).jpg,Mango,Anthracnose,raw,EXCLUDE,datasets/raw/Mango/Anthracnose/IMG_20211011_153557 (Custom).jpg,datasets/raw/Mango/Anthracnose/IMG_20211011_153557 - Copy (Custom).jpg,Exact duplicate within the dataset. Retain one deterministic copy and exclude redundant copies.
109,datasets/raw/Rice/Sheath Blight/IMG_20231006_163218 - Copy.jpg,Rice,Sheath Blight,raw,KEEP,datasets/raw/Rice/Sheath Blight/IMG_20231006_163218 - Copy.jpg,,Exact duplicate within the dataset. Retain one deterministic copy and exclude redundant copies.
109,datasets/raw/Rice/Sheath Blight/IMG_20231006_163218.jpg,Rice,Sheath Blight,raw,EXCLUDE,datasets/raw/Rice/Sheath Blight/IMG_20231006_163218 - Copy.jpg,datasets/raw/Rice/Sheath Blight/IMG_20231006_163218.jpg,Exact duplicate within the dataset. Retain one deterministic copy and exclude redundant copies.
110,datasets/raw/PlantVillage/Tomato_healthy/488feb1c-4b9f-44e7-8aa6-4103a9601f5f___GH_HL Leaf 434.JPG,PlantVillage,Tomato_healthy,raw,KEEP,datasets/raw/PlantVillage/Tomato_healthy/488feb1c-4b9f-44e7-8aa6-4103a9601f5f___GH_HL Leaf 434.JPG,,Exact duplicate within the dataset. Retain one deterministic copy and exclude redundant copies.
110,datasets/raw/PlantVillage/Tomato_healthy/a5de43e7-fc2f-4a14-a8e6-c0f2f94c84f1___GH_HL Leaf 434.JPG,PlantVillage,Tomato_healthy,raw,EXCLUDE,datasets/raw/PlantVillage/Tomato_healthy/488feb1c-4b9f-44e7-8aa6-4103a9601f5f___GH_HL Leaf 434.JPG,datasets/raw/PlantVillage/Tomato_healthy/a5de43e7-fc2f-4a14-a8e6-c0f2f94c84f1___GH_HL Leaf 434.JPG,Exact duplicate within the dataset. Retain one deterministic copy and exclude redundant copies.
111,datasets/raw/Cotton/curl_virus/curl309.jpg,Cotton,curl_virus,raw,KEEP,datasets/raw/Cotton/curl_virus/curl309.jpg,,Exact duplicate within the dataset. Retain one deterministic copy and exclude redundant copies.
111,datasets/raw/Cotton/curl_virus/curl93.jpg,Cotton,curl_virus,raw,EXCLUDE,datasets/raw/Cotton/curl_virus/curl309.jpg,datasets/raw/Cotton/curl_virus/curl93.jpg,Exact duplicate within the dataset. Retain one deterministic copy and exclude redundant copies.
112,datasets/raw/Banana/OriginalSet/healthy/15.jpeg,Banana,healthy,raw,KEEP,datasets/raw/Banana/OriginalSet/healthy/15.jpeg,,Exact duplicate within the dataset. Retain one deterministic copy and exclude redundant copies.
112,datasets/raw/Banana/OriginalSet/healthy/44.jpeg,Banana,healthy,raw,EXCLUDE,datasets/raw/Banana/OriginalSet/healthy/15.jpeg,datasets/raw/Banana/OriginalSet/healthy/44.jpeg,Exact duplicate within the dataset. Retain one deterministic copy and exclude redundant copies.
113,datasets/raw/Rice/Brown Spot/IMG_20231018_143709 - Copy.jpg,Rice,Brown Spot,raw,KEEP,datasets/raw/Rice/Brown Spot/IMG_20231018_143709 - Copy.jpg,,Exact duplicate within the dataset. Retain one deterministic copy and exclude redundant copies.
113,datasets/raw/Rice/Brown Spot/IMG_20231018_143709.jpg,Rice,Brown Spot,raw,EXCLUDE,datasets/raw/Rice/Brown Spot/IMG_20231018_143709 - Copy.jpg,datasets/raw/Rice/Brown Spot/IMG_20231018_143709.jpg,Exact duplicate within the dataset. Retain one deterministic copy and exclude redundant copies.
114,datasets/raw/Cotton/curl_virus/curl363.jpg,Cotton,curl_virus,raw,KEEP,datasets/raw/Cotton/curl_virus/curl363.jpg,,Exact duplicate within the dataset. Retain one deterministic copy and exclude redundant copies.
114,datasets/raw/Cotton/curl_virus/curl42.jpg,Cotton,curl_virus,raw,EXCLUDE,datasets/raw/Cotton/curl_virus/curl363.jpg,datasets/raw/Cotton/curl_virus/curl42.jpg,Exact duplicate within the dataset. Retain one deterministic copy and exclude redundant copies.
115,datasets/raw/Banana/OriginalSet/healthy/49.jpeg,Banana,healthy,raw,KEEP,datasets/raw/Banana/OriginalSet/healthy/49.jpeg,,Exact duplicate within the dataset. Retain one deterministic copy and exclude redundant copies.
115,datasets/raw/Banana/OriginalSet/healthy/5.jpeg,Banana,healthy,raw,EXCLUDE,datasets/raw/Banana/OriginalSet/healthy/49.jpeg,datasets/raw/Banana/OriginalSet/healthy/5.jpeg,Exact duplicate within the dataset. Retain one deterministic copy and exclude redundant copies.
116,datasets/raw/Rice/Sheath Blight/IMG_20231006_163217 - Copy.jpg,Rice,Sheath Blight,raw,KEEP,datasets/raw/Rice/Sheath Blight/IMG_20231006_163217 - Copy.jpg,,Exact duplicate within the dataset. Retain one deterministic copy and exclude redundant copies.
116,datasets/raw/Rice/Sheath Blight/IMG_20231006_163217.jpg,Rice,Sheath Blight,raw,EXCLUDE,datasets/raw/Rice/Sheath Blight/IMG_20231006_163217 - Copy.jpg,datasets/raw/Rice/Sheath Blight/IMG_20231006_163217.jpg,Exact duplicate within the dataset. Retain one deterministic copy and exclude redundant copies.
117,datasets/raw/Banana/OriginalSet/healthy/128.jpeg,Banana,healthy,raw,KEEP,datasets/raw/Banana/OriginalSet/healthy/128.jpeg,,Exact duplicate within the dataset. Retain one deterministic copy and exclude redundant copies.
117,datasets/raw/Banana/OriginalSet/healthy/21.jpeg,Banana,healthy,raw,EXCLUDE,datasets/raw/Banana/OriginalSet/healthy/128.jpeg,datasets/raw/Banana/OriginalSet/healthy/21.jpeg,Exact duplicate within the dataset. Retain one deterministic copy and exclude redundant copies.
118,datasets/raw/Rice/Healthy Rice Leaf/Healthy_rice_leaf (8).jpg,Rice,Healthy Rice Leaf,raw,KEEP,datasets/raw/Rice/Healthy Rice Leaf/Healthy_rice_leaf (8).jpg,,Exact duplicate within the dataset. Retain one deterministic copy and exclude redundant copies.
118,datasets/raw/Rice/Healthy Rice Leaf/Healthy_rice_leaf (9).jpg,Rice,Healthy Rice Leaf,raw,EXCLUDE,datasets/raw/Rice/Healthy Rice Leaf/Healthy_rice_leaf (8).jpg,datasets/raw/Rice/Healthy Rice Leaf/Healthy_rice_leaf (9).jpg,Exact duplicate within the dataset. Retain one deterministic copy and exclude redundant copies.
119,datasets/raw/Cotton/bacterial_blight/bact179.png,Cotton,bacterial_blight,raw,KEEP,datasets/raw/Cotton/bacterial_blight/bact179.png,,Exact duplicate within the dataset. Retain one deterministic copy and exclude redundant copies.
119,datasets/raw/Cotton/bacterial_blight/bact248.png,Cotton,bacterial_blight,raw,EXCLUDE,datasets/raw/Cotton/bacterial_blight/bact179.png,datasets/raw/Cotton/bacterial_blight/bact248.png,Exact duplicate within the dataset. Retain one deterministic copy and exclude redundant copies.
120,datasets/raw/Cotton/curl_virus/curl126.jpg,Cotton,curl_virus,raw,KEEP,datasets/raw/Cotton/curl_virus/curl126.jpg,,Exact duplicate within the dataset. Retain one deterministic copy and exclude redundant copies.
120,datasets/raw/Cotton/curl_virus/curl130.jpg,Cotton,curl_virus,raw,EXCLUDE,datasets/raw/Cotton/curl_virus/curl126.jpg,datasets/raw/Cotton/curl_virus/curl130.jpg,Exact duplicate within the dataset. Retain one deterministic copy and exclude redundant copies.
121,datasets/raw/Rice/Brown Spot/IMG_20231018_143713 - Copy.jpg,Rice,Brown Spot,raw,KEEP,datasets/raw/Rice/Brown Spot/IMG_20231018_143713 - Copy.jpg,,Exact duplicate within the dataset. Retain one deterministic copy and exclude redundant copies.
121,datasets/raw/Rice/Brown Spot/IMG_20231018_143713.jpg,Rice,Brown Spot,raw,EXCLUDE,datasets/raw/Rice/Brown Spot/IMG_20231018_143713 - Copy.jpg,datasets/raw/Rice/Brown Spot/IMG_20231018_143713.jpg,Exact duplicate within the dataset. Retain one deterministic copy and exclude redundant copies.
122,datasets/raw/Mango/Anthracnose/20211011_171141 (Custom).jpg,Mango,Anthracnose,raw,KEEP,datasets/raw/Mango/Anthracnose/20211011_171141 (Custom).jpg,,Exact duplicate within the dataset. Retain one deterministic copy and exclude redundant copies.
122,datasets/raw/Mango/Anthracnose/20211011_171141 - Copy - Copy - Copy (Custom).jpg,Mango,Anthracnose,raw,EXCLUDE,datasets/raw/Mango/Anthracnose/20211011_171141 (Custom).jpg,datasets/raw/Mango/Anthracnose/20211011_171141 - Copy - Copy - Copy (Custom).jpg,Exact duplicate within the dataset. Retain one deterministic copy and exclude redundant copies.
123,datasets/raw/Cotton/curl_virus/curl17.jpg,Cotton,curl_virus,raw,KEEP,datasets/raw/Cotton/curl_virus/curl17.jpg,,Exact duplicate within the dataset. Retain one deterministic copy and exclude redundant copies.
123,datasets/raw/Cotton/curl_virus/curl267.jpg,Cotton,curl_virus,raw,EXCLUDE,datasets/raw/Cotton/curl_virus/curl17.jpg,datasets/raw/Cotton/curl_virus/curl267.jpg,Exact duplicate within the dataset. Retain one deterministic copy and exclude redundant copies.
124,datasets/raw/Cotton/fussarium_wilt/fus20.jpg,Cotton,fussarium_wilt,raw,KEEP,datasets/raw/Cotton/fussarium_wilt/fus20.jpg,,Exact duplicate within the dataset. Retain one deterministic copy and exclude redundant copies.
124,datasets/raw/Cotton/fussarium_wilt/fus24.jpg,Cotton,fussarium_wilt,raw,EXCLUDE,datasets/raw/Cotton/fussarium_wilt/fus20.jpg,datasets/raw/Cotton/fussarium_wilt/fus24.jpg,Exact duplicate within the dataset. Retain one deterministic copy and exclude redundant copies.
125,datasets/raw/Cotton/curl_virus/curl376.jpg,Cotton,curl_virus,raw,KEEP,datasets/raw/Cotton/curl_virus/curl376.jpg,,Exact duplicate within the dataset. Retain one deterministic copy and exclude redundant copies.
125,datasets/raw/Cotton/curl_virus/curl57.jpg,Cotton,curl_virus,raw,EXCLUDE,datasets/raw/Cotton/curl_virus/curl376.jpg,datasets/raw/Cotton/curl_virus/curl57.jpg,Exact duplicate within the dataset. Retain one deterministic copy and exclude redundant copies.
126,datasets/raw/Banana/OriginalSet/healthy/102.jpeg,Banana,healthy,raw,KEEP,datasets/raw/Banana/OriginalSet/healthy/102.jpeg,,Exact duplicate within the dataset. Retain one deterministic copy and exclude redundant copies.
126,datasets/raw/Banana/OriginalSet/healthy/39.jpeg,Banana,healthy,raw,EXCLUDE,datasets/raw/Banana/OriginalSet/healthy/102.jpeg,datasets/raw/Banana/OriginalSet/healthy/39.jpeg,Exact duplicate within the dataset. Retain one deterministic copy and exclude redundant copies.
127,datasets/raw/Banana/OriginalSet/healthy/103.jpeg,Banana,healthy,raw,KEEP,datasets/raw/Banana/OriginalSet/healthy/103.jpeg,,Exact duplicate within the dataset. Retain one deterministic copy and exclude redundant copies.
127,datasets/raw/Banana/OriginalSet/healthy/110.jpeg,Banana,healthy,raw,EXCLUDE,datasets/raw/Banana/OriginalSet/healthy/103.jpeg,datasets/raw/Banana/OriginalSet/healthy/110.jpeg,Exact duplicate within the dataset. Retain one deterministic copy and exclude redundant copies.
128,datasets/raw/Cotton/healthy/h152.jpg,Cotton,healthy,raw,KEEP,datasets/raw/Cotton/healthy/h152.jpg,,Exact duplicate within the dataset. Retain one deterministic copy and exclude redundant copies.
128,datasets/raw/Cotton/healthy/h154.jpg,Cotton,healthy,raw,EXCLUDE,datasets/raw/Cotton/healthy/h152.jpg,datasets/raw/Cotton/healthy/h154.jpg,Exact duplicate within the dataset. Retain one deterministic copy and exclude redundant copies.
129,datasets/raw/Cotton/healthy/h334.jpg,Cotton,healthy,raw,KEEP,datasets/raw/Cotton/healthy/h334.jpg,,Exact duplicate within the dataset. Retain one deterministic copy and exclude redundant copies.
129,datasets/raw/Cotton/healthy/h404.jpg,Cotton,healthy,raw,EXCLUDE,datasets/raw/Cotton/healthy/h334.jpg,datasets/raw/Cotton/healthy/h404.jpg,Exact duplicate within the dataset. Retain one deterministic copy and exclude redundant copies.
130,datasets/raw/Cotton/healthy/h295.jpg,Cotton,healthy,raw,KEEP,datasets/raw/Cotton/healthy/h295.jpg,,Exact duplicate within the dataset. Retain one deterministic copy and exclude redundant copies.
130,datasets/raw/Cotton/healthy/h302.jpg,Cotton,healthy,raw,EXCLUDE,datasets/raw/Cotton/healthy/h295.jpg,datasets/raw/Cotton/healthy/h302.jpg,Exact duplicate within the dataset. Retain one deterministic copy and exclude redundant copies.
131,datasets/raw/Banana/OriginalSet/healthy/42.jpeg,Banana,healthy,raw,KEEP,datasets/raw/Banana/OriginalSet/healthy/42.jpeg,,Exact duplicate within the dataset. Retain one deterministic copy and exclude redundant copies.
131,datasets/raw/Banana/OriginalSet/healthy/6.jpeg,Banana,healthy,raw,EXCLUDE,datasets/raw/Banana/OriginalSet/healthy/42.jpeg,datasets/raw/Banana/OriginalSet/healthy/6.jpeg,Exact duplicate within the dataset. Retain one deterministic copy and exclude redundant copies.
132,datasets/raw/Banana/OriginalSet/healthy/3.jpeg,Banana,healthy,raw,KEEP,datasets/raw/Banana/OriginalSet/healthy/3.jpeg,,Exact duplicate within the dataset. Retain one deterministic copy and exclude redundant copies.
132,datasets/raw/Banana/OriginalSet/healthy/92.jpeg,Banana,healthy,raw,EXCLUDE,datasets/raw/Banana/OriginalSet/healthy/3.jpeg,datasets/raw/Banana/OriginalSet/healthy/92.jpeg,Exact duplicate within the dataset. Retain one deterministic copy and exclude redundant copies.
133,datasets/raw/Banana/OriginalSet/healthy/0.jpeg,Banana,healthy,raw,KEEP,datasets/raw/Banana/OriginalSet/healthy/0.jpeg,,Exact duplicate within the dataset. Retain one deterministic copy and exclude redundant copies.
133,datasets/raw/Banana/OriginalSet/healthy/104.jpeg,Banana,healthy,raw,EXCLUDE,datasets/raw/Banana/OriginalSet/healthy/0.jpeg,datasets/raw/Banana/OriginalSet/healthy/104.jpeg,Exact duplicate within the dataset. Retain one deterministic copy and exclude redundant copies.
134,datasets/raw/Banana/OriginalSet/healthy/2.jpeg,Banana,healthy,raw,KEEP,datasets/raw/Banana/OriginalSet/healthy/2.jpeg,,Exact duplicate within the dataset. Retain one deterministic copy and exclude redundant copies.
134,datasets/raw/Banana/OriginalSet/healthy/34.jpeg,Banana,healthy,raw,EXCLUDE,datasets/raw/Banana/OriginalSet/healthy/2.jpeg,datasets/raw/Banana/OriginalSet/healthy/34.jpeg,Exact duplicate within the dataset. Retain one deterministic copy and exclude redundant copies.
135,datasets/raw/Mango/Die Back/20211129_161631 (Custom)(1).jpg,Mango,Die Back,raw,KEEP,datasets/raw/Mango/Die Back/20211129_161631 (Custom)(1).jpg,,Exact duplicate within the dataset. Retain one deterministic copy and exclude redundant copies.
135,datasets/raw/Mango/Die Back/20211129_161631 (Custom).jpg,Mango,Die Back,raw,EXCLUDE,datasets/raw/Mango/Die Back/20211129_161631 (Custom)(1).jpg,datasets/raw/Mango/Die Back/20211129_161631 (Custom).jpg,Exact duplicate within the dataset. Retain one deterministic copy and exclude redundant copies.
136,datasets/raw/Banana/AugmentedSet/cordana/169_aug.jpeg,Banana,cordana,raw,KEEP,datasets/raw/Banana/AugmentedSet/cordana/169_aug.jpeg,,Exact duplicate within the dataset. Retain one deterministic copy and exclude redundant copies.
136,datasets/raw/Banana/AugmentedSet/cordana/171_aug.jpeg,Banana,cordana,raw,EXCLUDE,datasets/raw/Banana/AugmentedSet/cordana/169_aug.jpeg,datasets/raw/Banana/AugmentedSet/cordana/171_aug.jpeg,Exact duplicate within the dataset. Retain one deterministic copy and exclude redundant copies.
137,datasets/raw/Rice/Leaf Blast/IMG_20231018_143803 - Copy.jpg,Rice,Leaf Blast,raw,KEEP,datasets/raw/Rice/Leaf Blast/IMG_20231018_143803 - Copy.jpg,,Exact duplicate within the dataset. Retain one deterministic copy and exclude redundant copies.
137,datasets/raw/Rice/Leaf Blast/IMG_20231018_143803.jpg,Rice,Leaf Blast,raw,EXCLUDE,datasets/raw/Rice/Leaf Blast/IMG_20231018_143803 - Copy.jpg,datasets/raw/Rice/Leaf Blast/IMG_20231018_143803.jpg,Exact duplicate within the dataset. Retain one deterministic copy and exclude redundant copies.
138,datasets/raw/Mango/Anthracnose/20211011_170708 (Custom).jpg,Mango,Anthracnose,raw,KEEP,datasets/raw/Mango/Anthracnose/20211011_170708 (Custom).jpg,,Exact duplicate within the dataset. Retain one deterministic copy and exclude redundant copies.
138,datasets/raw/Mango/Anthracnose/20211011_170708 - Copy - Copy - Copy (Custom).jpg,Mango,Anthracnose,raw,EXCLUDE,datasets/raw/Mango/Anthracnose/20211011_170708 (Custom).jpg,datasets/raw/Mango/Anthracnose/20211011_170708 - Copy - Copy - Copy (Custom).jpg,Exact duplicate within the dataset. Retain one deterministic copy and exclude redundant copies.
139,datasets/raw/Banana/OriginalSet/healthy/23.jpeg,Banana,healthy,raw,KEEP,datasets/raw/Banana/OriginalSet/healthy/23.jpeg,,Exact duplicate within the dataset. Retain one deterministic copy and exclude redundant copies.
139,datasets/raw/Banana/OriginalSet/healthy/54.jpeg,Banana,healthy,raw,EXCLUDE,datasets/raw/Banana/OriginalSet/healthy/23.jpeg,datasets/raw/Banana/OriginalSet/healthy/54.jpeg,Exact duplicate within the dataset. Retain one deterministic copy and exclude redundant copies.
140,datasets/raw/Rice/Leaf Blast/IMG_20231018_143855 - Copy.jpg,Rice,Leaf Blast,raw,KEEP,datasets/raw/Rice/Leaf Blast/IMG_20231018_143855 - Copy.jpg,,Exact duplicate within the dataset. Retain one deterministic copy and exclude redundant copies.
140,datasets/raw/Rice/Leaf Blast/IMG_20231018_143855.jpg,Rice,Leaf Blast,raw,EXCLUDE,datasets/raw/Rice/Leaf Blast/IMG_20231018_143855 - Copy.jpg,datasets/raw/Rice/Leaf Blast/IMG_20231018_143855.jpg,Exact duplicate within the dataset. Retain one deterministic copy and exclude redundant copies.
141,datasets/raw/Banana/OriginalSet/healthy/10.jpeg,Banana,healthy,raw,KEEP,datasets/raw/Banana/OriginalSet/healthy/10.jpeg,,Exact duplicate within the dataset. Retain one deterministic copy and exclude redundant copies.
141,datasets/raw/Banana/OriginalSet/healthy/106.jpeg,Banana,healthy,raw,EXCLUDE,datasets/raw/Banana/OriginalSet/healthy/10.jpeg,datasets/raw/Banana/OriginalSet/healthy/106.jpeg,Exact duplicate within the dataset. Retain one deterministic copy and exclude redundant copies.
142,datasets/raw/Banana/OriginalSet/healthy/12.jpeg,Banana,healthy,raw,KEEP,datasets/raw/Banana/OriginalSet/healthy/12.jpeg,,Exact duplicate within the dataset. Retain one deterministic copy and exclude redundant copies.
142,datasets/raw/Banana/OriginalSet/healthy/45.jpeg,Banana,healthy,raw,EXCLUDE,datasets/raw/Banana/OriginalSet/healthy/12.jpeg,datasets/raw/Banana/OriginalSet/healthy/45.jpeg,Exact duplicate within the dataset. Retain one deterministic copy and exclude redundant copies.
143,datasets/raw/Cotton/curl_virus/curl421.jpg,Cotton,curl_virus,raw,KEEP,datasets/raw/Cotton/curl_virus/curl421.jpg,,Exact duplicate within the dataset. Retain one deterministic copy and exclude redundant copies.
143,datasets/raw/Cotton/curl_virus/images (2).jpg,Cotton,curl_virus,raw,EXCLUDE,datasets/raw/Cotton/curl_virus/curl421.jpg,datasets/raw/Cotton/curl_virus/images (2).jpg,Exact duplicate within the dataset. Retain one deterministic copy and exclude redundant copies.
144,datasets/raw/PlantVillage/Tomato_Late_blight/3fae9c64-18f0-4a67-9f97-554248bb1bed___GHLB_PS Leaf 24 Day 16.jpg,PlantVillage,Tomato_Late_blight,raw,KEEP,datasets/raw/PlantVillage/Tomato_Late_blight/3fae9c64-18f0-4a67-9f97-554248bb1bed___GHLB_PS Leaf 24 Day 16.jpg,,Exact duplicate within the dataset. Retain one deterministic copy and exclude redundant copies.
144,datasets/raw/PlantVillage/Tomato_Late_blight/5de6da85-f8c4-48c4-b463-3e6bd78884cc___GHLB_PS Leaf 24 Day 16.jpg,PlantVillage,Tomato_Late_blight,raw,EXCLUDE,datasets/raw/PlantVillage/Tomato_Late_blight/3fae9c64-18f0-4a67-9f97-554248bb1bed___GHLB_PS Leaf 24 Day 16.jpg,datasets/raw/PlantVillage/Tomato_Late_blight/5de6da85-f8c4-48c4-b463-3e6bd78884cc___GHLB_PS Leaf 24 Day 16.jpg,Exact duplicate within the dataset. Retain one deterministic copy and exclude redundant copies.
145,datasets/raw/Banana/OriginalSet/healthy/126.jpeg,Banana,healthy,raw,KEEP,datasets/raw/Banana/OriginalSet/healthy/126.jpeg,,Exact duplicate within the dataset. Retain one deterministic copy and exclude redundant copies.
145,datasets/raw/Banana/OriginalSet/healthy/24.jpeg,Banana,healthy,raw,EXCLUDE,datasets/raw/Banana/OriginalSet/healthy/126.jpeg,datasets/raw/Banana/OriginalSet/healthy/24.jpeg,Exact duplicate within the dataset. Retain one deterministic copy and exclude redundant copies.
146,datasets/raw/Cotton/bacterial_blight/bact447 - Copy.jpg,Cotton,bacterial_blight,raw,KEEP,datasets/raw/Cotton/bacterial_blight/bact447 - Copy.jpg,,Exact duplicate within the dataset. Retain one deterministic copy and exclude redundant copies.
146,datasets/raw/Cotton/bacterial_blight/bact447.jpg,Cotton,bacterial_blight,raw,EXCLUDE,datasets/raw/Cotton/bacterial_blight/bact447 - Copy.jpg,datasets/raw/Cotton/bacterial_blight/bact447.jpg,Exact duplicate within the dataset. Retain one deterministic copy and exclude redundant copies.
147,datasets/raw/Banana/OriginalSet/healthy/101.jpeg,Banana,healthy,raw,KEEP,datasets/raw/Banana/OriginalSet/healthy/101.jpeg,,Exact duplicate within the dataset. Retain one deterministic copy and exclude redundant copies.
147,datasets/raw/Banana/OriginalSet/healthy/46.jpeg,Banana,healthy,raw,EXCLUDE,datasets/raw/Banana/OriginalSet/healthy/101.jpeg,datasets/raw/Banana/OriginalSet/healthy/46.jpeg,Exact duplicate within the dataset. Retain one deterministic copy and exclude redundant copies.
148,datasets/raw/Banana/AugmentedSet/healthy/181_aug.jpeg,Banana,healthy,raw,KEEP,datasets/raw/Banana/AugmentedSet/healthy/181_aug.jpeg,,Exact duplicate within the dataset. Retain one deterministic copy and exclude redundant copies.
148,datasets/raw/Banana/AugmentedSet/healthy/269_aug.jpeg,Banana,healthy,raw,EXCLUDE,datasets/raw/Banana/AugmentedSet/healthy/181_aug.jpeg,datasets/raw/Banana/AugmentedSet/healthy/269_aug.jpeg,Exact duplicate within the dataset. Retain one deterministic copy and exclude redundant copies.
149,datasets/raw/Banana/OriginalSet/healthy/13.jpeg,Banana,healthy,raw,KEEP,datasets/raw/Banana/OriginalSet/healthy/13.jpeg,,Exact duplicate within the dataset. Retain one deterministic copy and exclude redundant copies.
149,datasets/raw/Banana/OriginalSet/healthy/43.jpeg,Banana,healthy,raw,EXCLUDE,datasets/raw/Banana/OriginalSet/healthy/13.jpeg,datasets/raw/Banana/OriginalSet/healthy/43.jpeg,Exact duplicate within the dataset. Retain one deterministic copy and exclude redundant copies.
150,datasets/raw/Cotton/bacterial_blight/bact395.png,Cotton,bacterial_blight,raw,KEEP,datasets/raw/Cotton/bacterial_blight/bact395.png,,Exact duplicate within the dataset. Retain one deterministic copy and exclude redundant copies.
150,datasets/raw/Cotton/bacterial_blight/bact396.png,Cotton,bacterial_blight,raw,EXCLUDE,datasets/raw/Cotton/bacterial_blight/bact395.png,datasets/raw/Cotton/bacterial_blight/bact396.png,Exact duplicate within the dataset. Retain one deterministic copy and exclude redundant copies.
151,datasets/raw/Banana/AugmentedSet/healthy/136_aug.jpeg,Banana,healthy,raw,KEEP,datasets/raw/Banana/AugmentedSet/healthy/136_aug.jpeg,,Exact duplicate within the dataset. Retain one deterministic copy and exclude redundant copies.
151,datasets/raw/Banana/AugmentedSet/healthy/145_aug.jpeg,Banana,healthy,raw,EXCLUDE,datasets/raw/Banana/AugmentedSet/healthy/136_aug.jpeg,datasets/raw/Banana/AugmentedSet/healthy/145_aug.jpeg,Exact duplicate within the dataset. Retain one deterministic copy and exclude redundant copies.
152,datasets/raw/Rice/Leaf Blast/IMG_20231018_143838 - Copy.jpg,Rice,Leaf Blast,raw,KEEP,datasets/raw/Rice/Leaf Blast/IMG_20231018_143838 - Copy.jpg,,Exact duplicate within the dataset. Retain one deterministic copy and exclude redundant copies.
152,datasets/raw/Rice/Leaf Blast/IMG_20231018_143838.jpg,Rice,Leaf Blast,raw,EXCLUDE,datasets/raw/Rice/Leaf Blast/IMG_20231018_143838 - Copy.jpg,datasets/raw/Rice/Leaf Blast/IMG_20231018_143838.jpg,Exact duplicate within the dataset. Retain one deterministic copy and exclude redundant copies.
153,datasets/raw/Cotton/fussarium_wilt/foliar-damage-from-fusarium-oxysporum.png,Cotton,fussarium_wilt,raw,KEEP,datasets/raw/Cotton/fussarium_wilt/foliar-damage-from-fusarium-oxysporum.png,,Exact duplicate within the dataset. Retain one deterministic copy and exclude redundant copies.
153,datasets/raw/Cotton/fussarium_wilt/fus346.png,Cotton,fussarium_wilt,raw,EXCLUDE,datasets/raw/Cotton/fussarium_wilt/foliar-damage-from-fusarium-oxysporum.png,datasets/raw/Cotton/fussarium_wilt/fus346.png,Exact duplicate within the dataset. Retain one deterministic copy and exclude redundant copies.
154,datasets/raw/Cotton/fussarium_wilt/fus309.JPG,Cotton,fussarium_wilt,raw,KEEP,datasets/raw/Cotton/fussarium_wilt/fus309.JPG,,Exact duplicate within the dataset. Retain one deterministic copy and exclude redundant copies.
154,datasets/raw/Cotton/fussarium_wilt/fus310.JPG,Cotton,fussarium_wilt,raw,EXCLUDE,datasets/raw/Cotton/fussarium_wilt/fus309.JPG,datasets/raw/Cotton/fussarium_wilt/fus310.JPG,Exact duplicate within the dataset. Retain one deterministic copy and exclude redundant copies.
155,datasets/raw/PlantDoc/test/Potato leaf early blight/Potato leaf early blight (2).jpg,PlantDoc,Potato leaf early blight,test,EXCLUDE_ALL,,datasets/raw/PlantDoc/test/Potato leaf early blight/Potato leaf early blight (2).jpg,Exact duplicate with conflicting source labels. Manual review could not establish a sufficiently reliable label. Exclude from cleaned disease dataset.
155,datasets/raw/PlantDoc/train/Potato leaf late blight/Potato leaf late blight (19).jpg,PlantDoc,Potato leaf late blight,train,EXCLUDE_ALL,,datasets/raw/PlantDoc/train/Potato leaf late blight/Potato leaf late blight (19).jpg,Exact duplicate with conflicting source labels. Manual review could not establish a sufficiently reliable label. Exclude from cleaned disease dataset.
156,datasets/raw/Banana/OriginalSet/healthy/47.jpeg,Banana,healthy,raw,KEEP,datasets/raw/Banana/OriginalSet/healthy/47.jpeg,,Exact duplicate within the dataset. Retain one deterministic copy and exclude redundant copies.
156,datasets/raw/Banana/OriginalSet/healthy/9.jpeg,Banana,healthy,raw,EXCLUDE,datasets/raw/Banana/OriginalSet/healthy/47.jpeg,datasets/raw/Banana/OriginalSet/healthy/9.jpeg,Exact duplicate within the dataset. Retain one deterministic copy and exclude redundant copies.
157,datasets/raw/Cotton/healthy/h333.jpg,Cotton,healthy,raw,KEEP,datasets/raw/Cotton/healthy/h333.jpg,,Exact duplicate within the dataset. Retain one deterministic copy and exclude redundant copies.
157,datasets/raw/Cotton/healthy/h396.jpg,Cotton,healthy,raw,EXCLUDE,datasets/raw/Cotton/healthy/h333.jpg,datasets/raw/Cotton/healthy/h396.jpg,Exact duplicate within the dataset. Retain one deterministic copy and exclude redundant copies.
158,datasets/raw/Mango/Die Back/20211129_161628 (Custom)(1).jpg,Mango,Die Back,raw,KEEP,datasets/raw/Mango/Die Back/20211129_161628 (Custom)(1).jpg,,Exact duplicate within the dataset. Retain one deterministic copy and exclude redundant copies.
158,datasets/raw/Mango/Die Back/20211129_161628 (Custom).jpg,Mango,Die Back,raw,EXCLUDE,datasets/raw/Mango/Die Back/20211129_161628 (Custom)(1).jpg,datasets/raw/Mango/Die Back/20211129_161628 (Custom).jpg,Exact duplicate within the dataset. Retain one deterministic copy and exclude redundant copies.
159,datasets/raw/Cotton/fussarium_wilt/done10.jpg,Cotton,fussarium_wilt,raw,KEEP,datasets/raw/Cotton/fussarium_wilt/done10.jpg,,Exact duplicate within the dataset. Retain one deterministic copy and exclude redundant copies.
159,datasets/raw/Cotton/fussarium_wilt/fus84.jpg,Cotton,fussarium_wilt,raw,EXCLUDE,datasets/raw/Cotton/fussarium_wilt/done10.jpg,datasets/raw/Cotton/fussarium_wilt/fus84.jpg,Exact duplicate within the dataset. Retain one deterministic copy and exclude redundant copies.
160,datasets/raw/Cotton/healthy/h260.jpg,Cotton,healthy,raw,KEEP,datasets/raw/Cotton/healthy/h260.jpg,,Exact duplicate within the dataset. Retain one deterministic copy and exclude redundant copies.
160,datasets/raw/Cotton/healthy/h364.jpg,Cotton,healthy,raw,EXCLUDE,datasets/raw/Cotton/healthy/h260.jpg,datasets/raw/Cotton/healthy/h364.jpg,Exact duplicate within the dataset. Retain one deterministic copy and exclude redundant copies.
161,datasets/raw/Cotton/healthy/h65.jpg,Cotton,healthy,raw,KEEP,datasets/raw/Cotton/healthy/h65.jpg,,Exact duplicate within the dataset. Retain one deterministic copy and exclude redundant copies.
161,datasets/raw/Cotton/healthy/h66.jpg,Cotton,healthy,raw,EXCLUDE,datasets/raw/Cotton/healthy/h65.jpg,datasets/raw/Cotton/healthy/h66.jpg,Exact duplicate within the dataset. Retain one deterministic copy and exclude redundant copies.
162,datasets/raw/Cotton/curl_virus/curl187.jpg,Cotton,curl_virus,raw,KEEP,datasets/raw/Cotton/curl_virus/curl187.jpg,,Exact duplicate within the dataset. Retain one deterministic copy and exclude redundant copies.
162,datasets/raw/Cotton/curl_virus/curl189.jpg,Cotton,curl_virus,raw,EXCLUDE,datasets/raw/Cotton/curl_virus/curl187.jpg,datasets/raw/Cotton/curl_virus/curl189.jpg,Exact duplicate within the dataset. Retain one deterministic copy and exclude redundant copies.
163,datasets/raw/Cotton/fussarium_wilt/done8 (2).jpg,Cotton,fussarium_wilt,raw,KEEP,datasets/raw/Cotton/fussarium_wilt/done8 (2).jpg,,Exact duplicate within the dataset. Retain one deterministic copy and exclude redundant copies.
163,datasets/raw/Cotton/fussarium_wilt/fus64.jpg,Cotton,fussarium_wilt,raw,EXCLUDE,datasets/raw/Cotton/fussarium_wilt/done8 (2).jpg,datasets/raw/Cotton/fussarium_wilt/fus64.jpg,Exact duplicate within the dataset. Retain one deterministic copy and exclude redundant copies.
164,datasets/raw/PlantVillage/Tomato_Late_blight/861d8b00-57a4-46b0-b51a-09d102dbe119___GHLB_PS Leaf 24 Day 13.jpg,PlantVillage,Tomato_Late_blight,raw,KEEP,datasets/raw/PlantVillage/Tomato_Late_blight/861d8b00-57a4-46b0-b51a-09d102dbe119___GHLB_PS Leaf 24 Day 13.jpg,,Exact duplicate within the dataset. Retain one deterministic copy and exclude redundant copies.
164,datasets/raw/PlantVillage/Tomato_Late_blight/d82b634e-9a19-497b-b698-aaf100d622a1___GHLB_PS Leaf 24 Day 13.jpg,PlantVillage,Tomato_Late_blight,raw,EXCLUDE,datasets/raw/PlantVillage/Tomato_Late_blight/861d8b00-57a4-46b0-b51a-09d102dbe119___GHLB_PS Leaf 24 Day 13.jpg,datasets/raw/PlantVillage/Tomato_Late_blight/d82b634e-9a19-497b-b698-aaf100d622a1___GHLB_PS Leaf 24 Day 13.jpg,Exact duplicate within the dataset. Retain one deterministic copy and exclude redundant copies.
165,datasets/raw/Rice/Leaf Blast/IMG_20231018_143839 - Copy.jpg,Rice,Leaf Blast,raw,KEEP,datasets/raw/Rice/Leaf Blast/IMG_20231018_143839 - Copy.jpg,,Exact duplicate within the dataset. Retain one deterministic copy and exclude redundant copies.
165,datasets/raw/Rice/Leaf Blast/IMG_20231018_143839.jpg,Rice,Leaf Blast,raw,EXCLUDE,datasets/raw/Rice/Leaf Blast/IMG_20231018_143839 - Copy.jpg,datasets/raw/Rice/Leaf Blast/IMG_20231018_143839.jpg,Exact duplicate within the dataset. Retain one deterministic copy and exclude redundant copies.
166,datasets/raw/Banana/AugmentedSet/cordana/6_aug.jpeg,Banana,cordana,raw,KEEP,datasets/raw/Banana/AugmentedSet/cordana/6_aug.jpeg,,Exact duplicate within the dataset. Retain one deterministic copy and exclude redundant copies.
166,datasets/raw/Banana/AugmentedSet/cordana/8_aug.jpeg,Banana,cordana,raw,EXCLUDE,datasets/raw/Banana/AugmentedSet/cordana/6_aug.jpeg,datasets/raw/Banana/AugmentedSet/cordana/8_aug.jpeg,Exact duplicate within the dataset. Retain one deterministic copy and exclude redundant copies.
167,datasets/raw/Cotton/curl_virus/curl162.jpg,Cotton,curl_virus,raw,KEEP,datasets/raw/Cotton/curl_virus/curl162.jpg,,Exact duplicate within the dataset. Retain one deterministic copy and exclude redundant copies.
167,datasets/raw/Cotton/curl_virus/curl371.jpg,Cotton,curl_virus,raw,EXCLUDE,datasets/raw/Cotton/curl_virus/curl162.jpg,datasets/raw/Cotton/curl_virus/curl371.jpg,Exact duplicate within the dataset. Retain one deterministic copy and exclude redundant copies.
168,datasets/raw/Cotton/curl_virus/cotton-leaf-curl-virus-cotton-1595427323.jpg,Cotton,curl_virus,raw,KEEP,datasets/raw/Cotton/curl_virus/cotton-leaf-curl-virus-cotton-1595427323.jpg,,Exact duplicate within the dataset. Retain one deterministic copy and exclude redundant copies.
168,datasets/raw/Cotton/curl_virus/curl387.jpg,Cotton,curl_virus,raw,EXCLUDE,datasets/raw/Cotton/curl_virus/cotton-leaf-curl-virus-cotton-1595427323.jpg,datasets/raw/Cotton/curl_virus/curl387.jpg,Exact duplicate within the dataset. Retain one deterministic copy and exclude redundant copies.
169,datasets/raw/Rice/Leaf Blast/IMG_20231018_143856 - Copy.jpg,Rice,Leaf Blast,raw,KEEP,datasets/raw/Rice/Leaf Blast/IMG_20231018_143856 - Copy.jpg,,Exact duplicate within the dataset. Retain one deterministic copy and exclude redundant copies.
169,datasets/raw/Rice/Leaf Blast/IMG_20231018_143856.jpg,Rice,Leaf Blast,raw,EXCLUDE,datasets/raw/Rice/Leaf Blast/IMG_20231018_143856 - Copy.jpg,datasets/raw/Rice/Leaf Blast/IMG_20231018_143856.jpg,Exact duplicate within the dataset. Retain one deterministic copy and exclude redundant copies.
170,datasets/raw/Cotton/curl_virus/curl157.jpg,Cotton,curl_virus,raw,KEEP,datasets/raw/Cotton/curl_virus/curl157.jpg,,Exact duplicate within the dataset. Retain one deterministic copy and exclude redundant copies.
170,datasets/raw/Cotton/curl_virus/curl216.jpg,Cotton,curl_virus,raw,EXCLUDE,datasets/raw/Cotton/curl_virus/curl157.jpg,datasets/raw/Cotton/curl_virus/curl216.jpg,Exact duplicate within the dataset. Retain one deterministic copy and exclude redundant copies.
171,datasets/raw/Mango/Die Back/20211129_161605 (Custom)(1).jpg,Mango,Die Back,raw,KEEP,datasets/raw/Mango/Die Back/20211129_161605 (Custom)(1).jpg,,Exact duplicate within the dataset. Retain one deterministic copy and exclude redundant copies.
171,datasets/raw/Mango/Die Back/20211129_161605 (Custom).jpg,Mango,Die Back,raw,EXCLUDE,datasets/raw/Mango/Die Back/20211129_161605 (Custom)(1).jpg,datasets/raw/Mango/Die Back/20211129_161605 (Custom).jpg,Exact duplicate within the dataset. Retain one deterministic copy and exclude redundant copies.
172,datasets/raw/Banana/OriginalSet/healthy/111.jpeg,Banana,healthy,raw,KEEP,datasets/raw/Banana/OriginalSet/healthy/111.jpeg,,Exact duplicate within the dataset. Retain one deterministic copy and exclude redundant copies.
172,datasets/raw/Banana/OriginalSet/healthy/18.jpeg,Banana,healthy,raw,EXCLUDE,datasets/raw/Banana/OriginalSet/healthy/111.jpeg,datasets/raw/Banana/OriginalSet/healthy/18.jpeg,Exact duplicate within the dataset. Retain one deterministic copy and exclude redundant copies.
173,datasets/raw/Rice/Leaf Blast/IMG_20231018_143802_1 - Copy.jpg,Rice,Leaf Blast,raw,KEEP,datasets/raw/Rice/Leaf Blast/IMG_20231018_143802_1 - Copy.jpg,,Exact duplicate within the dataset. Retain one deterministic copy and exclude redundant copies.
173,datasets/raw/Rice/Leaf Blast/IMG_20231018_143802_1.jpg,Rice,Leaf Blast,raw,EXCLUDE,datasets/raw/Rice/Leaf Blast/IMG_20231018_143802_1 - Copy.jpg,datasets/raw/Rice/Leaf Blast/IMG_20231018_143802_1.jpg,Exact duplicate within the dataset. Retain one deterministic copy and exclude redundant copies.
174,datasets/raw/Rice/Leaf Blast/IMG_20231018_143843 - Copy.jpg,Rice,Leaf Blast,raw,KEEP,datasets/raw/Rice/Leaf Blast/IMG_20231018_143843 - Copy.jpg,,Exact duplicate within the dataset. Retain one deterministic copy and exclude redundant copies.
174,datasets/raw/Rice/Leaf Blast/IMG_20231018_143843.jpg,Rice,Leaf Blast,raw,EXCLUDE,datasets/raw/Rice/Leaf Blast/IMG_20231018_143843 - Copy.jpg,datasets/raw/Rice/Leaf Blast/IMG_20231018_143843.jpg,Exact duplicate within the dataset. Retain one deterministic copy and exclude redundant copies.
175,datasets/raw/Banana/OriginalSet/healthy/33.jpeg,Banana,healthy,raw,KEEP,datasets/raw/Banana/OriginalSet/healthy/33.jpeg,,Exact duplicate within the dataset. Retain one deterministic copy and exclude redundant copies.
175,datasets/raw/Banana/OriginalSet/healthy/36.jpeg,Banana,healthy,raw,EXCLUDE,datasets/raw/Banana/OriginalSet/healthy/33.jpeg,datasets/raw/Banana/OriginalSet/healthy/36.jpeg,Exact duplicate within the dataset. Retain one deterministic copy and exclude redundant copies.
176,datasets/raw/Rice/Leaf Blast/IMG_20231018_143857 - Copy.jpg,Rice,Leaf Blast,raw,KEEP,datasets/raw/Rice/Leaf Blast/IMG_20231018_143857 - Copy.jpg,,Exact duplicate within the dataset. Retain one deterministic copy and exclude redundant copies.
176,datasets/raw/Rice/Leaf Blast/IMG_20231018_143857.jpg,Rice,Leaf Blast,raw,EXCLUDE,datasets/raw/Rice/Leaf Blast/IMG_20231018_143857 - Copy.jpg,datasets/raw/Rice/Leaf Blast/IMG_20231018_143857.jpg,Exact duplicate within the dataset. Retain one deterministic copy and exclude redundant copies.
177,datasets/raw/Rice/Sheath Blight/IMG_20231006_163221 - Copy.jpg,Rice,Sheath Blight,raw,KEEP,datasets/raw/Rice/Sheath Blight/IMG_20231006_163221 - Copy.jpg,,Exact duplicate within the dataset. Retain one deterministic copy and exclude redundant copies.
177,datasets/raw/Rice/Sheath Blight/IMG_20231006_163221.jpg,Rice,Sheath Blight,raw,EXCLUDE,datasets/raw/Rice/Sheath Blight/IMG_20231006_163221 - Copy.jpg,datasets/raw/Rice/Sheath Blight/IMG_20231006_163221.jpg,Exact duplicate within the dataset. Retain one deterministic copy and exclude redundant copies.
178,datasets/raw/Mango/Anthracnose/IMG_20211011_140539 (Custom).jpg,Mango,Anthracnose,raw,KEEP,datasets/raw/Mango/Anthracnose/IMG_20211011_140539 (Custom).jpg,,Exact duplicate within the dataset. Retain one deterministic copy and exclude redundant copies.
178,datasets/raw/Mango/Anthracnose/IMG_20211011_140539 - Copy (Custom).jpg,Mango,Anthracnose,raw,EXCLUDE,datasets/raw/Mango/Anthracnose/IMG_20211011_140539 (Custom).jpg,datasets/raw/Mango/Anthracnose/IMG_20211011_140539 - Copy (Custom).jpg,Exact duplicate within the dataset. Retain one deterministic copy and exclude redundant copies.
179,datasets/raw/Cotton/curl_virus/curl147.jpg,Cotton,curl_virus,raw,KEEP,datasets/raw/Cotton/curl_virus/curl147.jpg,,Exact duplicate within the dataset. Retain one deterministic copy and exclude redundant copies.
179,datasets/raw/Cotton/curl_virus/curl148.jpg,Cotton,curl_virus,raw,EXCLUDE,datasets/raw/Cotton/curl_virus/curl147.jpg,datasets/raw/Cotton/curl_virus/curl148.jpg,Exact duplicate within the dataset. Retain one deterministic copy and exclude redundant copies.
180,datasets/raw/Mango/Anthracnose/20211011_170714 (Custom).jpg,Mango,Anthracnose,raw,KEEP,datasets/raw/Mango/Anthracnose/20211011_170714 (Custom).jpg,,Exact duplicate within the dataset. Retain one deterministic copy and exclude redundant copies.
180,datasets/raw/Mango/Anthracnose/20211011_170714 - Copy - Copy - Copy (Custom).jpg,Mango,Anthracnose,raw,EXCLUDE,datasets/raw/Mango/Anthracnose/20211011_170714 (Custom).jpg,datasets/raw/Mango/Anthracnose/20211011_170714 - Copy - Copy - Copy (Custom).jpg,Exact duplicate within the dataset. Retain one deterministic copy and exclude redundant copies.
181,datasets/raw/PlantVillage/Tomato_Late_blight/5688ea99-c949-41d0-bbab-9cbf0ffb8bcd___GHLB2 Leaf 8677.JPG,PlantVillage,Tomato_Late_blight,raw,KEEP,datasets/raw/PlantVillage/Tomato_Late_blight/5688ea99-c949-41d0-bbab-9cbf0ffb8bcd___GHLB2 Leaf 8677.JPG,,Exact duplicate within the dataset. Retain one deterministic copy and exclude redundant copies.
181,datasets/raw/PlantVillage/Tomato_Late_blight/e20107e7-137f-400e-817f-5dc4c58e5d70___GHLB2 Leaf 8677.JPG,PlantVillage,Tomato_Late_blight,raw,EXCLUDE,datasets/raw/PlantVillage/Tomato_Late_blight/5688ea99-c949-41d0-bbab-9cbf0ffb8bcd___GHLB2 Leaf 8677.JPG,datasets/raw/PlantVillage/Tomato_Late_blight/e20107e7-137f-400e-817f-5dc4c58e5d70___GHLB2 Leaf 8677.JPG,Exact duplicate within the dataset. Retain one deterministic copy and exclude redundant copies.
182,datasets/raw/Cotton/fussarium_wilt/done18.jpg,Cotton,fussarium_wilt,raw,KEEP,datasets/raw/Cotton/fussarium_wilt/done18.jpg,,Exact duplicate within the dataset. Retain one deterministic copy and exclude redundant copies.
182,datasets/raw/Cotton/fussarium_wilt/fus167.jpg,Cotton,fussarium_wilt,raw,EXCLUDE,datasets/raw/Cotton/fussarium_wilt/done18.jpg,datasets/raw/Cotton/fussarium_wilt/fus167.jpg,Exact duplicate within the dataset. Retain one deterministic copy and exclude redundant copies.
183,datasets/raw/Rice/Healthy Rice Leaf/Healthy_rice_leaf (26).jpg,Rice,Healthy Rice Leaf,raw,KEEP,datasets/raw/Rice/Healthy Rice Leaf/Healthy_rice_leaf (26).jpg,,Exact duplicate within the dataset. Retain one deterministic copy and exclude redundant copies.
183,datasets/raw/Rice/Healthy Rice Leaf/Healthy_rice_leaf (27).jpg,Rice,Healthy Rice Leaf,raw,EXCLUDE,datasets/raw/Rice/Healthy Rice Leaf/Healthy_rice_leaf (26).jpg,datasets/raw/Rice/Healthy Rice Leaf/Healthy_rice_leaf (27).jpg,Exact duplicate within the dataset. Retain one deterministic copy and exclude redundant copies.
184,datasets/raw/Cotton/healthy/h241.jpg,Cotton,healthy,raw,KEEP,datasets/raw/Cotton/healthy/h241.jpg,,Exact duplicate within the dataset. Retain one deterministic copy and exclude redundant copies.
184,datasets/raw/Cotton/healthy/h245.jpg,Cotton,healthy,raw,EXCLUDE,datasets/raw/Cotton/healthy/h241.jpg,datasets/raw/Cotton/healthy/h245.jpg,Exact duplicate within the dataset. Retain one deterministic copy and exclude redundant copies.
185,datasets/raw/Banana/OriginalSet/healthy/19.jpeg,Banana,healthy,raw,KEEP,datasets/raw/Banana/OriginalSet/healthy/19.jpeg,,Exact duplicate within the dataset. Retain one deterministic copy and exclude redundant copies.
185,datasets/raw/Banana/OriginalSet/healthy/58.jpeg,Banana,healthy,raw,EXCLUDE,datasets/raw/Banana/OriginalSet/healthy/19.jpeg,datasets/raw/Banana/OriginalSet/healthy/58.jpeg,Exact duplicate within the dataset. Retain one deterministic copy and exclude redundant copies.
186,datasets/raw/Cotton/curl_virus/curl156.jpg,Cotton,curl_virus,raw,KEEP,datasets/raw/Cotton/curl_virus/curl156.jpg,,Exact duplicate within the dataset. Retain one deterministic copy and exclude redundant copies.
186,datasets/raw/Cotton/curl_virus/curl215.jpg,Cotton,curl_virus,raw,EXCLUDE,datasets/raw/Cotton/curl_virus/curl156.jpg,datasets/raw/Cotton/curl_virus/curl215.jpg,Exact duplicate within the dataset. Retain one deterministic copy and exclude redundant copies.
187,datasets/raw/Banana/AugmentedSet/healthy/190_aug.jpeg,Banana,healthy,raw,KEEP,datasets/raw/Banana/AugmentedSet/healthy/190_aug.jpeg,,Exact duplicate within the dataset. Retain one deterministic copy and exclude redundant copies.
187,datasets/raw/Banana/AugmentedSet/healthy/31_aug.jpeg,Banana,healthy,raw,EXCLUDE,datasets/raw/Banana/AugmentedSet/healthy/190_aug.jpeg,datasets/raw/Banana/AugmentedSet/healthy/31_aug.jpeg,Exact duplicate within the dataset. Retain one deterministic copy and exclude redundant copies.
188,datasets/raw/Cotton/fussarium_wilt/done1.jpg,Cotton,fussarium_wilt,raw,KEEP,datasets/raw/Cotton/fussarium_wilt/done1.jpg,,Exact duplicate within the dataset. Retain one deterministic copy and exclude redundant copies.
188,datasets/raw/Cotton/fussarium_wilt/fus16.jpg,Cotton,fussarium_wilt,raw,EXCLUDE,datasets/raw/Cotton/fussarium_wilt/done1.jpg,datasets/raw/Cotton/fussarium_wilt/fus16.jpg,Exact duplicate within the dataset. Retain one deterministic copy and exclude redundant copies.
189,datasets/raw/Rice/Leaf Blast/IMG_20231018_143844 - Copy.jpg,Rice,Leaf Blast,raw,KEEP,datasets/raw/Rice/Leaf Blast/IMG_20231018_143844 - Copy.jpg,,Exact duplicate within the dataset. Retain one deterministic copy and exclude redundant copies.
189,datasets/raw/Rice/Leaf Blast/IMG_20231018_143844.jpg,Rice,Leaf Blast,raw,EXCLUDE,datasets/raw/Rice/Leaf Blast/IMG_20231018_143844 - Copy.jpg,datasets/raw/Rice/Leaf Blast/IMG_20231018_143844.jpg,Exact duplicate within the dataset. Retain one deterministic copy and exclude redundant copies.
190,datasets/raw/Cotton/healthy/h386.jpg,Cotton,healthy,raw,KEEP,datasets/raw/Cotton/healthy/h386.jpg,,Exact duplicate within the dataset. Retain one deterministic copy and exclude redundant copies.
190,datasets/raw/Cotton/healthy/h389.jpg,Cotton,healthy,raw,EXCLUDE,datasets/raw/Cotton/healthy/h386.jpg,datasets/raw/Cotton/healthy/h389.jpg,Exact duplicate within the dataset. Retain one deterministic copy and exclude redundant copies.
191,datasets/raw/PlantDoc/test/Potato leaf late blight/Potato leaf late blight (4).jpg,PlantDoc,Potato leaf late blight,test,EXCLUDE_ALL,,datasets/raw/PlantDoc/test/Potato leaf late blight/Potato leaf late blight (4).jpg,Exact duplicate with conflicting source labels. Manual review could not establish a sufficiently reliable label. Exclude from cleaned disease dataset.
191,datasets/raw/PlantDoc/train/Potato leaf early blight/Potato leaf early blight (24).jpg,PlantDoc,Potato leaf early blight,train,EXCLUDE_ALL,,datasets/raw/PlantDoc/train/Potato leaf early blight/Potato leaf early blight (24).jpg,Exact duplicate with conflicting source labels. Manual review could not establish a sufficiently reliable label. Exclude from cleaned disease dataset.
192,datasets/raw/Cotton/healthy/h420.jpg,Cotton,healthy,raw,KEEP,datasets/raw/Cotton/healthy/h420.jpg,,Exact duplicate within the dataset. Retain one deterministic copy and exclude redundant copies.
192,datasets/raw/Cotton/healthy/h425.jpg,Cotton,healthy,raw,EXCLUDE,datasets/raw/Cotton/healthy/h420.jpg,datasets/raw/Cotton/healthy/h425.jpg,Exact duplicate within the dataset. Retain one deterministic copy and exclude redundant copies.
193,datasets/raw/Cotton/fussarium_wilt/done12.jpg,Cotton,fussarium_wilt,raw,KEEP,datasets/raw/Cotton/fussarium_wilt/done12.jpg,,Exact duplicate within the dataset. Retain one deterministic copy and exclude redundant copies.
193,datasets/raw/Cotton/fussarium_wilt/fus120.jpg,Cotton,fussarium_wilt,raw,EXCLUDE,datasets/raw/Cotton/fussarium_wilt/done12.jpg,datasets/raw/Cotton/fussarium_wilt/fus120.jpg,Exact duplicate within the dataset. Retain one deterministic copy and exclude redundant copies.
194,datasets/raw/Cotton/healthy/h91.jpg,Cotton,healthy,raw,KEEP,datasets/raw/Cotton/healthy/h91.jpg,,Exact duplicate within the dataset. Retain one deterministic copy and exclude redundant copies.
194,datasets/raw/Cotton/healthy/h95.jpg,Cotton,healthy,raw,EXCLUDE,datasets/raw/Cotton/healthy/h91.jpg,datasets/raw/Cotton/healthy/h95.jpg,Exact duplicate within the dataset. Retain one deterministic copy and exclude redundant copies.
195,datasets/raw/Rice/Leaf Blast/IMG_20231018_143856_1 - Copy.jpg,Rice,Leaf Blast,raw,KEEP,datasets/raw/Rice/Leaf Blast/IMG_20231018_143856_1 - Copy.jpg,,Exact duplicate within the dataset. Retain one deterministic copy and exclude redundant copies.
195,datasets/raw/Rice/Leaf Blast/IMG_20231018_143856_1.jpg,Rice,Leaf Blast,raw,EXCLUDE,datasets/raw/Rice/Leaf Blast/IMG_20231018_143856_1 - Copy.jpg,datasets/raw/Rice/Leaf Blast/IMG_20231018_143856_1.jpg,Exact duplicate within the dataset. Retain one deterministic copy and exclude redundant copies.
196,datasets/raw/Banana/OriginalSet/healthy/108.jpeg,Banana,healthy,raw,KEEP,datasets/raw/Banana/OriginalSet/healthy/108.jpeg,,Exact duplicate within the dataset. Retain one deterministic copy and exclude redundant copies.
196,datasets/raw/Banana/OriginalSet/healthy/16.jpeg,Banana,healthy,raw,EXCLUDE,datasets/raw/Banana/OriginalSet/healthy/108.jpeg,datasets/raw/Banana/OriginalSet/healthy/16.jpeg,Exact duplicate within the dataset. Retain one deterministic copy and exclude redundant copies.
197,datasets/raw/PlantDoc/test/Potato leaf late blight/Potato leaf late blight (6).jpg,PlantDoc,Potato leaf late blight,test,EXCLUDE_ALL,,datasets/raw/PlantDoc/test/Potato leaf late blight/Potato leaf late blight (6).jpg,Exact duplicate with conflicting source labels. Manual review could not establish a sufficiently reliable label. Exclude from cleaned disease dataset.
197,datasets/raw/PlantDoc/train/Potato leaf early blight/Potato leaf early blight (70).jpg,PlantDoc,Potato leaf early blight,train,EXCLUDE_ALL,,datasets/raw/PlantDoc/train/Potato leaf early blight/Potato leaf early blight (70).jpg,Exact duplicate with conflicting source labels. Manual review could not establish a sufficiently reliable label. Exclude from cleaned disease dataset.
198,datasets/raw/Cotton/bacterial_blight/2015-angular-leaf-spot-colquitt-county-2.jpg,Cotton,bacterial_blight,raw,KEEP,datasets/raw/Cotton/bacterial_blight/2015-angular-leaf-spot-colquitt-county-2.jpg,,Exact duplicate within the dataset. Retain one deterministic copy and exclude redundant copies.
198,datasets/raw/Cotton/bacterial_blight/bact355.jpg,Cotton,bacterial_blight,raw,EXCLUDE,datasets/raw/Cotton/bacterial_blight/2015-angular-leaf-spot-colquitt-county-2.jpg,datasets/raw/Cotton/bacterial_blight/bact355.jpg,Exact duplicate within the dataset. Retain one deterministic copy and exclude redundant copies.
199,datasets/raw/Cotton/bacterial_blight/bact189.png,Cotton,bacterial_blight,raw,KEEP,datasets/raw/Cotton/bacterial_blight/bact189.png,,Exact duplicate within the dataset. Retain one deterministic copy and exclude redundant copies.
199,datasets/raw/Cotton/bacterial_blight/bact258.png,Cotton,bacterial_blight,raw,EXCLUDE,datasets/raw/Cotton/bacterial_blight/bact189.png,datasets/raw/Cotton/bacterial_blight/bact258.png,Exact duplicate within the dataset. Retain one deterministic copy and exclude redundant copies.
200,datasets/raw/Mango/Die Back/20211129_161620 (Custom)(1).jpg,Mango,Die Back,raw,KEEP,datasets/raw/Mango/Die Back/20211129_161620 (Custom)(1).jpg,,Exact duplicate within the dataset. Retain one deterministic copy and exclude redundant copies.
200,datasets/raw/Mango/Die Back/20211129_161620 (Custom).jpg,Mango,Die Back,raw,EXCLUDE,datasets/raw/Mango/Die Back/20211129_161620 (Custom)(1).jpg,datasets/raw/Mango/Die Back/20211129_161620 (Custom).jpg,Exact duplicate within the dataset. Retain one deterministic copy and exclude redundant copies.
201,datasets/raw/Rice/Brown Spot/IMG_20231018_143710 - Copy.jpg,Rice,Brown Spot,raw,KEEP,datasets/raw/Rice/Brown Spot/IMG_20231018_143710 - Copy.jpg,,Exact duplicate within the dataset. Retain one deterministic copy and exclude redundant copies.
201,datasets/raw/Rice/Brown Spot/IMG_20231018_143710.jpg,Rice,Brown Spot,raw,EXCLUDE,datasets/raw/Rice/Brown Spot/IMG_20231018_143710 - Copy.jpg,datasets/raw/Rice/Brown Spot/IMG_20231018_143710.jpg,Exact duplicate within the dataset. Retain one deterministic copy and exclude redundant copies.
202,datasets/raw/Cotton/bacterial_blight/bact443.jpg,Cotton,bacterial_blight,raw,KEEP,datasets/raw/Cotton/bacterial_blight/bact443.jpg,,Exact duplicate within the dataset. Retain one deterministic copy and exclude redundant copies.
202,datasets/raw/Cotton/bacterial_blight/bact445.jpg,Cotton,bacterial_blight,raw,EXCLUDE,datasets/raw/Cotton/bacterial_blight/bact443.jpg,datasets/raw/Cotton/bacterial_blight/bact445.jpg,Exact duplicate within the dataset. Retain one deterministic copy and exclude redundant copies.
203,datasets/raw/Cotton/bacterial_blight/bact181.png,Cotton,bacterial_blight,raw,KEEP,datasets/raw/Cotton/bacterial_blight/bact181.png,,Exact duplicate within the dataset. Retain one deterministic copy and exclude redundant copies.
203,datasets/raw/Cotton/bacterial_blight/bact250.png,Cotton,bacterial_blight,raw,EXCLUDE,datasets/raw/Cotton/bacterial_blight/bact181.png,datasets/raw/Cotton/bacterial_blight/bact250.png,Exact duplicate within the dataset. Retain one deterministic copy and exclude redundant copies.
204,datasets/raw/PlantVillage/Tomato_healthy/37203047-d8ba-43f7-b31e-d496c41c569c___GH_HL Leaf 389.JPG,PlantVillage,Tomato_healthy,raw,KEEP,datasets/raw/PlantVillage/Tomato_healthy/37203047-d8ba-43f7-b31e-d496c41c569c___GH_HL Leaf 389.JPG,,Exact duplicate within the dataset. Retain one deterministic copy and exclude redundant copies.
204,datasets/raw/PlantVillage/Tomato_healthy/505465db-407b-4e0a-8110-7479dad5261c___GH_HL Leaf 389.JPG,PlantVillage,Tomato_healthy,raw,EXCLUDE,datasets/raw/PlantVillage/Tomato_healthy/37203047-d8ba-43f7-b31e-d496c41c569c___GH_HL Leaf 389.JPG,datasets/raw/PlantVillage/Tomato_healthy/505465db-407b-4e0a-8110-7479dad5261c___GH_HL Leaf 389.JPG,Exact duplicate within the dataset. Retain one deterministic copy and exclude redundant copies.
205,datasets/raw/PlantDoc/test/Blueberry leaf/Blueberry leaf (1).jpg,PlantDoc,Blueberry leaf,test,KEEP,datasets/raw/PlantDoc/test/Blueberry leaf/Blueberry leaf (1).jpg,,Exact duplicate appears in both train and test with the same label. Keep the test copy and exclude the training copy to eliminate test-set leakage.
205,datasets/raw/PlantDoc/train/Blueberry leaf/Blueberry leaf (49).jpg,PlantDoc,Blueberry leaf,train,EXCLUDE,datasets/raw/PlantDoc/test/Blueberry leaf/Blueberry leaf (1).jpg,datasets/raw/PlantDoc/train/Blueberry leaf/Blueberry leaf (49).jpg,Exact duplicate appears in both train and test with the same label. Keep the test copy and exclude the training copy to eliminate test-set leakage.
206,datasets/raw/Cotton/healthy/h114.jpg,Cotton,healthy,raw,KEEP,datasets/raw/Cotton/healthy/h114.jpg,,Exact duplicate within the dataset. Retain one deterministic copy and exclude redundant copies.
206,datasets/raw/Cotton/healthy/h309.jpg,Cotton,healthy,raw,EXCLUDE,datasets/raw/Cotton/healthy/h114.jpg,datasets/raw/Cotton/healthy/h309.jpg,Exact duplicate within the dataset. Retain one deterministic copy and exclude redundant copies.
207,datasets/raw/Cotton/curl_virus/curl205.jpg,Cotton,curl_virus,raw,KEEP,datasets/raw/Cotton/curl_virus/curl205.jpg,,Exact duplicate within the dataset. Retain one deterministic copy and exclude redundant copies.
207,datasets/raw/Cotton/curl_virus/curl207.jpg,Cotton,curl_virus,raw,EXCLUDE,datasets/raw/Cotton/curl_virus/curl205.jpg,datasets/raw/Cotton/curl_virus/curl207.jpg,Exact duplicate within the dataset. Retain one deterministic copy and exclude redundant copies.
208,datasets/raw/Mango/Anthracnose/IMG_20211011_153604 (Custom).jpg,Mango,Anthracnose,raw,KEEP,datasets/raw/Mango/Anthracnose/IMG_20211011_153604 (Custom).jpg,,Exact duplicate within the dataset. Retain one deterministic copy and exclude redundant copies.
208,datasets/raw/Mango/Anthracnose/IMG_20211011_153604 - Copy (Custom).jpg,Mango,Anthracnose,raw,EXCLUDE,datasets/raw/Mango/Anthracnose/IMG_20211011_153604 (Custom).jpg,datasets/raw/Mango/Anthracnose/IMG_20211011_153604 - Copy (Custom).jpg,Exact duplicate within the dataset. Retain one deterministic copy and exclude redundant copies.
209,datasets/raw/Rice/Brown Spot/Brown_spot (133).jpg,Rice,Brown Spot,raw,KEEP,datasets/raw/Rice/Brown Spot/Brown_spot (133).jpg,,Exact duplicate within the dataset. Retain one deterministic copy and exclude redundant copies.
209,datasets/raw/Rice/Brown Spot/Brown_spot (134).jpg,Rice,Brown Spot,raw,EXCLUDE,datasets/raw/Rice/Brown Spot/Brown_spot (133).jpg,datasets/raw/Rice/Brown Spot/Brown_spot (134).jpg,Exact duplicate within the dataset. Retain one deterministic copy and exclude redundant copies.
210,datasets/raw/Rice/Sheath Blight/IMG_20231014_172039 - Copy.jpg,Rice,Sheath Blight,raw,KEEP,datasets/raw/Rice/Sheath Blight/IMG_20231014_172039 - Copy.jpg,,Exact duplicate within the dataset. Retain one deterministic copy and exclude redundant copies.
210,datasets/raw/Rice/Sheath Blight/IMG_20231014_172039.jpg,Rice,Sheath Blight,raw,EXCLUDE,datasets/raw/Rice/Sheath Blight/IMG_20231014_172039 - Copy.jpg,datasets/raw/Rice/Sheath Blight/IMG_20231014_172039.jpg,Exact duplicate within the dataset. Retain one deterministic copy and exclude redundant copies.
211,datasets/raw/Banana/OriginalSet/healthy/124.jpeg,Banana,healthy,raw,KEEP,datasets/raw/Banana/OriginalSet/healthy/124.jpeg,,Exact duplicate within the dataset. Retain one deterministic copy and exclude redundant copies.
211,datasets/raw/Banana/OriginalSet/healthy/30.jpeg,Banana,healthy,raw,EXCLUDE,datasets/raw/Banana/OriginalSet/healthy/124.jpeg,datasets/raw/Banana/OriginalSet/healthy/30.jpeg,Exact duplicate within the dataset. Retain one deterministic copy and exclude redundant copies.
212,datasets/raw/Cotton/fussarium_wilt/done20.jpg,Cotton,fussarium_wilt,raw,KEEP,datasets/raw/Cotton/fussarium_wilt/done20.jpg,,Exact duplicate within the dataset. Retain one deterministic copy and exclude redundant copies.
212,datasets/raw/Cotton/fussarium_wilt/fus198.jpg,Cotton,fussarium_wilt,raw,EXCLUDE,datasets/raw/Cotton/fussarium_wilt/done20.jpg,datasets/raw/Cotton/fussarium_wilt/fus198.jpg,Exact duplicate within the dataset. Retain one deterministic copy and exclude redundant copies.
213,datasets/raw/Cotton/fussarium_wilt/done15.png,Cotton,fussarium_wilt,raw,KEEP,datasets/raw/Cotton/fussarium_wilt/done15.png,,Exact duplicate within the dataset. Retain one deterministic copy and exclude redundant copies.
213,datasets/raw/Cotton/fussarium_wilt/fus144.png,Cotton,fussarium_wilt,raw,EXCLUDE,datasets/raw/Cotton/fussarium_wilt/done15.png,datasets/raw/Cotton/fussarium_wilt/fus144.png,Exact duplicate within the dataset. Retain one deterministic copy and exclude redundant copies.
214,datasets/raw/Cotton/curl_virus/curl250 - Copy.jpg,Cotton,curl_virus,raw,KEEP,datasets/raw/Cotton/curl_virus/curl250 - Copy.jpg,,Exact duplicate within the dataset. Retain one deterministic copy and exclude redundant copies.
214,datasets/raw/Cotton/curl_virus/curl250.jpg,Cotton,curl_virus,raw,EXCLUDE,datasets/raw/Cotton/curl_virus/curl250 - Copy.jpg,datasets/raw/Cotton/curl_virus/curl250.jpg,Exact duplicate within the dataset. Retain one deterministic copy and exclude redundant copies.
215,datasets/raw/Rice/Brown Spot/IMG_20231018_143715 - Copy.jpg,Rice,Brown Spot,raw,KEEP,datasets/raw/Rice/Brown Spot/IMG_20231018_143715 - Copy.jpg,,Exact duplicate within the dataset. Retain one deterministic copy and exclude redundant copies.
215,datasets/raw/Rice/Brown Spot/IMG_20231018_143715.jpg,Rice,Brown Spot,raw,EXCLUDE,datasets/raw/Rice/Brown Spot/IMG_20231018_143715 - Copy.jpg,datasets/raw/Rice/Brown Spot/IMG_20231018_143715.jpg,Exact duplicate within the dataset. Retain one deterministic copy and exclude redundant copies.
216,datasets/raw/Cotton/curl_virus/curl343.jpg,Cotton,curl_virus,raw,KEEP,datasets/raw/Cotton/curl_virus/curl343.jpg,,Exact duplicate within the dataset. Retain one deterministic copy and exclude redundant copies.
216,datasets/raw/Cotton/curl_virus/curl8.jpg,Cotton,curl_virus,raw,EXCLUDE,datasets/raw/Cotton/curl_virus/curl343.jpg,datasets/raw/Cotton/curl_virus/curl8.jpg,Exact duplicate within the dataset. Retain one deterministic copy and exclude redundant copies.
217,datasets/raw/Cotton/healthy/h47.jpg,Cotton,healthy,raw,KEEP,datasets/raw/Cotton/healthy/h47.jpg,,Exact duplicate within the dataset. Retain one deterministic copy and exclude redundant copies.
217,datasets/raw/Cotton/healthy/h51.jpg,Cotton,healthy,raw,EXCLUDE,datasets/raw/Cotton/healthy/h47.jpg,datasets/raw/Cotton/healthy/h51.jpg,Exact duplicate within the dataset. Retain one deterministic copy and exclude redundant copies.
218,datasets/raw/Cotton/healthy/h108.jpg,Cotton,healthy,raw,KEEP,datasets/raw/Cotton/healthy/h108.jpg,,Exact duplicate within the dataset. Retain one deterministic copy and exclude redundant copies.
218,datasets/raw/Cotton/healthy/h109.jpg,Cotton,healthy,raw,EXCLUDE,datasets/raw/Cotton/healthy/h108.jpg,datasets/raw/Cotton/healthy/h109.jpg,Exact duplicate within the dataset. Retain one deterministic copy and exclude redundant copies.
219,datasets/raw/PlantVillage/Tomato_healthy/068e324c-faf6-40d6-8f83-578907f1cac5___GH_HL Leaf 466.1.JPG,PlantVillage,Tomato_healthy,raw,KEEP,datasets/raw/PlantVillage/Tomato_healthy/068e324c-faf6-40d6-8f83-578907f1cac5___GH_HL Leaf 466.1.JPG,,Exact duplicate within the dataset. Retain one deterministic copy and exclude redundant copies.
219,datasets/raw/PlantVillage/Tomato_healthy/34c81c57-e1fa-49dd-a49d-34fe8b2385fe___GH_HL Leaf 466.1.JPG,PlantVillage,Tomato_healthy,raw,EXCLUDE,datasets/raw/PlantVillage/Tomato_healthy/068e324c-faf6-40d6-8f83-578907f1cac5___GH_HL Leaf 466.1.JPG,datasets/raw/PlantVillage/Tomato_healthy/34c81c57-e1fa-49dd-a49d-34fe8b2385fe___GH_HL Leaf 466.1.JPG,Exact duplicate within the dataset. Retain one deterministic copy and exclude redundant copies.
220,datasets/raw/PlantDoc/test/Corn Gray leaf spot/Corn Gray leaf spot (1).jpg,PlantDoc,Corn Gray leaf spot,test,EXCLUDE_ALL,,datasets/raw/PlantDoc/test/Corn Gray leaf spot/Corn Gray leaf spot (1).jpg,Exact duplicate with conflicting source labels. Manual review could not establish a sufficiently reliable label. Exclude from cleaned disease dataset.
220,datasets/raw/PlantDoc/train/Corn leaf blight/Corn leaf blight (121).jpg,PlantDoc,Corn leaf blight,train,EXCLUDE_ALL,,datasets/raw/PlantDoc/train/Corn leaf blight/Corn leaf blight (121).jpg,Exact duplicate with conflicting source labels. Manual review could not establish a sufficiently reliable label. Exclude from cleaned disease dataset.
221,datasets/raw/Mango/Anthracnose/IMG_20211011_153429 (Custom).jpg,Mango,Anthracnose,raw,KEEP,datasets/raw/Mango/Anthracnose/IMG_20211011_153429 (Custom).jpg,,Exact duplicate within the dataset. Retain one deterministic copy and exclude redundant copies.
221,datasets/raw/Mango/Anthracnose/IMG_20211011_153429 - Copy - Copy (Custom).jpg,Mango,Anthracnose,raw,EXCLUDE,datasets/raw/Mango/Anthracnose/IMG_20211011_153429 (Custom).jpg,datasets/raw/Mango/Anthracnose/IMG_20211011_153429 - Copy - Copy (Custom).jpg,Exact duplicate within the dataset. Retain one deterministic copy and exclude redundant copies.
222,datasets/raw/Cotton/fussarium_wilt/done13.jpg,Cotton,fussarium_wilt,raw,KEEP,datasets/raw/Cotton/fussarium_wilt/done13.jpg,,Exact duplicate within the dataset. Retain one deterministic copy and exclude redundant copies.
222,datasets/raw/Cotton/fussarium_wilt/fus128.jpg,Cotton,fussarium_wilt,raw,EXCLUDE,datasets/raw/Cotton/fussarium_wilt/done13.jpg,datasets/raw/Cotton/fussarium_wilt/fus128.jpg,Exact duplicate within the dataset. Retain one deterministic copy and exclude redundant copies.
223,datasets/raw/Cotton/fussarium_wilt/Figure-2B.png,Cotton,fussarium_wilt,raw,KEEP,datasets/raw/Cotton/fussarium_wilt/Figure-2B.png,,Exact duplicate within the dataset. Retain one deterministic copy and exclude redundant copies.
223,datasets/raw/Cotton/fussarium_wilt/done23.png,Cotton,fussarium_wilt,raw,EXCLUDE,datasets/raw/Cotton/fussarium_wilt/Figure-2B.png,datasets/raw/Cotton/fussarium_wilt/done23.png,Exact duplicate within the dataset. Retain one deterministic copy and exclude redundant copies.
224,datasets/raw/Cotton/bacterial_blight/bact186.png,Cotton,bacterial_blight,raw,KEEP,datasets/raw/Cotton/bacterial_blight/bact186.png,,Exact duplicate within the dataset. Retain one deterministic copy and exclude redundant copies.
224,datasets/raw/Cotton/bacterial_blight/bact255.png,Cotton,bacterial_blight,raw,EXCLUDE,datasets/raw/Cotton/bacterial_blight/bact186.png,datasets/raw/Cotton/bacterial_blight/bact255.png,Exact duplicate within the dataset. Retain one deterministic copy and exclude redundant copies.
225,datasets/raw/Rice/Leaf Blast/IMG_20231018_143841 - Copy.jpg,Rice,Leaf Blast,raw,KEEP,datasets/raw/Rice/Leaf Blast/IMG_20231018_143841 - Copy.jpg,,Exact duplicate within the dataset. Retain one deterministic copy and exclude redundant copies.
225,datasets/raw/Rice/Leaf Blast/IMG_20231018_143841.jpg,Rice,Leaf Blast,raw,EXCLUDE,datasets/raw/Rice/Leaf Blast/IMG_20231018_143841 - Copy.jpg,datasets/raw/Rice/Leaf Blast/IMG_20231018_143841.jpg,Exact duplicate within the dataset. Retain one deterministic copy and exclude redundant copies.
226,datasets/raw/PlantDoc/test/Corn leaf blight/Corn leaf blight (7).jpg,PlantDoc,Corn leaf blight,test,EXCLUDE_ALL,,datasets/raw/PlantDoc/test/Corn leaf blight/Corn leaf blight (7).jpg,Exact duplicate with conflicting source labels. Manual review could not establish a sufficiently reliable label. Exclude from cleaned disease dataset.
226,datasets/raw/PlantDoc/train/Corn Gray leaf spot/Corn Gray leaf spot (12).jpg,PlantDoc,Corn Gray leaf spot,train,EXCLUDE_ALL,,datasets/raw/PlantDoc/train/Corn Gray leaf spot/Corn Gray leaf spot (12).jpg,Exact duplicate with conflicting source labels. Manual review could not establish a sufficiently reliable label. Exclude from cleaned disease dataset.
227,datasets/raw/Cotton/healthy/h390.jpg,Cotton,healthy,raw,KEEP,datasets/raw/Cotton/healthy/h390.jpg,,Exact duplicate within the dataset. Retain one deterministic copy and exclude redundant copies.
227,datasets/raw/Cotton/healthy/h488.jpg,Cotton,healthy,raw,EXCLUDE,datasets/raw/Cotton/healthy/h390.jpg,datasets/raw/Cotton/healthy/h488.jpg,Exact duplicate within the dataset. Retain one deterministic copy and exclude redundant copies.
228,datasets/raw/Banana/OriginalSet/healthy/41.jpeg,Banana,healthy,raw,KEEP,datasets/raw/Banana/OriginalSet/healthy/41.jpeg,,Exact duplicate within the dataset. Retain one deterministic copy and exclude redundant copies.
228,datasets/raw/Banana/OriginalSet/healthy/8.jpeg,Banana,healthy,raw,EXCLUDE,datasets/raw/Banana/OriginalSet/healthy/41.jpeg,datasets/raw/Banana/OriginalSet/healthy/8.jpeg,Exact duplicate within the dataset. Retain one deterministic copy and exclude redundant copies.
229,datasets/raw/Rice/Brown Spot/Brown_spot (131).jpg,Rice,Brown Spot,raw,KEEP,datasets/raw/Rice/Brown Spot/Brown_spot (131).jpg,,Exact duplicate within the dataset. Retain one deterministic copy and exclude redundant copies.
229,datasets/raw/Rice/Brown Spot/Brown_spot (132).jpg,Rice,Brown Spot,raw,EXCLUDE,datasets/raw/Rice/Brown Spot/Brown_spot (131).jpg,datasets/raw/Rice/Brown Spot/Brown_spot (132).jpg,Exact duplicate within the dataset. Retain one deterministic copy and exclude redundant copies.
230,datasets/raw/Banana/OriginalSet/healthy/107.jpeg,Banana,healthy,raw,KEEP,datasets/raw/Banana/OriginalSet/healthy/107.jpeg,,Exact duplicate within the dataset. Retain one deterministic copy and exclude redundant copies.
230,datasets/raw/Banana/OriginalSet/healthy/14.jpeg,Banana,healthy,raw,EXCLUDE,datasets/raw/Banana/OriginalSet/healthy/107.jpeg,datasets/raw/Banana/OriginalSet/healthy/14.jpeg,Exact duplicate within the dataset. Retain one deterministic copy and exclude redundant copies.
231,datasets/raw/Cotton/healthy/h392.jpg,Cotton,healthy,raw,KEEP,datasets/raw/Cotton/healthy/h392.jpg,,Exact duplicate within the dataset. Retain one deterministic copy and exclude redundant copies.
231,datasets/raw/Cotton/healthy/h416.jpg,Cotton,healthy,raw,EXCLUDE,datasets/raw/Cotton/healthy/h392.jpg,datasets/raw/Cotton/healthy/h416.jpg,Exact duplicate within the dataset. Retain one deterministic copy and exclude redundant copies.
232,datasets/raw/Banana/AugmentedSet/healthy/257_aug.jpeg,Banana,healthy,raw,KEEP,datasets/raw/Banana/AugmentedSet/healthy/257_aug.jpeg,,Exact duplicate within the dataset. Retain one deterministic copy and exclude redundant copies.
232,datasets/raw/Banana/AugmentedSet/healthy/258_aug.jpeg,Banana,healthy,raw,EXCLUDE,datasets/raw/Banana/AugmentedSet/healthy/257_aug.jpeg,datasets/raw/Banana/AugmentedSet/healthy/258_aug.jpeg,Exact duplicate within the dataset. Retain one deterministic copy and exclude redundant copies.
233,datasets/raw/Cotton/fussarium_wilt/done5.jpg,Cotton,fussarium_wilt,raw,KEEP,datasets/raw/Cotton/fussarium_wilt/done5.jpg,,Exact duplicate within the dataset. Retain one deterministic copy and exclude redundant copies.
233,datasets/raw/Cotton/fussarium_wilt/fus33.jpg,Cotton,fussarium_wilt,raw,EXCLUDE,datasets/raw/Cotton/fussarium_wilt/done5.jpg,datasets/raw/Cotton/fussarium_wilt/fus33.jpg,Exact duplicate within the dataset. Retain one deterministic copy and exclude redundant copies.
234,datasets/raw/Mango/Anthracnose/20211011_170712 (Custom).jpg,Mango,Anthracnose,raw,KEEP,datasets/raw/Mango/Anthracnose/20211011_170712 (Custom).jpg,,Exact duplicate within the dataset. Retain one deterministic copy and exclude redundant copies.
234,datasets/raw/Mango/Anthracnose/20211011_170712 - Copy - Copy - Copy (Custom).jpg,Mango,Anthracnose,raw,EXCLUDE,datasets/raw/Mango/Anthracnose/20211011_170712 (Custom).jpg,datasets/raw/Mango/Anthracnose/20211011_170712 - Copy - Copy - Copy (Custom).jpg,Exact duplicate within the dataset. Retain one deterministic copy and exclude redundant copies.
235,datasets/raw/PlantDoc/test/Tomato Septoria leaf spot/Tomato Septoria leaf spot (9).jpg,PlantDoc,Tomato Septoria leaf spot,test,KEEP,datasets/raw/PlantDoc/test/Tomato Septoria leaf spot/Tomato Septoria leaf spot (9).jpg,,Exact duplicate appears in both train and test with the same label. Keep the test copy and exclude the training copy to eliminate test-set leakage.
235,datasets/raw/PlantDoc/train/Tomato Septoria leaf spot/Tomato Septoria leaf spot (48).jpg,PlantDoc,Tomato Septoria leaf spot,train,EXCLUDE,datasets/raw/PlantDoc/test/Tomato Septoria leaf spot/Tomato Septoria leaf spot (9).jpg,datasets/raw/PlantDoc/train/Tomato Septoria leaf spot/Tomato Septoria leaf spot (48).jpg,Exact duplicate appears in both train and test with the same label. Keep the test copy and exclude the training copy to eliminate test-set leakage.
236,datasets/raw/Banana/OriginalSet/healthy/17.jpeg,Banana,healthy,raw,KEEP,datasets/raw/Banana/OriginalSet/healthy/17.jpeg,,Exact duplicate within the dataset. Retain one deterministic copy and exclude redundant copies.
236,datasets/raw/Banana/OriginalSet/healthy/63.jpeg,Banana,healthy,raw,EXCLUDE,datasets/raw/Banana/OriginalSet/healthy/17.jpeg,datasets/raw/Banana/OriginalSet/healthy/63.jpeg,Exact duplicate within the dataset. Retain one deterministic copy and exclude redundant copies.
237,datasets/raw/Cotton/healthy/h289.jpg,Cotton,healthy,raw,KEEP,datasets/raw/Cotton/healthy/h289.jpg,,Exact duplicate within the dataset. Retain one deterministic copy and exclude redundant copies.
237,datasets/raw/Cotton/healthy/h305.jpg,Cotton,healthy,raw,EXCLUDE,datasets/raw/Cotton/healthy/h289.jpg,datasets/raw/Cotton/healthy/h305.jpg,Exact duplicate within the dataset. Retain one deterministic copy and exclude redundant copies.
238,datasets/raw/Rice/Brown Spot/IMG_20231018_143711 - Copy.jpg,Rice,Brown Spot,raw,KEEP,datasets/raw/Rice/Brown Spot/IMG_20231018_143711 - Copy.jpg,,Exact duplicate within the dataset. Retain one deterministic copy and exclude redundant copies.
238,datasets/raw/Rice/Brown Spot/IMG_20231018_143711.jpg,Rice,Brown Spot,raw,EXCLUDE,datasets/raw/Rice/Brown Spot/IMG_20231018_143711 - Copy.jpg,datasets/raw/Rice/Brown Spot/IMG_20231018_143711.jpg,Exact duplicate within the dataset. Retain one deterministic copy and exclude redundant copies.
239,datasets/raw/PlantDoc/test/Tomato leaf yellow virus/Tomato leaf yellow virus (6).jpg,PlantDoc,Tomato leaf yellow virus,test,KEEP,datasets/raw/PlantDoc/test/Tomato leaf yellow virus/Tomato leaf yellow virus (6).jpg,,Exact duplicate appears in both train and test with the same label. Keep the test copy and exclude the training copy to eliminate test-set leakage.
239,datasets/raw/PlantDoc/train/Tomato leaf yellow virus/Tomato leaf yellow virus (63).jpg,PlantDoc,Tomato leaf yellow virus,train,EXCLUDE,datasets/raw/PlantDoc/test/Tomato leaf yellow virus/Tomato leaf yellow virus (6).jpg,datasets/raw/PlantDoc/train/Tomato leaf yellow virus/Tomato leaf yellow virus (63).jpg,Exact duplicate appears in both train and test with the same label. Keep the test copy and exclude the training copy to eliminate test-set leakage.
240,datasets/raw/Mango/Die Back/20211129_161611 (Custom)(1).jpg,Mango,Die Back,raw,KEEP,datasets/raw/Mango/Die Back/20211129_161611 (Custom)(1).jpg,,Exact duplicate within the dataset. Retain one deterministic copy and exclude redundant copies.
240,datasets/raw/Mango/Die Back/20211129_161611 (Custom).jpg,Mango,Die Back,raw,EXCLUDE,datasets/raw/Mango/Die Back/20211129_161611 (Custom)(1).jpg,datasets/raw/Mango/Die Back/20211129_161611 (Custom).jpg,Exact duplicate within the dataset. Retain one deterministic copy and exclude redundant copies.
