distance,image_a,image_b,hash_a,hash_b
0,datasets\raw\Banana\AugmentedSet\cordana\110_aug.jpeg,datasets\raw\Banana\OriginalSet\cordana\65.jpeg,a19742dbcd632395,a19742dbcd632395
0,datasets\raw\Banana\AugmentedSet\cordana\119_aug.jpeg,datasets\raw\Banana\OriginalSet\cordana\10.jpeg,f6e28327c48bde18,f6e28327c48bde18
0,datasets\raw\Banana\AugmentedSet\cordana\128_aug.jpeg,datasets\raw\Banana\AugmentedSet\cordana\129_aug.jpeg,eb522354cd22357e,eb522354cd22357e
0,datasets\raw\Banana\AugmentedSet\cordana\133_aug.jpeg,datasets\raw\Banana\OriginalSet\cordana\88.jpeg,d52bca6e1a6d3434,d52bca6e1a6d3434
0,datasets\raw\Banana\AugmentedSet\cordana\169_aug.jpeg,datasets\raw\Banana\AugmentedSet\cordana\171_aug.jpeg,981d2accdce2666b,981d2accdce2666b
0,datasets\raw\Banana\AugmentedSet\cordana\173_aug.jpeg,datasets\raw\Banana\OriginalSet\cordana\119.jpeg,e31f3d3961256c49,e31f3d3961256c49
0,datasets\raw\Banana\AugmentedSet\cordana\1_aug.jpeg,datasets\raw\Banana\OriginalSet\cordana\45.jpeg,a55a50d5256ada6d,a55a50d5256ada6d
0,datasets\raw\Banana\AugmentedSet\cordana\20_aug.jpeg,datasets\raw\Banana\AugmentedSet\cordana\21_aug.jpeg,aaab945452eaaacd,aaab945452eaaacd
0,datasets\raw\Banana\AugmentedSet\cordana\211_aug.jpeg,datasets\raw\Banana\OriginalSet\cordana\9.jpeg,f0801f3f3f9a3063,f0801f3f3f9a3063
0,datasets\raw\Banana\AugmentedSet\cordana\224_aug.jpeg,datasets\raw\Banana\OriginalSet\cordana\30.jpeg,d2c989aaadcdcc64,d2c989aaadcdcc64
0,datasets\raw\Banana\AugmentedSet\cordana\226_aug.jpeg,datasets\raw\Banana\OriginalSet\cordana\110.jpeg,a5d5554a4eb5b4a8,a5d5554a4eb5b4a8
0,datasets\raw\Banana\AugmentedSet\cordana\229_aug.jpeg,datasets\raw\Banana\OriginalSet\cordana\35.jpeg,eaf10cc1234e9c9f,eaf10cc1234e9c9f
0,datasets\raw\Banana\AugmentedSet\cordana\271_aug.jpeg,datasets\raw\Banana\OriginalSet\cordana\31.jpeg,8fe633b08d26ccb2,8fe633b08d26ccb2
0,datasets\raw\Banana\AugmentedSet\cordana\284_aug.jpeg,datasets\raw\Banana\OriginalSet\cordana\16.jpeg,8ae2e233739c1f32,8ae2e233739c1f32
0,datasets\raw\Banana\AugmentedSet\cordana\292_aug.jpeg,datasets\raw\Banana\AugmentedSet\cordana\293_aug.jpeg,8853a35c6f8e4ca7,8853a35c6f8e4ca7
0,datasets\raw\Banana\AugmentedSet\cordana\323_aug.jpeg,datasets\raw\Banana\OriginalSet\cordana\12.jpeg,da36c966399e2634,da36c966399e2634
0,datasets\raw\Banana\AugmentedSet\cordana\331_aug.jpeg,datasets\raw\Banana\OriginalSet\cordana\15.jpeg,b36e398cb346598c,b36e398cb346598c
0,datasets\raw\Banana\AugmentedSet\cordana\360_aug.jpeg,datasets\raw\Banana\OriginalSet\cordana\91.jpeg,bd5e6a95d46a6032,bd5e6a95d46a6032
0,datasets\raw\Banana\AugmentedSet\cordana\366_aug.jpeg,datasets\raw\Banana\OriginalSet\cordana\4.jpeg,b5574a4a688de636,b5574a4a688de636
0,datasets\raw\Banana\AugmentedSet\cordana\376_aug.jpeg,datasets\raw\Banana\OriginalSet\cordana\83.jpeg,b5027088df70766f,b5027088df70766f
0,datasets\raw\Banana\AugmentedSet\cordana\6_aug.jpeg,datasets\raw\Banana\AugmentedSet\cordana\8_aug.jpeg,bee65992f29bc0c0,bee65992f29bc0c0
0,datasets\raw\Banana\AugmentedSet\cordana\6_aug.jpeg,datasets\raw\Banana\OriginalSet\cordana\1.jpeg,bee65992f29bc0c0,bee65992f29bc0c0
0,datasets\raw\Banana\AugmentedSet\cordana\8_aug.jpeg,datasets\raw\Banana\OriginalSet\cordana\1.jpeg,bee65992f29bc0c0,bee65992f29bc0c0
0,datasets\raw\Banana\AugmentedSet\cordana\83_aug.jpeg,datasets\raw\Banana\OriginalSet\cordana\90.jpeg,9dec1b84d09acf89,9dec1b84d09acf89
0,datasets\raw\Banana\AugmentedSet\cordana\95_aug.jpeg,datasets\raw\Banana\OriginalSet\cordana\107.jpeg,ca36cdeb30cd3298,ca36cdeb30cd3298
0,datasets\raw\Banana\AugmentedSet\healthy\127_aug.jpeg,datasets\raw\Banana\OriginalSet\healthy\32.jpeg,f9f1e1e1c1ccc468,f9f1e1e1c1ccc468
0,datasets\raw\Banana\AugmentedSet\healthy\127_aug.jpeg,datasets\raw\Banana\OriginalSet\healthy\38.jpeg,f9f1e1e1c1ccc468,f9f1e1e1c1ccc468
0,datasets\raw\Banana\OriginalSet\healthy\32.jpeg,datasets\raw\Banana\OriginalSet\healthy\38.jpeg,f9f1e1e1c1ccc468,f9f1e1e1c1ccc468
0,datasets\raw\Banana\AugmentedSet\healthy\130_aug.jpeg,datasets\raw\Banana\AugmentedSet\healthy\150_aug.jpeg,b9f2caccec2c6238,b9f2caccec2c6238
0,datasets\raw\Banana\AugmentedSet\healthy\130_aug.jpeg,datasets\raw\Banana\AugmentedSet\healthy\151_aug.jpeg,b9f2caccec2c6238,b9f2caccec2c6238
0,datasets\raw\Banana\AugmentedSet\healthy\130_aug.jpeg,datasets\raw\Banana\OriginalSet\healthy\33.jpeg,b9f2caccec2c6238,b9f2caccec2c6238
0,datasets\raw\Banana\AugmentedSet\healthy\130_aug.jpeg,datasets\raw\Banana\OriginalSet\healthy\36.jpeg,b9f2caccec2c6238,b9f2caccec2c6238
0,datasets\raw\Banana\AugmentedSet\healthy\150_aug.jpeg,datasets\raw\Banana\AugmentedSet\healthy\151_aug.jpeg,b9f2caccec2c6238,b9f2caccec2c6238
0,datasets\raw\Banana\AugmentedSet\healthy\150_aug.jpeg,datasets\raw\Banana\OriginalSet\healthy\33.jpeg,b9f2caccec2c6238,b9f2caccec2c6238
0,datasets\raw\Banana\AugmentedSet\healthy\150_aug.jpeg,datasets\raw\Banana\OriginalSet\healthy\36.jpeg,b9f2caccec2c6238,b9f2caccec2c6238
0,datasets\raw\Banana\AugmentedSet\healthy\151_aug.jpeg,datasets\raw\Banana\OriginalSet\healthy\33.jpeg,b9f2caccec2c6238,b9f2caccec2c6238
0,datasets\raw\Banana\AugmentedSet\healthy\151_aug.jpeg,datasets\raw\Banana\OriginalSet\healthy\36.jpeg,b9f2caccec2c6238,b9f2caccec2c6238
0,datasets\raw\Banana\OriginalSet\healthy\33.jpeg,datasets\raw\Banana\OriginalSet\healthy\36.jpeg,b9f2caccec2c6238,b9f2caccec2c6238
0,datasets\raw\Banana\AugmentedSet\healthy\136_aug.jpeg,datasets\raw\Banana\AugmentedSet\healthy\145_aug.jpeg,b90cca32ecd36ac5,b90cca32ecd36ac5
0,datasets\raw\Banana\AugmentedSet\healthy\154_aug.jpeg,datasets\raw\Banana\OriginalSet\healthy\37.jpeg,c0c0f3d0fad8be98,c0c0f3d0fad8be98
0,datasets\raw\Banana\AugmentedSet\healthy\181_aug.jpeg,datasets\raw\Banana\AugmentedSet\healthy\269_aug.jpeg,8eb8550f9ab1645d,8eb8550f9ab1645d
0,datasets\raw\Banana\AugmentedSet\healthy\181_aug.jpeg,datasets\raw\Banana\OriginalSet\healthy\42.jpeg,8eb8550f9ab1645d,8eb8550f9ab1645d
0,datasets\raw\Banana\AugmentedSet\healthy\181_aug.jpeg,datasets\raw\Banana\OriginalSet\healthy\6.jpeg,8eb8550f9ab1645d,8eb8550f9ab1645d
0,datasets\raw\Banana\AugmentedSet\healthy\269_aug.jpeg,datasets\raw\Banana\OriginalSet\healthy\42.jpeg,8eb8550f9ab1645d,8eb8550f9ab1645d
0,datasets\raw\Banana\AugmentedSet\healthy\269_aug.jpeg,datasets\raw\Banana\OriginalSet\healthy\6.jpeg,8eb8550f9ab1645d,8eb8550f9ab1645d
0,datasets\raw\Banana\OriginalSet\healthy\42.jpeg,datasets\raw\Banana\OriginalSet\healthy\6.jpeg,8eb8550f9ab1645d,8eb8550f9ab1645d
0,datasets\raw\Banana\AugmentedSet\healthy\190_aug.jpeg,datasets\raw\Banana\AugmentedSet\healthy\31_aug.jpeg,ead2b2e26ecc90e1,ead2b2e26ecc90e1
0,datasets\raw\Banana\AugmentedSet\healthy\22_aug.jpeg,datasets\raw\Banana\OriginalSet\healthy\13.jpeg,8c5ea8b5d827596c,8c5ea8b5d827596c
0,datasets\raw\Banana\AugmentedSet\healthy\22_aug.jpeg,datasets\raw\Banana\OriginalSet\healthy\43.jpeg,8c5ea8b5d827596c,8c5ea8b5d827596c
0,datasets\raw\Banana\OriginalSet\healthy\13.jpeg,datasets\raw\Banana\OriginalSet\healthy\43.jpeg,8c5ea8b5d827596c,8c5ea8b5d827596c
0,datasets\raw\Banana\AugmentedSet\healthy\233_aug.jpeg,datasets\raw\Banana\OriginalSet\healthy\53.jpeg,8e0f787f07c89a85,8e0f787f07c89a85
0,datasets\raw\Banana\AugmentedSet\healthy\236_aug.jpeg,datasets\raw\Banana\AugmentedSet\healthy\77_aug.jpeg,9293b5d55a51595a,9293b5d55a51595a
0,datasets\raw\Banana\AugmentedSet\healthy\236_aug.jpeg,datasets\raw\Banana\OriginalSet\healthy\23.jpeg,9293b5d55a51595a,9293b5d55a51595a
0,datasets\raw\Banana\AugmentedSet\healthy\236_aug.jpeg,datasets\raw\Banana\OriginalSet\healthy\54.jpeg,9293b5d55a51595a,9293b5d55a51595a
0,datasets\raw\Banana\AugmentedSet\healthy\77_aug.jpeg,datasets\raw\Banana\OriginalSet\healthy\23.jpeg,9293b5d55a51595a,9293b5d55a51595a
0,datasets\raw\Banana\AugmentedSet\healthy\77_aug.jpeg,datasets\raw\Banana\OriginalSet\healthy\54.jpeg,9293b5d55a51595a,9293b5d55a51595a
0,datasets\raw\Banana\OriginalSet\healthy\23.jpeg,datasets\raw\Banana\OriginalSet\healthy\54.jpeg,9293b5d55a51595a,9293b5d55a51595a
0,datasets\raw\Banana\AugmentedSet\healthy\257_aug.jpeg,datasets\raw\Banana\AugmentedSet\healthy\258_aug.jpeg,befe8170359243b1,befe8170359243b1
0,datasets\raw\Banana\AugmentedSet\healthy\257_aug.jpeg,datasets\raw\Banana\OriginalSet\healthy\19.jpeg,befe8170359243b1,befe8170359243b1
0,datasets\raw\Banana\AugmentedSet\healthy\257_aug.jpeg,datasets\raw\Banana\OriginalSet\healthy\58.jpeg,befe8170359243b1,befe8170359243b1
0,datasets\raw\Banana\AugmentedSet\healthy\258_aug.jpeg,datasets\raw\Banana\OriginalSet\healthy\19.jpeg,befe8170359243b1,befe8170359243b1
0,datasets\raw\Banana\AugmentedSet\healthy\258_aug.jpeg,datasets\raw\Banana\OriginalSet\healthy\58.jpeg,befe8170359243b1,befe8170359243b1
0,datasets\raw\Banana\OriginalSet\healthy\19.jpeg,datasets\raw\Banana\OriginalSet\healthy\58.jpeg,befe8170359243b1,befe8170359243b1
0,datasets\raw\Banana\AugmentedSet\healthy\280_aug.jpeg,datasets\raw\Banana\AugmentedSet\healthy\281_aug.jpeg,998ce6571a8a2dd6,998ce6571a8a2dd6
0,datasets\raw\Banana\AugmentedSet\healthy\314_aug.jpeg,datasets\raw\Banana\OriginalSet\healthy\40.jpeg,c5804255bf7e6875,c5804255bf7e6875
0,datasets\raw\Banana\AugmentedSet\healthy\314_aug.jpeg,datasets\raw\Banana\OriginalSet\healthy\7.jpeg,c5804255bf7e6875,c5804255bf7e6875
0,datasets\raw\Banana\OriginalSet\healthy\40.jpeg,datasets\raw\Banana\OriginalSet\healthy\7.jpeg,c5804255bf7e6875,c5804255bf7e6875
0,datasets\raw\Banana\AugmentedSet\healthy\342_aug.jpeg,datasets\raw\Banana\OriginalSet\healthy\75.jpeg,faaa9ab28a1489be,faaa9ab28a1489be
0,datasets\raw\Banana\AugmentedSet\healthy\35_aug.jpeg,datasets\raw\Banana\OriginalSet\healthy\108.jpeg,c8ac20ebf8ff600e,c8ac20ebf8ff600e
0,datasets\raw\Banana\AugmentedSet\healthy\35_aug.jpeg,datasets\raw\Banana\OriginalSet\healthy\16.jpeg,c8ac20ebf8ff600e,c8ac20ebf8ff600e
0,datasets\raw\Banana\OriginalSet\healthy\108.jpeg,datasets\raw\Banana\OriginalSet\healthy\16.jpeg,c8ac20ebf8ff600e,c8ac20ebf8ff600e
0,datasets\raw\Banana\AugmentedSet\healthy\397_aug.jpeg,datasets\raw\Banana\OriginalSet\healthy\47.jpeg,adc9cb15951593b4,adc9cb15951593b4
0,datasets\raw\Banana\AugmentedSet\healthy\397_aug.jpeg,datasets\raw\Banana\OriginalSet\healthy\9.jpeg,adc9cb15951593b4,adc9cb15951593b4
0,datasets\raw\Banana\OriginalSet\healthy\47.jpeg,datasets\raw\Banana\OriginalSet\healthy\9.jpeg,adc9cb15951593b4,adc9cb15951593b4
0,datasets\raw\Banana\AugmentedSet\healthy\81_aug.jpeg,datasets\raw\Banana\OriginalSet\healthy\126.jpeg,eaa9bd15b8bad050,eaa9bd15b8bad050
0,datasets\raw\Banana\AugmentedSet\healthy\81_aug.jpeg,datasets\raw\Banana\OriginalSet\healthy\24.jpeg,eaa9bd15b8bad050,eaa9bd15b8bad050
0,datasets\raw\Banana\OriginalSet\healthy\126.jpeg,datasets\raw\Banana\OriginalSet\healthy\24.jpeg,eaa9bd15b8bad050,eaa9bd15b8bad050
0,datasets\raw\Banana\AugmentedSet\healthy\84_aug.jpeg,datasets\raw\Banana\OriginalSet\healthy\26.jpeg,f6f226e253603a87,f6f226e253603a87
0,datasets\raw\Banana\AugmentedSet\healthy\84_aug.jpeg,datasets\raw\Banana\OriginalSet\healthy\56.jpeg,f6f226e253603a87,f6f226e253603a87
0,datasets\raw\Banana\OriginalSet\healthy\26.jpeg,datasets\raw\Banana\OriginalSet\healthy\56.jpeg,f6f226e253603a87,f6f226e253603a87
0,datasets\raw\Banana\AugmentedSet\healthy\86_aug.jpeg,datasets\raw\Banana\AugmentedSet\healthy\90_aug.jpeg,e60d261dc31f3b38,e60d261dc31f3b38
0,datasets\raw\Banana\AugmentedSet\healthy\97_aug.jpeg,datasets\raw\Banana\OriginalSet\healthy\27.jpeg,aa4b5655adaa4a96,aa4b5655adaa4a96
0,datasets\raw\Banana\AugmentedSet\healthy\97_aug.jpeg,datasets\raw\Banana\OriginalSet\healthy\57.jpeg,aa4b5655adaa4a96,aa4b5655adaa4a96
0,datasets\raw\Banana\OriginalSet\healthy\27.jpeg,datasets\raw\Banana\OriginalSet\healthy\57.jpeg,aa4b5655adaa4a96,aa4b5655adaa4a96
0,datasets\raw\Banana\AugmentedSet\pestalotiopsis\129_aug.jpeg,datasets\raw\Banana\OriginalSet\pestalotiopsis\18.jpeg,c0db9c3d78f14383,c0db9c3d78f14383
0,datasets\raw\Banana\AugmentedSet\pestalotiopsis\164_aug.jpeg,datasets\raw\Banana\OriginalSet\pestalotiopsis\28.jpeg,d1e2c993869b839e,d1e2c993869b839e
0,datasets\raw\Banana\AugmentedSet\pestalotiopsis\167_aug.jpeg,datasets\raw\Banana\OriginalSet\pestalotiopsis\29.jpeg,e6d14d0da59575a1,e6d14d0da59575a1
0,datasets\raw\Banana\AugmentedSet\pestalotiopsis\201_aug.jpeg,datasets\raw\Banana\OriginalSet\pestalotiopsis\40.jpeg,add5547f2a539038,add5547f2a539038
0,datasets\raw\Banana\AugmentedSet\pestalotiopsis\217_aug.jpeg,datasets\raw\Banana\OriginalSet\pestalotiopsis\44.jpeg,82986ed55ffa600b,82986ed55ffa600b
0,datasets\raw\Banana\AugmentedSet\pestalotiopsis\240_aug.jpeg,datasets\raw\Banana\OriginalSet\pestalotiopsis\51.jpeg,f8c0815b4affd614,f8c0815b4affd614
0,datasets\raw\Banana\AugmentedSet\pestalotiopsis\297_aug.jpeg,datasets\raw\Banana\OriginalSet\pestalotiopsis\67.jpeg,a294ca6babaa5556,a294ca6babaa5556
0,datasets\raw\Banana\AugmentedSet\pestalotiopsis\363_aug.jpeg,datasets\raw\Banana\OriginalSet\pestalotiopsis\84.jpeg,aa0a07ae57e2af51,aa0a07ae57e2af51
0,datasets\raw\Banana\AugmentedSet\pestalotiopsis\392_aug.jpeg,datasets\raw\Banana\OriginalSet\pestalotiopsis\95.jpeg,e9d1018cf6d2c397,e9d1018cf6d2c397
0,datasets\raw\Banana\AugmentedSet\pestalotiopsis\41_aug.jpeg,datasets\raw\Banana\OriginalSet\pestalotiopsis\112.jpeg,f9940e0df5e20a57,f9940e0df5e20a57
0,datasets\raw\Banana\AugmentedSet\pestalotiopsis\43_aug.jpeg,datasets\raw\Banana\OriginalSet\pestalotiopsis\113.jpeg,e4dd7a071be0071d,e4dd7a071be0071d
0,datasets\raw\Banana\AugmentedSet\pestalotiopsis\60_aug.jpeg,datasets\raw\Banana\OriginalSet\pestalotiopsis\118.jpeg,d5ca4dd4e29d224e,d5ca4dd4e29d224e
0,datasets\raw\Banana\AugmentedSet\pestalotiopsis\99_aug.jpeg,datasets\raw\Banana\OriginalSet\pestalotiopsis\13.jpeg,a554d6663aaa9a35,a554d6663aaa9a35
0,datasets\raw\Banana\AugmentedSet\sigatoka\102_aug.jpeg,datasets\raw\Banana\OriginalSet\sigatoka\197.jpeg,ab6b180b963279e5,ab6b180b963279e5
0,datasets\raw\Banana\AugmentedSet\sigatoka\132_aug.jpeg,datasets\raw\Banana\OriginalSet\sigatoka\219.jpeg,dc26173689cce31e,dc26173689cce31e
0,datasets\raw\Banana\AugmentedSet\sigatoka\144_aug.jpeg,datasets\raw\Banana\OriginalSet\sigatoka\227.jpeg,85e040b7716dbcd3,85e040b7716dbcd3
0,datasets\raw\Banana\AugmentedSet\sigatoka\310_aug.jpeg,datasets\raw\Banana\OriginalSet\sigatoka\402.jpeg,81eb7cca87835770,81eb7cca87835770
0,datasets\raw\Banana\AugmentedSet\sigatoka\317_aug.jpeg,datasets\raw\Banana\OriginalSet\sigatoka\406.jpeg,97b0d4c1df5f1043,97b0d4c1df5f1043
0,datasets\raw\Banana\AugmentedSet\sigatoka\325_aug.jpeg,datasets\raw\Banana\OriginalSet\sigatoka\416.jpeg,9590673b046f61bd,9590673b046f61bd
0,datasets\raw\Banana\AugmentedSet\sigatoka\373_aug.jpeg,datasets\raw\Banana\OriginalSet\sigatoka\74.jpeg,d5b71548c8ea782b,d5b71548c8ea782b
0,datasets\raw\Banana\AugmentedSet\sigatoka\379_aug.jpeg,datasets\raw\Banana\OriginalSet\sigatoka\8.jpeg,9bc1fabf801f86a0,9bc1fabf801f86a0
0,datasets\raw\Banana\AugmentedSet\sigatoka\382_aug.jpeg,datasets\raw\Banana\OriginalSet\sigatoka\81.jpeg,ff8885809d57c9f0,ff8885809d57c9f0
0,datasets\raw\Banana\AugmentedSet\sigatoka\51_aug.jpeg,datasets\raw\Banana\OriginalSet\sigatoka\144.jpeg,a3ccd8f13b20ccd3,a3ccd8f13b20ccd3
0,datasets\raw\Banana\AugmentedSet\sigatoka\97_aug.jpeg,datasets\raw\Banana\OriginalSet\sigatoka\193.jpeg,952d2ade3c61ce13,952d2ade3c61ce13
0,datasets\raw\Banana\AugmentedSet\sigatoka\99_aug.jpeg,datasets\raw\Banana\OriginalSet\sigatoka\195.jpeg,f9b91edc66720624,f9b91edc66720624
0,datasets\raw\Banana\OriginalSet\healthy\0.jpeg,datasets\raw\Banana\OriginalSet\healthy\104.jpeg,aba8e603f8037b17,aba8e603f8037b17
0,datasets\raw\Banana\OriginalSet\healthy\1.jpeg,datasets\raw\Banana\OriginalSet\healthy\109.jpeg,8cd0ebe4a1adb493,8cd0ebe4a1adb493
0,datasets\raw\Banana\OriginalSet\healthy\10.jpeg,datasets\raw\Banana\OriginalSet\healthy\106.jpeg,c09c5fddb0019fb2,c09c5fddb0019fb2
0,datasets\raw\Banana\OriginalSet\healthy\101.jpeg,datasets\raw\Banana\OriginalSet\healthy\46.jpeg,8e9ea16d4953b0b6,8e9ea16d4953b0b6
0,datasets\raw\Banana\OriginalSet\healthy\102.jpeg,datasets\raw\Banana\OriginalSet\healthy\39.jpeg,a09bf5a075669e58,a09bf5a075669e58
0,datasets\raw\Banana\OriginalSet\healthy\103.jpeg,datasets\raw\Banana\OriginalSet\healthy\110.jpeg,e9b92faa80f842d6,e9b92faa80f842d6
0,datasets\raw\Banana\OriginalSet\healthy\105.jpeg,datasets\raw\Banana\OriginalSet\healthy\11.jpeg,ea3d959eca71c824,ea3d959eca71c824
0,datasets\raw\Banana\OriginalSet\healthy\107.jpeg,datasets\raw\Banana\OriginalSet\healthy\14.jpeg,ebdc51939066a4bc,ebdc51939066a4bc
0,datasets\raw\Banana\OriginalSet\healthy\111.jpeg,datasets\raw\Banana\OriginalSet\healthy\18.jpeg,e6fab5ea440a960e,e6fab5ea440a960e
0,datasets\raw\Banana\OriginalSet\healthy\112.jpeg,datasets\raw\Banana\OriginalSet\healthy\62.jpeg,cdf412a40db73ce1,cdf412a40db73ce1
0,datasets\raw\Banana\OriginalSet\healthy\12.jpeg,datasets\raw\Banana\OriginalSet\healthy\45.jpeg,c4d5f9f3e0c34143,c4d5f9f3e0c34143
0,datasets\raw\Banana\OriginalSet\healthy\122.jpeg,datasets\raw\Banana\OriginalSet\pestalotiopsis\78.jpeg,ea70a06ccb7f221d,ea70a06ccb7f221d
0,datasets\raw\Banana\OriginalSet\healthy\123.jpeg,datasets\raw\Banana\OriginalSet\healthy\4.jpeg,b55f90a55f221de0,b55f90a55f221de0
0,datasets\raw\Banana\OriginalSet\healthy\124.jpeg,datasets\raw\Banana\OriginalSet\healthy\30.jpeg,b491a9a5b49ea4ad,b491a9a5b49ea4ad
0,datasets\raw\Banana\OriginalSet\healthy\125.jpeg,datasets\raw\Banana\OriginalSet\healthy\31.jpeg,be12c9c1cf9810df,be12c9c1cf9810df
0,datasets\raw\Banana\OriginalSet\healthy\127.jpeg,datasets\raw\Banana\OriginalSet\healthy\22.jpeg,b5d4d22aaa89a5b5,b5d4d22aaa89a5b5
0,datasets\raw\Banana\OriginalSet\healthy\128.jpeg,datasets\raw\Banana\OriginalSet\healthy\21.jpeg,bf65d58540460f1f,bf65d58540460f1f
0,datasets\raw\Banana\OriginalSet\healthy\15.jpeg,datasets\raw\Banana\OriginalSet\healthy\44.jpeg,aad5a2d72ed5a290,aad5a2d72ed5a290
0,datasets\raw\Banana\OriginalSet\healthy\17.jpeg,datasets\raw\Banana\OriginalSet\healthy\63.jpeg,cc5dbb976cd4204c,cc5dbb976cd4204c
0,datasets\raw\Banana\OriginalSet\healthy\2.jpeg,datasets\raw\Banana\OriginalSet\healthy\34.jpeg,aa91bb4c66b2d51a,aa91bb4c66b2d51a
0,datasets\raw\Banana\OriginalSet\healthy\20.jpeg,datasets\raw\Banana\OriginalSet\healthy\59.jpeg,be83ef8c18187be0,be83ef8c18187be0
0,datasets\raw\Banana\OriginalSet\healthy\25.jpeg,datasets\raw\Banana\OriginalSet\healthy\55.jpeg,b5143695aaad5555,b5143695aaad5555
0,datasets\raw\Banana\OriginalSet\healthy\29.jpeg,datasets\raw\Banana\OriginalSet\healthy\51.jpeg,a28a8ab8078db5f7,a28a8ab8078db5f7
0,datasets\raw\Banana\OriginalSet\healthy\3.jpeg,datasets\raw\Banana\OriginalSet\healthy\92.jpeg,aa8cd74e831d46e3,aa8cd74e831d46e3
0,datasets\raw\Banana\OriginalSet\healthy\41.jpeg,datasets\raw\Banana\OriginalSet\healthy\8.jpeg,c0c38397cf838fd8,c0c38397cf838fd8
0,datasets\raw\Banana\OriginalSet\healthy\48.jpeg,datasets\raw\Banana\OriginalSet\healthy\89.jpeg,ff41ef10ff002711,ff41ef10ff002711
0,datasets\raw\Banana\OriginalSet\healthy\49.jpeg,datasets\raw\Banana\OriginalSet\healthy\5.jpeg,a55e90a7dd0639e2,a55e90a7dd0639e2
0,datasets\raw\Cotton\bacterial_blight\2015-angular-leaf-spot-colquitt-county-2.jpg,datasets\raw\Cotton\bacterial_blight\bact355.jpg,d8a01ec1eb2fd51c,d8a01ec1eb2fd51c
0,datasets\raw\Cotton\bacterial_blight\2015-angular-leaf-spot-colquitt-county-2.jpg,datasets\raw\Cotton\bacterial_blight\bact359.jpg,d8a01ec1eb2fd51c,d8a01ec1eb2fd51c
0,datasets\raw\Cotton\bacterial_blight\bact355.jpg,datasets\raw\Cotton\bacterial_blight\bact359.jpg,d8a01ec1eb2fd51c,d8a01ec1eb2fd51c
0,datasets\raw\Cotton\bacterial_blight\5586201.jpg,datasets\raw\Cotton\bacterial_blight\bact436.jpg,c87b21947aab9723,c87b21947aab9723
0,datasets\raw\Cotton\bacterial_blight\bact0.jpg,datasets\raw\Cotton\bacterial_blight\bact1.jpg,a9ab22585276bcad,a9ab22585276bcad
0,datasets\raw\Cotton\bacterial_blight\bact107.jpg,datasets\raw\Cotton\bacterial_blight\bact288.jpg,8797aba55211973c,8797aba55211973c
0,datasets\raw\Cotton\bacterial_blight\bact136.png,datasets\raw\Cotton\bacterial_blight\bact137.png,8b880f1c5eed64a7,8b880f1c5eed64a7
0,datasets\raw\Cotton\bacterial_blight\bact142.png,datasets\raw\Cotton\bacterial_blight\bact147.png,fe84b4f4ea6a01f0,fe84b4f4ea6a01f0
0,datasets\raw\Cotton\bacterial_blight\bact143.png,datasets\raw\Cotton\bacterial_blight\bact148.png,acc8e8e4d985d955,acc8e8e4d985d955
0,datasets\raw\Cotton\bacterial_blight\bact149.png,datasets\raw\Cotton\bacterial_blight\bact150.png,d0ed6b50342fa5d4,d0ed6b50342fa5d4
0,datasets\raw\Cotton\bacterial_blight\bact151.png,datasets\raw\Cotton\bacterial_blight\bact3.png,96a43fcc311a7137,96a43fcc311a7137
0,datasets\raw\Cotton\bacterial_blight\bact152.png,datasets\raw\Cotton\bacterial_blight\bact4.png,85473efa6104f07e,85473efa6104f07e
0,datasets\raw\Cotton\bacterial_blight\bact153.png,datasets\raw\Cotton\bacterial_blight\bact5.png,c70e6e6664b2249f,c70e6e6664b2249f
0,datasets\raw\Cotton\bacterial_blight\bact158.jpg,datasets\raw\Cotton\bacterial_blight\bact162.jpg,80566b2d7d3733e0,80566b2d7d3733e0
0,datasets\raw\Cotton\bacterial_blight\bact170.jpg,datasets\raw\Cotton\bacterial_blight\bact174.jpg,c9fef5b04a9cc092,c9fef5b04a9cc092
0,datasets\raw\Cotton\bacterial_blight\bact178.png,datasets\raw\Cotton\bacterial_blight\bact247.png,95fec8cc1c3b3f00,95fec8cc1c3b3f00
0,datasets\raw\Cotton\bacterial_blight\bact179.png,datasets\raw\Cotton\bacterial_blight\bact183.png,a525129b2b8f1be3,a525129b2b8f1be3
0,datasets\raw\Cotton\bacterial_blight\bact179.png,datasets\raw\Cotton\bacterial_blight\bact248.png,a525129b2b8f1be3,a525129b2b8f1be3
0,datasets\raw\Cotton\bacterial_blight\bact179.png,datasets\raw\Cotton\bacterial_blight\bact252.png,a525129b2b8f1be3,a525129b2b8f1be3
0,datasets\raw\Cotton\bacterial_blight\bact183.png,datasets\raw\Cotton\bacterial_blight\bact248.png,a525129b2b8f1be3,a525129b2b8f1be3
0,datasets\raw\Cotton\bacterial_blight\bact183.png,datasets\raw\Cotton\bacterial_blight\bact252.png,a525129b2b8f1be3,a525129b2b8f1be3
0,datasets\raw\Cotton\bacterial_blight\bact248.png,datasets\raw\Cotton\bacterial_blight\bact252.png,a525129b2b8f1be3,a525129b2b8f1be3
0,datasets\raw\Cotton\bacterial_blight\bact180.png,datasets\raw\Cotton\bacterial_blight\bact184.png,c0549d674b916adb,c0549d674b916adb
0,datasets\raw\Cotton\bacterial_blight\bact180.png,datasets\raw\Cotton\bacterial_blight\bact249.png,c0549d674b916adb,c0549d674b916adb
0,datasets\raw\Cotton\bacterial_blight\bact180.png,datasets\raw\Cotton\bacterial_blight\bact253.png,c0549d674b916adb,c0549d674b916adb
0,datasets\raw\Cotton\bacterial_blight\bact184.png,datasets\raw\Cotton\bacterial_blight\bact249.png,c0549d674b916adb,c0549d674b916adb
0,datasets\raw\Cotton\bacterial_blight\bact184.png,datasets\raw\Cotton\bacterial_blight\bact253.png,c0549d674b916adb,c0549d674b916adb
0,datasets\raw\Cotton\bacterial_blight\bact249.png,datasets\raw\Cotton\bacterial_blight\bact253.png,c0549d674b916adb,c0549d674b916adb
0,datasets\raw\Cotton\bacterial_blight\bact181.png,datasets\raw\Cotton\bacterial_blight\bact185.png,f08f47317e254e49,f08f47317e254e49
0,datasets\raw\Cotton\bacterial_blight\bact181.png,datasets\raw\Cotton\bacterial_blight\bact250.png,f08f47317e254e49,f08f47317e254e49
0,datasets\raw\Cotton\bacterial_blight\bact181.png,datasets\raw\Cotton\bacterial_blight\bact254.png,f08f47317e254e49,f08f47317e254e49
0,datasets\raw\Cotton\bacterial_blight\bact185.png,datasets\raw\Cotton\bacterial_blight\bact250.png,f08f47317e254e49,f08f47317e254e49
0,datasets\raw\Cotton\bacterial_blight\bact185.png,datasets\raw\Cotton\bacterial_blight\bact254.png,f08f47317e254e49,f08f47317e254e49
0,datasets\raw\Cotton\bacterial_blight\bact250.png,datasets\raw\Cotton\bacterial_blight\bact254.png,f08f47317e254e49,f08f47317e254e49
0,datasets\raw\Cotton\bacterial_blight\bact186.png,datasets\raw\Cotton\bacterial_blight\bact190.png,9523d4f5607e622e,9523d4f5607e622e
0,datasets\raw\Cotton\bacterial_blight\bact186.png,datasets\raw\Cotton\bacterial_blight\bact255.png,9523d4f5607e622e,9523d4f5607e622e
0,datasets\raw\Cotton\bacterial_blight\bact186.png,datasets\raw\Cotton\bacterial_blight\bact259.png,9523d4f5607e622e,9523d4f5607e622e
0,datasets\raw\Cotton\bacterial_blight\bact190.png,datasets\raw\Cotton\bacterial_blight\bact255.png,9523d4f5607e622e,9523d4f5607e622e
0,datasets\raw\Cotton\bacterial_blight\bact190.png,datasets\raw\Cotton\bacterial_blight\bact259.png,9523d4f5607e622e,9523d4f5607e622e
0,datasets\raw\Cotton\bacterial_blight\bact255.png,datasets\raw\Cotton\bacterial_blight\bact259.png,9523d4f5607e622e,9523d4f5607e622e
0,datasets\raw\Cotton\bacterial_blight\bact187.png,datasets\raw\Cotton\bacterial_blight\bact256.png,e56f0bed52e11285,e56f0bed52e11285
0,datasets\raw\Cotton\bacterial_blight\bact188.png,datasets\raw\Cotton\bacterial_blight\bact257.png,c089955f35d43fa4,c089955f35d43fa4
0,datasets\raw\Cotton\bacterial_blight\bact189.png,datasets\raw\Cotton\bacterial_blight\bact258.png,b0c15f4b056a572f,b0c15f4b056a572f
0,datasets\raw\Cotton\bacterial_blight\bact193.png,datasets\raw\Cotton\bacterial_blight\bact262.png,b0c15f4b076a472f,b0c15f4b076a472f
0,datasets\raw\Cotton\bacterial_blight\bact191.png,datasets\raw\Cotton\bacterial_blight\bact260.png,e56b0be573e11285,e56b0be573e11285
0,datasets\raw\Cotton\bacterial_blight\bact192.png,datasets\raw\Cotton\bacterial_blight\bact261.png,c0898d5f35d43f8c,c0898d5f35d43f8c
0,datasets\raw\Cotton\bacterial_blight\bact205.png,datasets\raw\Cotton\bacterial_blight\bact209.png,b17074ac338e9b4d,b17074ac338e9b4d
0,datasets\raw\Cotton\bacterial_blight\bact211.jpg,datasets\raw\Cotton\bacterial_blight\bact215.jpg,90326be283993f37,90326be283993f37
0,datasets\raw\Cotton\bacterial_blight\bact219.jpg,datasets\raw\Cotton\bacterial_blight\bact223.jpg,999a2ab3994a7473,999a2ab3994a7473
0,datasets\raw\Cotton\bacterial_blight\bact225.jpg,datasets\raw\Cotton\bacterial_blight\bact229.jpg,d02ebd4a3cd6a531,d02ebd4a3cd6a531
0,datasets\raw\Cotton\bacterial_blight\bact225.jpg,datasets\raw\Cotton\bacterial_blight\leaf-blight-7-13-16-225x300 - Copy.jpg,d02ebd4a3cd6a531,d02ebd4a3cd6a531
0,datasets\raw\Cotton\bacterial_blight\bact225.jpg,datasets\raw\Cotton\bacterial_blight\leaf-blight-7-13-16-225x300.jpg,d02ebd4a3cd6a531,d02ebd4a3cd6a531
0,datasets\raw\Cotton\bacterial_blight\bact229.jpg,datasets\raw\Cotton\bacterial_blight\leaf-blight-7-13-16-225x300 - Copy.jpg,d02ebd4a3cd6a531,d02ebd4a3cd6a531
0,datasets\raw\Cotton\bacterial_blight\bact229.jpg,datasets\raw\Cotton\bacterial_blight\leaf-blight-7-13-16-225x300.jpg,d02ebd4a3cd6a531,d02ebd4a3cd6a531
0,datasets\raw\Cotton\bacterial_blight\leaf-blight-7-13-16-225x300 - Copy.jpg,datasets\raw\Cotton\bacterial_blight\leaf-blight-7-13-16-225x300.jpg,d02ebd4a3cd6a531,d02ebd4a3cd6a531
0,datasets\raw\Cotton\bacterial_blight\bact228.jpg,datasets\raw\Cotton\bacterial_blight\bact232.jpg,a66b0b53789154dd,a66b0b53789154dd
0,datasets\raw\Cotton\bacterial_blight\P1010086jpg - Copy.jpg,datasets\raw\Cotton\bacterial_blight\P1010086jpg.jpg,fee69fecc2886084,fee69fecc2886084
0,datasets\raw\Cotton\bacterial_blight\bact266.jpg,datasets\raw\Cotton\bacterial_blight\bact270.jpg,88a1259d345f765d,88a1259d345f765d
0,datasets\raw\Cotton\bacterial_blight\bact280.jpg,datasets\raw\Cotton\bacterial_blight\bact284.jpg,c9657dba894c4a27,c9657dba894c4a27
0,datasets\raw\Cotton\bacterial_blight\bact281.jpg,datasets\raw\Cotton\bacterial_blight\bact285.jpg,cdb32465eb30463d,cdb32465eb30463d
0,datasets\raw\Cotton\bacterial_blight\bact282.jpg,datasets\raw\Cotton\bacterial_blight\bact286.jpg,9dcf2810dce61f8c,9dcf2810dce61f8c
0,datasets\raw\Cotton\bacterial_blight\bact291.jpg,datasets\raw\Cotton\bacterial_blight\bact295.jpg,c87aa1947aab9723,c87aa1947aab9723
0,datasets\raw\Cotton\bacterial_blight\bact292.jpg,datasets\raw\Cotton\bacterial_blight\bact296.jpg,e39d380f99471a72,e39d380f99471a72
0,datasets\raw\Cotton\bacterial_blight\bact293.jpg,datasets\raw\Cotton\bacterial_blight\bact297.jpg,9dd1f43e2f01e289,9dd1f43e2f01e289
0,datasets\raw\Cotton\bacterial_blight\bact301.jpg,datasets\raw\Cotton\bacterial_blight\bact306.jpg,c4343da6fc459974,c4343da6fc459974
0,datasets\raw\Cotton\bacterial_blight\bact317.jpg,datasets\raw\Cotton\bacterial_blight\bact321.jpg,c2abb791c2384d76,c2abb791c2384d76
0,datasets\raw\Cotton\bacterial_blight\bact325.jpg,datasets\raw\Cotton\bacterial_blight\bact330.jpg,87a366bc3c7a4b81,87a366bc3c7a4b81
0,datasets\raw\Cotton\bacterial_blight\bact331.jpg,datasets\raw\Cotton\bacterial_blight\bact335.jpg,8997f1108f6bec68,8997f1108f6bec68
0,datasets\raw\Cotton\bacterial_blight\bact333.jpg,datasets\raw\Cotton\bacterial_blight\bact337.jpg,dc3da0b8dac1b9c2,dc3da0b8dac1b9c2
0,datasets\raw\Cotton\bacterial_blight\bact334.jpg,datasets\raw\Cotton\bacterial_blight\bact338.jpg,ead8278f8f944c13,ead8278f8f944c13
0,datasets\raw\Cotton\bacterial_blight\bact339.jpg,datasets\raw\Cotton\bacterial_blight\bact343.jpg,956e1d5a990ce1bc,956e1d5a990ce1bc
0,datasets\raw\Cotton\bacterial_blight\bact340.jpg,datasets\raw\Cotton\bacterial_blight\bact344.jpg,de0716ec28b005ff,de0716ec28b005ff
0,datasets\raw\Cotton\bacterial_blight\bact356.jpg,datasets\raw\Cotton\bacterial_blight\bact360.jpg,8dcf11f4f0527949,8dcf11f4f0527949
0,datasets\raw\Cotton\bacterial_blight\bact362.jpg,datasets\raw\Cotton\bacterial_blight\bact366.jpg,a7eec0c24b4f6d60,a7eec0c24b4f6d60
0,datasets\raw\Cotton\bacterial_blight\bact369.jpg,datasets\raw\Cotton\bacterial_blight\bact373.jpg,85876c52656e7a2b,85876c52656e7a2b
0,datasets\raw\Cotton\bacterial_blight\bact370.jpg,datasets\raw\Cotton\bacterial_blight\bact374.jpg,956b7a4772b9029c,956b7a4772b9029c
0,datasets\raw\Cotton\bacterial_blight\bact371.jpg,datasets\raw\Cotton\bacterial_blight\bact375.jpg,d42d39f834c47f81,d42d39f834c47f81
0,datasets\raw\Cotton\bacterial_blight\bact372.jpg,datasets\raw\Cotton\bacterial_blight\bact376.jpg,c0c32fed25135736,c0c32fed25135736
0,datasets\raw\Cotton\bacterial_blight\bact378.png,datasets\raw\Cotton\bacterial_blight\bact382.png,b8e078a169c52fcb,b8e078a169c52fcb
0,datasets\raw\Cotton\bacterial_blight\bact379.png,datasets\raw\Cotton\bacterial_blight\bact383.png,8038aff5fe43524a,8038aff5fe43524a
0,datasets\raw\Cotton\bacterial_blight\bact386.jpg,datasets\raw\Cotton\bacterial_blight\bact390.jpg,9bbfbb8989902c92,9bbfbb8989902c92
0,datasets\raw\Cotton\bacterial_blight\bact395.png,datasets\raw\Cotton\bacterial_blight\bact396.png,964f44eea2e6a691,964f44eea2e6a691
0,datasets\raw\Cotton\bacterial_blight\bact397.png,datasets\raw\Cotton\bacterial_blight\bact401.png,ce2d4bdc05a3ab16,ce2d4bdc05a3ab16
0,datasets\raw\Cotton\bacterial_blight\bact399.png,datasets\raw\Cotton\bacterial_blight\bact403.png,9b831e765009debc,9b831e765009debc
0,datasets\raw\Cotton\bacterial_blight\bact407.jpg,datasets\raw\Cotton\bacterial_blight\bact411.jpg,94657cc0e5c756cc,94657cc0e5c756cc
0,datasets\raw\Cotton\bacterial_blight\bact429.jpg,datasets\raw\Cotton\bacterial_blight\bact433.jpg,a7188e4bbba6a0bc,a7188e4bbba6a0bc
0,datasets\raw\Cotton\bacterial_blight\bact439.jpg,datasets\raw\Cotton\bacterial_blight\bb - Copy.jpg,d4c36b6d313131ba,d4c36b6d313131ba
0,datasets\raw\Cotton\bacterial_blight\bact439.jpg,datasets\raw\Cotton\bacterial_blight\bb.jpg,d4c36b6d313131ba,d4c36b6d313131ba
0,datasets\raw\Cotton\bacterial_blight\bb - Copy.jpg,datasets\raw\Cotton\bacterial_blight\bb.jpg,d4c36b6d313131ba,d4c36b6d313131ba
0,datasets\raw\Cotton\bacterial_blight\bact447 - Copy.jpg,datasets\raw\Cotton\bacterial_blight\bact447.jpg,81793ec7689b2cb4,81793ec7689b2cb4
0,datasets\raw\Cotton\bacterial_blight\bact443.jpg,datasets\raw\Cotton\bacterial_blight\bact445.jpg,d4c36b2d3531791a,d4c36b2d3531791a
0,datasets\raw\Cotton\bacterial_blight\bact45.png,datasets\raw\Cotton\bacterial_blight\bact50.png,a4d28b1f38797623,a4d28b1f38797623
0,datasets\raw\Cotton\bacterial_blight\bact46.png,datasets\raw\Cotton\bacterial_blight\bact51.png,b513da1b6dc72660,b513da1b6dc72660
0,datasets\raw\Cotton\bacterial_blight\bact48.png,datasets\raw\Cotton\bacterial_blight\bact49.png,e0b98fa1386c73ca,e0b98fa1386c73ca
0,datasets\raw\Cotton\bacterial_blight\bact55.jpg,datasets\raw\Cotton\bacterial_blight\bact60.jpg,8bb6a9748b4ab5c8,8bb6a9748b4ab5c8
0,datasets\raw\Cotton\bacterial_blight\bact56.jpg,datasets\raw\Cotton\bacterial_blight\bact57.jpg,be402707f80799dd,be402707f80799dd
0,datasets\raw\Cotton\bacterial_blight\bact61.jpg,datasets\raw\Cotton\bacterial_blight\bact66.jpg,fa8685da581a9c97,fa8685da581a9c97
0,datasets\raw\Cotton\bacterial_blight\bact63.jpg,datasets\raw\Cotton\bacterial_blight\bact68.jpg,af3dd0700db0c93d,af3dd0700db0c93d
0,datasets\raw\Cotton\bacterial_blight\bact77.jpg,datasets\raw\Cotton\bacterial_blight\bact82.jpg,c1926a0bb647df15,c1926a0bb647df15
0,datasets\raw\Cotton\bacterial_blight\bact81.jpg,datasets\raw\Cotton\bacterial_blight\bact85.jpg,ca5968b432f07f68,ca5968b432f07f68
0,datasets\raw\Cotton\bacterial_blight\bact86.jpg,datasets\raw\Cotton\bacterial_blight\bact90.jpg,85d8c334733c955e,85d8c334733c955e
0,datasets\raw\Cotton\bacterial_blight\bact87.jpg,datasets\raw\Cotton\bacterial_blight\bact91.jpg,b73c410a10c67cff,b73c410a10c67cff
0,datasets\raw\Cotton\curl_virus\cotton-leaf-curl-virus-cotton-1595427323.jpg,datasets\raw\Cotton\curl_virus\curl327.jpg,e4b7b4ec07a11aa6,e4b7b4ec07a11aa6
0,datasets\raw\Cotton\curl_virus\cotton-leaf-curl-virus-cotton-1595427323.jpg,datasets\raw\Cotton\curl_virus\curl387.jpg,e4b7b4ec07a11aa6,e4b7b4ec07a11aa6
0,datasets\raw\Cotton\curl_virus\curl327.jpg,datasets\raw\Cotton\curl_virus\curl387.jpg,e4b7b4ec07a11aa6,e4b7b4ec07a11aa6
0,datasets\raw\Cotton\curl_virus\curl331.jpg,datasets\raw\Cotton\curl_virus\curl391.jpg,e4b7b4ec07a15aa2,e4b7b4ec07a15aa2
0,datasets\raw\Cotton\curl_virus\curl0.jpg,datasets\raw\Cotton\curl_virus\curl310.jpg,8dcd3af6b03215c3,8dcd3af6b03215c3
0,datasets\raw\Cotton\curl_virus\curl0.jpg,datasets\raw\Cotton\curl_virus\curl45 - Copy.jpg,8dcd3af6b03215c3,8dcd3af6b03215c3
0,datasets\raw\Cotton\curl_virus\curl0.jpg,datasets\raw\Cotton\curl_virus\curl45.jpg,8dcd3af6b03215c3,8dcd3af6b03215c3
0,datasets\raw\Cotton\curl_virus\curl0.jpg,datasets\raw\Cotton\curl_virus\curl96.jpg,8dcd3af6b03215c3,8dcd3af6b03215c3
0,datasets\raw\Cotton\curl_virus\curl310.jpg,datasets\raw\Cotton\curl_virus\curl45 - Copy.jpg,8dcd3af6b03215c3,8dcd3af6b03215c3
0,datasets\raw\Cotton\curl_virus\curl310.jpg,datasets\raw\Cotton\curl_virus\curl45.jpg,8dcd3af6b03215c3,8dcd3af6b03215c3
0,datasets\raw\Cotton\curl_virus\curl310.jpg,datasets\raw\Cotton\curl_virus\curl96.jpg,8dcd3af6b03215c3,8dcd3af6b03215c3
0,datasets\raw\Cotton\curl_virus\curl45 - Copy.jpg,datasets\raw\Cotton\curl_virus\curl45.jpg,8dcd3af6b03215c3,8dcd3af6b03215c3
0,datasets\raw\Cotton\curl_virus\curl45 - Copy.jpg,datasets\raw\Cotton\curl_virus\curl96.jpg,8dcd3af6b03215c3,8dcd3af6b03215c3
0,datasets\raw\Cotton\curl_virus\curl45.jpg,datasets\raw\Cotton\curl_virus\curl96.jpg,8dcd3af6b03215c3,8dcd3af6b03215c3
0,datasets\raw\Cotton\curl_virus\curl00.jpg,datasets\raw\Cotton\curl_virus\curl123.jpg,afe4d45ec618ca94,afe4d45ec618ca94
0,datasets\raw\Cotton\curl_virus\curl00.jpg,datasets\raw\Cotton\curl_virus\curl128.jpg,afe4d45ec618ca94,afe4d45ec618ca94
0,datasets\raw\Cotton\curl_virus\curl123.jpg,datasets\raw\Cotton\curl_virus\curl128.jpg,afe4d45ec618ca94,afe4d45ec618ca94
0,datasets\raw\Cotton\curl_virus\curl1 (2).jpg,datasets\raw\Cotton\curl_virus\curl112.jpg,aa82d0bec0bfc4b5,aa82d0bec0bfc4b5
0,datasets\raw\Cotton\curl_virus\curl1 (2).jpg,datasets\raw\Cotton\curl_virus\curl113.jpg,aa82d0bec0bfc4b5,aa82d0bec0bfc4b5
0,datasets\raw\Cotton\curl_virus\curl1 (2).jpg,datasets\raw\Cotton\curl_virus\images.jpg,aa82d0bec0bfc4b5,aa82d0bec0bfc4b5
0,datasets\raw\Cotton\curl_virus\curl112.jpg,datasets\raw\Cotton\curl_virus\curl113.jpg,aa82d0bec0bfc4b5,aa82d0bec0bfc4b5
0,datasets\raw\Cotton\curl_virus\curl112.jpg,datasets\raw\Cotton\curl_virus\images.jpg,aa82d0bec0bfc4b5,aa82d0bec0bfc4b5
0,datasets\raw\Cotton\curl_virus\curl113.jpg,datasets\raw\Cotton\curl_virus\images.jpg,aa82d0bec0bfc4b5,aa82d0bec0bfc4b5
0,datasets\raw\Cotton\curl_virus\curl103.jpg,datasets\raw\Cotton\curl_virus\curl105.jpg,a738e88f6cc18d36,a738e88f6cc18d36
0,datasets\raw\Cotton\curl_virus\curl104.jpg,datasets\raw\Cotton\curl_virus\curl108.jpg,e278bc142fcec0cb,e278bc142fcec0cb
0,datasets\raw\Cotton\curl_virus\curl114.jpg,datasets\raw\Cotton\curl_virus\curl118.jpg,aa7fc070c7528575,aa7fc070c7528575
0,datasets\raw\Cotton\curl_virus\curl110.jpg,datasets\raw\Cotton\curl_virus\curl115.jpg,ff288514951f151f,ff288514951f151f
0,datasets\raw\Cotton\curl_virus\curl110.jpg,datasets\raw\Cotton\curl_virus\curl117.jpg,ff288514951f151f,ff288514951f151f
0,datasets\raw\Cotton\curl_virus\curl115.jpg,datasets\raw\Cotton\curl_virus\curl117.jpg,ff288514951f151f,ff288514951f151f
0,datasets\raw\Cotton\curl_virus\curl121.jpg,datasets\raw\Cotton\curl_virus\curl122.jpg,eb85c1ca97069a5b,eb85c1ca97069a5b
0,datasets\raw\Cotton\curl_virus\curl121.jpg,datasets\raw\Cotton\curl_virus\curl127.jpg,eb85c1ca97069a5b,eb85c1ca97069a5b
0,datasets\raw\Cotton\curl_virus\curl121.jpg,datasets\raw\Cotton\curl_virus\curl131.jpg,eb85c1ca97069a5b,eb85c1ca97069a5b
0,datasets\raw\Cotton\curl_virus\curl122.jpg,datasets\raw\Cotton\curl_virus\curl127.jpg,eb85c1ca97069a5b,eb85c1ca97069a5b
0,datasets\raw\Cotton\curl_virus\curl122.jpg,datasets\raw\Cotton\curl_virus\curl131.jpg,eb85c1ca97069a5b,eb85c1ca97069a5b
0,datasets\raw\Cotton\curl_virus\curl127.jpg,datasets\raw\Cotton\curl_virus\curl131.jpg,eb85c1ca97069a5b,eb85c1ca97069a5b
0,datasets\raw\Cotton\curl_virus\curl124.jpg,datasets\raw\Cotton\curl_virus\curl129.jpg,be2f8460c2accfd1,be2f8460c2accfd1
0,datasets\raw\Cotton\curl_virus\curl125.jpg,datasets\raw\Cotton\curl_virus\curl126.jpg,fa4e80d493b29f16,fa4e80d493b29f16
0,datasets\raw\Cotton\curl_virus\curl125.jpg,datasets\raw\Cotton\curl_virus\curl130.jpg,fa4e80d493b29f16,fa4e80d493b29f16
0,datasets\raw\Cotton\curl_virus\curl126.jpg,datasets\raw\Cotton\curl_virus\curl130.jpg,fa4e80d493b29f16,fa4e80d493b29f16
0,datasets\raw\Cotton\curl_virus\curl132.jpg,datasets\raw\Cotton\curl_virus\curl138.jpg,94f83fd2728162c7,94f83fd2728162c7
0,datasets\raw\Cotton\curl_virus\curl133.jpg,datasets\raw\Cotton\curl_virus\curl134.jpg,800e3fad35f46e70,800e3fad35f46e70
0,datasets\raw\Cotton\curl_virus\curl137.jpg,datasets\raw\Cotton\curl_virus\curl6.jpg,d5a46a07605e3bda,d5a46a07605e3bda
0,datasets\raw\Cotton\curl_virus\curl139.jpg,datasets\raw\Cotton\curl_virus\curl144.jpg,96f8621a72a17ae3,96f8621a72a17ae3
0,datasets\raw\Cotton\curl_virus\curl14.jpg,datasets\raw\Cotton\curl_virus\curl250 - Copy.jpg,bdb2a30d41a558f3,bdb2a30d41a558f3
0,datasets\raw\Cotton\curl_virus\curl14.jpg,datasets\raw\Cotton\curl_virus\curl250.jpg,bdb2a30d41a558f3,bdb2a30d41a558f3
0,datasets\raw\Cotton\curl_virus\curl250 - Copy.jpg,datasets\raw\Cotton\curl_virus\curl250.jpg,bdb2a30d41a558f3,bdb2a30d41a558f3
0,datasets\raw\Cotton\curl_virus\curl140.jpg,datasets\raw\Cotton\curl_virus\curl145.jpg,903e3a8f07d5ee50,903e3a8f07d5ee50
0,datasets\raw\Cotton\curl_virus\curl141.jpg,datasets\raw\Cotton\curl_virus\curl142.jpg,c35237b8270b2fc9,c35237b8270b2fc9
0,datasets\raw\Cotton\curl_virus\curl143.jpg,datasets\raw\Cotton\curl_virus\curl146.jpg,c4946f05427fb0fa,c4946f05427fb0fa
0,datasets\raw\Cotton\curl_virus\curl147.jpg,datasets\raw\Cotton\curl_virus\curl148.jpg,ad01797ae96dc40d,ad01797ae96dc40d
0,datasets\raw\Cotton\curl_virus\curl155.jpg,datasets\raw\Cotton\curl_virus\curl214.jpg,96fa70127aa17ab1,96fa70127aa17ab1
0,datasets\raw\Cotton\curl_virus\curl156.jpg,datasets\raw\Cotton\curl_virus\curl215.jpg,903f3a8e17d58f50,903f3a8e17d58f50
0,datasets\raw\Cotton\curl_virus\curl157.jpg,datasets\raw\Cotton\curl_virus\curl158.jpg,c35035b82f0b2f9b,c35035b82f0b2f9b
0,datasets\raw\Cotton\curl_virus\curl157.jpg,datasets\raw\Cotton\curl_virus\curl216.jpg,c35035b82f0b2f9b,c35035b82f0b2f9b
0,datasets\raw\Cotton\curl_virus\curl158.jpg,datasets\raw\Cotton\curl_virus\curl216.jpg,c35035b82f0b2f9b,c35035b82f0b2f9b
0,datasets\raw\Cotton\curl_virus\curl162.jpg,datasets\raw\Cotton\curl_virus\curl371.jpg,9fb1788be1c507c4,9fb1788be1c507c4
0,datasets\raw\Cotton\curl_virus\curl163.jpg,datasets\raw\Cotton\curl_virus\curl372.jpg,80783db5c5d2c78b,80783db5c5d2c78b
0,datasets\raw\Cotton\curl_virus\curl164.jpg,datasets\raw\Cotton\curl_virus\curl373.jpg,ca1b2d21b46f526e,ca1b2d21b46f526e
0,datasets\raw\Cotton\curl_virus\curl164.jpg,datasets\raw\Cotton\curl_virus\curl374.jpg,ca1b2d21b46f526e,ca1b2d21b46f526e
0,datasets\raw\Cotton\curl_virus\curl373.jpg,datasets\raw\Cotton\curl_virus\curl374.jpg,ca1b2d21b46f526e,ca1b2d21b46f526e
0,datasets\raw\Cotton\curl_virus\curl165.jpg,datasets\raw\Cotton\curl_virus\curl174.jpg,ee84e4d2931a8e79,ee84e4d2931a8e79
0,datasets\raw\Cotton\curl_virus\curl17.jpg,datasets\raw\Cotton\curl_virus\curl267.jpg,d5091f3524a07ede,d5091f3524a07ede
0,datasets\raw\Cotton\curl_virus\Curl175.png,datasets\raw\Cotton\curl_virus\Curl180.png,d0780b213da53fd6,d0780b213da53fd6
0,datasets\raw\Cotton\curl_virus\Curl177.png,datasets\raw\Cotton\curl_virus\Curl178.png,95d25e8b688f6278,95d25e8b688f6278
0,datasets\raw\Cotton\curl_virus\Curl179.png,datasets\raw\Cotton\curl_virus\curl182.png,813e5eb46af123e1,813e5eb46af123e1
0,datasets\raw\Cotton\curl_virus\curl186.jpg,datasets\raw\Cotton\curl_virus\curl190.jpg,ad9fd8703760688e,ad9fd8703760688e
0,datasets\raw\Cotton\curl_virus\curl186.jpg,datasets\raw\Cotton\curl_virus\curl192.jpg,ad9fd8703760688e,ad9fd8703760688e
0,datasets\raw\Cotton\curl_virus\curl190.jpg,datasets\raw\Cotton\curl_virus\curl192.jpg,ad9fd8703760688e,ad9fd8703760688e
0,datasets\raw\Cotton\curl_virus\curl187.jpg,datasets\raw\Cotton\curl_virus\curl189.jpg,b463cb2d969c149d,b463cb2d969c149d
0,datasets\raw\Cotton\curl_virus\curl188.jpg,datasets\raw\Cotton\curl_virus\curl194.jpg,f8358dda62ca3d24,f8358dda62ca3d24
0,datasets\raw\Cotton\curl_virus\curl191.jpg,datasets\raw\Cotton\curl_virus\curl195.jpg,e1c99e87e3364135,e1c99e87e3364135
0,datasets\raw\Cotton\curl_virus\curl196.jpg,datasets\raw\Cotton\curl_virus\curl201.jpg,94899c3e4d7793c4,94899c3e4d7793c4
0,datasets\raw\Cotton\curl_virus\curl198.jpg,datasets\raw\Cotton\curl_virus\curl203.jpg,c123c99e18ddc66e,c123c99e18ddc66e
0,datasets\raw\Cotton\curl_virus\curl199.jpg,datasets\raw\Cotton\curl_virus\curl204.jpg,e3f61449784716b5,e3f61449784716b5
0,datasets\raw\Cotton\curl_virus\curl205.jpg,datasets\raw\Cotton\curl_virus\curl207.jpg,d307e96c016db2e3,d307e96c016db2e3
0,datasets\raw\Cotton\curl_virus\curl205.jpg,datasets\raw\Cotton\curl_virus\curl212.jpg,d307e96c016db2e3,d307e96c016db2e3
0,datasets\raw\Cotton\curl_virus\curl207.jpg,datasets\raw\Cotton\curl_virus\curl212.jpg,d307e96c016db2e3,d307e96c016db2e3
0,datasets\raw\Cotton\curl_virus\curl208.jpg,datasets\raw\Cotton\curl_virus\curl209.jpg,fee062d76101b6b8,fee062d76101b6b8
0,datasets\raw\Cotton\curl_virus\curl218.jpg,datasets\raw\Cotton\curl_virus\curl220.jpg,aa177d1c21fc07b1,aa177d1c21fc07b1
0,datasets\raw\Cotton\curl_virus\curl219.jpg,datasets\raw\Cotton\curl_virus\curl222.jpg,ffbd28b07452521a,ffbd28b07452521a
0,datasets\raw\Cotton\curl_virus\curl24.jpg,datasets\raw\Cotton\curl_virus\curl339.jpg,e8e5d49c1ff85103,e8e5d49c1ff85103
0,datasets\raw\Cotton\curl_virus\curl249 - Copy.jpg,datasets\raw\Cotton\curl_virus\curl249.jpg,92c43b1eaab11c77,92c43b1eaab11c77
0,datasets\raw\Cotton\curl_virus\curl255.jpg,datasets\raw\Cotton\curl_virus\curl258.jpg,d0ad7a3615cc30f5,d0ad7a3615cc30f5
0,datasets\raw\Cotton\curl_virus\curl28.jpg,datasets\raw\Cotton\curl_virus\curl76.jpg,efc4905a9939d169,efc4905a9939d169
0,datasets\raw\Cotton\curl_virus\curl284.jpg,datasets\raw\Cotton\curl_virus\curl288.jpg,91494a75f9098f9e,91494a75f9098f9e
0,datasets\raw\Cotton\curl_virus\curl286.jpg,datasets\raw\Cotton\curl_virus\curl290.jpg,c4e31fdb2ca35a30,c4e31fdb2ca35a30
0,datasets\raw\Cotton\curl_virus\curl299.jpg,datasets\raw\Cotton\curl_virus\curl379.jpg,d885786ae7e002f7,d885786ae7e002f7
0,datasets\raw\Cotton\curl_virus\curl299.jpg,datasets\raw\Cotton\curl_virus\curlvirus1.jpg,d885786ae7e002f7,d885786ae7e002f7
0,datasets\raw\Cotton\curl_virus\curl379.jpg,datasets\raw\Cotton\curl_virus\curlvirus1.jpg,d885786ae7e002f7,d885786ae7e002f7
0,datasets\raw\Cotton\curl_virus\curl300.jpg,datasets\raw\Cotton\curl_virus\curl304.jpg,98e868f4e51e4e3c,98e868f4e51e4e3c
0,datasets\raw\Cotton\curl_virus\curl300.jpg,datasets\raw\Cotton\curl_virus\curl380.jpg,98e868f4e51e4e3c,98e868f4e51e4e3c
0,datasets\raw\Cotton\curl_virus\curl300.jpg,datasets\raw\Cotton\curl_virus\curl384.jpg,98e868f4e51e4e3c,98e868f4e51e4e3c
0,datasets\raw\Cotton\curl_virus\curl304.jpg,datasets\raw\Cotton\curl_virus\curl380.jpg,98e868f4e51e4e3c,98e868f4e51e4e3c
0,datasets\raw\Cotton\curl_virus\curl304.jpg,datasets\raw\Cotton\curl_virus\curl384.jpg,98e868f4e51e4e3c,98e868f4e51e4e3c
0,datasets\raw\Cotton\curl_virus\curl380.jpg,datasets\raw\Cotton\curl_virus\curl384.jpg,98e868f4e51e4e3c,98e868f4e51e4e3c
0,datasets\raw\Cotton\curl_virus\curl301.jpg,datasets\raw\Cotton\curl_virus\curl381.jpg,8d2f2cd0b24a575d,8d2f2cd0b24a575d
0,datasets\raw\Cotton\curl_virus\curl302.jpg,datasets\raw\Cotton\curl_virus\curl382.jpg,cd423d4eb0b61b96,cd423d4eb0b61b96
0,datasets\raw\Cotton\curl_virus\curl303.jpg,datasets\raw\Cotton\curl_virus\curl383.jpg,d885796ae5e002f7,d885796ae5e002f7
0,datasets\raw\Cotton\curl_virus\curl305.jpg,datasets\raw\Cotton\curl_virus\curl385.jpg,8d2f2dc0b24a575d,8d2f2dc0b24a575d
0,datasets\raw\Cotton\curl_virus\curl306.jpg,datasets\raw\Cotton\curl_virus\curl386.jpg,cd423d5eb0b61396,cd423d5eb0b61396
0,datasets\raw\Cotton\curl_virus\curl307.jpg,datasets\raw\Cotton\curl_virus\curl311.jpg,8d45696bb7876096,8d45696bb7876096
0,datasets\raw\Cotton\curl_virus\curl307.jpg,datasets\raw\Cotton\curl_virus\curl91.jpg,8d45696bb7876096,8d45696bb7876096
0,datasets\raw\Cotton\curl_virus\curl307.jpg,datasets\raw\Cotton\curl_virus\curl97.jpg,8d45696bb7876096,8d45696bb7876096
0,datasets\raw\Cotton\curl_virus\curl311.jpg,datasets\raw\Cotton\curl_virus\curl91.jpg,8d45696bb7876096,8d45696bb7876096
0,datasets\raw\Cotton\curl_virus\curl311.jpg,datasets\raw\Cotton\curl_virus\curl97.jpg,8d45696bb7876096,8d45696bb7876096
0,datasets\raw\Cotton\curl_virus\curl91.jpg,datasets\raw\Cotton\curl_virus\curl97.jpg,8d45696bb7876096,8d45696bb7876096
0,datasets\raw\Cotton\curl_virus\curl308.jpg,datasets\raw\Cotton\curl_virus\curl312.jpg,d8676f5ce5994049,d8676f5ce5994049
0,datasets\raw\Cotton\curl_virus\curl308.jpg,datasets\raw\Cotton\curl_virus\curl92.jpg,d8676f5ce5994049,d8676f5ce5994049
0,datasets\raw\Cotton\curl_virus\curl308.jpg,datasets\raw\Cotton\curl_virus\curl98.jpg,d8676f5ce5994049,d8676f5ce5994049
0,datasets\raw\Cotton\curl_virus\curl312.jpg,datasets\raw\Cotton\curl_virus\curl92.jpg,d8676f5ce5994049,d8676f5ce5994049
0,datasets\raw\Cotton\curl_virus\curl312.jpg,datasets\raw\Cotton\curl_virus\curl98.jpg,d8676f5ce5994049,d8676f5ce5994049
0,datasets\raw\Cotton\curl_virus\curl92.jpg,datasets\raw\Cotton\curl_virus\curl98.jpg,d8676f5ce5994049,d8676f5ce5994049
0,datasets\raw\Cotton\curl_virus\curl309.jpg,datasets\raw\Cotton\curl_virus\curl313.jpg,d9ae3cc1e22d3538,d9ae3cc1e22d3538
0,datasets\raw\Cotton\curl_virus\curl309.jpg,datasets\raw\Cotton\curl_virus\curl93.jpg,d9ae3cc1e22d3538,d9ae3cc1e22d3538
0,datasets\raw\Cotton\curl_virus\curl309.jpg,datasets\raw\Cotton\curl_virus\curl94.jpg,d9ae3cc1e22d3538,d9ae3cc1e22d3538
0,datasets\raw\Cotton\curl_virus\curl313.jpg,datasets\raw\Cotton\curl_virus\curl93.jpg,d9ae3cc1e22d3538,d9ae3cc1e22d3538
0,datasets\raw\Cotton\curl_virus\curl313.jpg,datasets\raw\Cotton\curl_virus\curl94.jpg,d9ae3cc1e22d3538,d9ae3cc1e22d3538
0,datasets\raw\Cotton\curl_virus\curl93.jpg,datasets\raw\Cotton\curl_virus\curl94.jpg,d9ae3cc1e22d3538,d9ae3cc1e22d3538
0,datasets\raw\Cotton\curl_virus\curl328.jpg,datasets\raw\Cotton\curl_virus\curl388.jpg,a0c5a03757ad1e5d,a0c5a03757ad1e5d
0,datasets\raw\Cotton\curl_virus\curl329.jpg,datasets\raw\Cotton\curl_virus\curl389.jpg,f31de14e530b4f0c,f31de14e530b4f0c
0,datasets\raw\Cotton\curl_virus\curl330.jpg,datasets\raw\Cotton\curl_virus\curl390.jpg,f56df59d02064a93,f56df59d02064a93
0,datasets\raw\Cotton\curl_virus\curl332.jpg,datasets\raw\Cotton\curl_virus\curl392.jpg,a0c7a03747bd1e1d,a0c7a03747bd1e1d
0,datasets\raw\Cotton\curl_virus\curl333.jpg,datasets\raw\Cotton\curl_virus\curl393.jpg,b33de16e520b4f0c,b33de16e520b4f0c
0,datasets\raw\Cotton\curl_virus\curl334.jpg,datasets\raw\Cotton\curl_virus\curl394.jpg,f56da59d02064bb3,f56da59d02064bb3
0,datasets\raw\Cotton\curl_virus\curl343.jpg,datasets\raw\Cotton\curl_virus\curl8.jpg,eea4845adb39a1b1,eea4845adb39a1b1
0,datasets\raw\Cotton\curl_virus\curl346.jpg,datasets\raw\Cotton\curl_virus\curl350.jpg,eb63c7e29c1998b0,eb63c7e29c1998b0
0,datasets\raw\Cotton\curl_virus\curl355.jpg,datasets\raw\Cotton\curl_virus\curl359.jpg,ead4abbab012d4c5,ead4abbab012d4c5
0,datasets\raw\Cotton\curl_virus\curl356.jpg,datasets\raw\Cotton\curl_virus\curl360.jpg,ae84ed0be516e174,ae84ed0be516e174
0,datasets\raw\Cotton\curl_virus\curl357.jpg,datasets\raw\Cotton\curl_virus\curl361.jpg,b77ebe10e5b88103,b77ebe10e5b88103
0,datasets\raw\Cotton\curl_virus\curl358.jpg,datasets\raw\Cotton\curl_virus\curl362.jpg,fb2cb8a030bcb4da,fb2cb8a030bcb4da
0,datasets\raw\Cotton\curl_virus\curl363.jpg,datasets\raw\Cotton\curl_virus\curl367.jpg,eb81b45ca75a952c,eb81b45ca75a952c
0,datasets\raw\Cotton\curl_virus\curl363.jpg,datasets\raw\Cotton\curl_virus\curl42.jpg,eb81b45ca75a952c,eb81b45ca75a952c
0,datasets\raw\Cotton\curl_virus\curl367.jpg,datasets\raw\Cotton\curl_virus\curl42.jpg,eb81b45ca75a952c,eb81b45ca75a952c
0,datasets\raw\Cotton\curl_virus\curl364.jpg,datasets\raw\Cotton\curl_virus\curl368.jpg,bfc1fc638066488f,bfc1fc638066488f
0,datasets\raw\Cotton\curl_virus\curl365.jpg,datasets\raw\Cotton\curl_virus\curl369.jpg,be2be1f4f2f0c084,be2be1f4f2f0c084
0,datasets\raw\Cotton\curl_virus\curl375.jpg,datasets\raw\Cotton\curl_virus\curl47.jpg,ddd6681fb0789261,ddd6681fb0789261
0,datasets\raw\Cotton\curl_virus\curl376.jpg,datasets\raw\Cotton\curl_virus\curl57.jpg,85676a6a2592f5d1,85676a6a2592f5d1
0,datasets\raw\Cotton\curl_virus\curl397.jpg,datasets\raw\Cotton\curl_virus\curl401.jpg,f711856a1ef5c982,f711856a1ef5c982
0,datasets\raw\Cotton\curl_virus\curl398.jpg,datasets\raw\Cotton\curl_virus\curl402.jpg,f2c2c0990ef9ccb3,f2c2c0990ef9ccb3
0,datasets\raw\Cotton\curl_virus\curl421.jpg,datasets\raw\Cotton\curl_virus\images (2).jpg,eeafa0f05d39842a,eeafa0f05d39842a
0,datasets\raw\Cotton\curl_virus\curl43.png,datasets\raw\Cotton\curl_virus\curl50.png,f0d19c75eb50884f,f0d19c75eb50884f
0,datasets\raw\Cotton\curl_virus\curl73.jpg,datasets\raw\Cotton\curl_virus\curl78.jpg,bf06d069c895c5da,bf06d069c895c5da
0,datasets\raw\Cotton\curl_virus\curl74.jpg,datasets\raw\Cotton\curl_virus\curl77.jpg,ba6ec5f0cc9384c3,ba6ec5f0cc9384c3
0,datasets\raw\Cotton\curl_virus\curl79.jpg,datasets\raw\Cotton\curl_virus\curl84.jpg,ec309125db4a97b9,ec309125db4a97b9
0,datasets\raw\Cotton\curl_virus\curl79.jpg,datasets\raw\Cotton\curl_virus\curl90.jpg,ec309125db4a97b9,ec309125db4a97b9
0,datasets\raw\Cotton\curl_virus\curl84.jpg,datasets\raw\Cotton\curl_virus\curl90.jpg,ec309125db4a97b9,ec309125db4a97b9
0,datasets\raw\Cotton\curl_virus\curl80.jpg,datasets\raw\Cotton\curl_virus\curl85.jpg,ee99842ed8c71a6a,ee99842ed8c71a6a
0,datasets\raw\Cotton\curl_virus\curl83.jpg,datasets\raw\Cotton\curl_virus\curl89.jpg,bb33d1948d6d0fc0,bb33d1948d6d0fc0
0,datasets\raw\Cotton\fussarium_wilt\done.jpg,datasets\raw\Cotton\fussarium_wilt\fus9.jpg,9c4c633363853f53,9c4c633363853f53
0,datasets\raw\Cotton\fussarium_wilt\done.jpg,datasets\raw\Cotton\fussarium_wilt\unnamed.jpg,9c4c633363853f53,9c4c633363853f53
0,datasets\raw\Cotton\fussarium_wilt\fus9.jpg,datasets\raw\Cotton\fussarium_wilt\unnamed.jpg,9c4c633363853f53,9c4c633363853f53
0,datasets\raw\Cotton\fussarium_wilt\done1.jpg,datasets\raw\Cotton\fussarium_wilt\fus16.jpg,87dd3b0d0d59e251,87dd3b0d0d59e251
0,datasets\raw\Cotton\fussarium_wilt\done1.jpg,datasets\raw\Cotton\fussarium_wilt\fus20.jpg,87dd3b0d0d59e251,87dd3b0d0d59e251
0,datasets\raw\Cotton\fussarium_wilt\done1.jpg,datasets\raw\Cotton\fussarium_wilt\fus24.jpg,87dd3b0d0d59e251,87dd3b0d0d59e251
0,datasets\raw\Cotton\fussarium_wilt\fus16.jpg,datasets\raw\Cotton\fussarium_wilt\fus20.jpg,87dd3b0d0d59e251,87dd3b0d0d59e251
0,datasets\raw\Cotton\fussarium_wilt\fus16.jpg,datasets\raw\Cotton\fussarium_wilt\fus24.jpg,87dd3b0d0d59e251,87dd3b0d0d59e251
0,datasets\raw\Cotton\fussarium_wilt\fus20.jpg,datasets\raw\Cotton\fussarium_wilt\fus24.jpg,87dd3b0d0d59e251,87dd3b0d0d59e251
0,datasets\raw\Cotton\fussarium_wilt\done10.jpg,datasets\raw\Cotton\fussarium_wilt\fus84.jpg,ffc5a058875a42ad,ffc5a058875a42ad
0,datasets\raw\Cotton\fussarium_wilt\done11.jpg,datasets\raw\Cotton\fussarium_wilt\fus116.jpg,a5b76a3ab42d08ae,a5b76a3ab42d08ae
0,datasets\raw\Cotton\fussarium_wilt\done12.jpg,datasets\raw\Cotton\fussarium_wilt\fus120.jpg,d1d34e3af86c64c1,d1d34e3af86c64c1
0,datasets\raw\Cotton\fussarium_wilt\done12.jpg,datasets\raw\Cotton\fussarium_wilt\fus_oxy_plant.jpg,d1d34e3af86c64c1,d1d34e3af86c64c1
0,datasets\raw\Cotton\fussarium_wilt\fus120.jpg,datasets\raw\Cotton\fussarium_wilt\fus_oxy_plant.jpg,d1d34e3af86c64c1,d1d34e3af86c64c1
0,datasets\raw\Cotton\fussarium_wilt\done13.jpg,datasets\raw\Cotton\fussarium_wilt\fus128.jpg,d2b38c6dbc235343,d2b38c6dbc235343
0,datasets\raw\Cotton\fussarium_wilt\done14.jpg,datasets\raw\Cotton\fussarium_wilt\fus136.jpg,ad16cc93c36c328f,ad16cc93c36c328f
0,datasets\raw\Cotton\fussarium_wilt\done15.png,datasets\raw\Cotton\fussarium_wilt\fus144.png,f10c9f73482934bd,f10c9f73482934bd
0,datasets\raw\Cotton\fussarium_wilt\done16.jpg,datasets\raw\Cotton\fussarium_wilt\fus153.jpg,bd236051915195ff,bd236051915195ff
0,datasets\raw\Cotton\fussarium_wilt\done17.jpg,datasets\raw\Cotton\fussarium_wilt\fus159.jpg,80fa8f6ee21de590,80fa8f6ee21de590
0,datasets\raw\Cotton\fussarium_wilt\done17.jpg,datasets\raw\Cotton\fussarium_wilt\images.jpg,80fa8f6ee21de590,80fa8f6ee21de590
0,datasets\raw\Cotton\fussarium_wilt\fus159.jpg,datasets\raw\Cotton\fussarium_wilt\images.jpg,80fa8f6ee21de590,80fa8f6ee21de590
0,datasets\raw\Cotton\fussarium_wilt\done18.jpg,datasets\raw\Cotton\fussarium_wilt\fus167.jpg,f9ec0b70968b095d,f9ec0b70968b095d
0,datasets\raw\Cotton\fussarium_wilt\done19.jpg,datasets\raw\Cotton\fussarium_wilt\fus175.jpg,cbe8b7949acb5488,cbe8b7949acb5488
0,datasets\raw\Cotton\fussarium_wilt\done19.jpg,datasets\raw\Cotton\fussarium_wilt\fus179.jpg,cbe8b7949acb5488,cbe8b7949acb5488
0,datasets\raw\Cotton\fussarium_wilt\fus175.jpg,datasets\raw\Cotton\fussarium_wilt\fus179.jpg,cbe8b7949acb5488,cbe8b7949acb5488
0,datasets\raw\Cotton\fussarium_wilt\done20.jpg,datasets\raw\Cotton\fussarium_wilt\fus198.jpg,8c653ac35f0f331c,8c653ac35f0f331c
0,datasets\raw\Cotton\fussarium_wilt\done20.jpg,datasets\raw\Cotton\fussarium_wilt\fus202.jpg,8c653ac35f0f331c,8c653ac35f0f331c
0,datasets\raw\Cotton\fussarium_wilt\fus198.jpg,datasets\raw\Cotton\fussarium_wilt\fus202.jpg,8c653ac35f0f331c,8c653ac35f0f331c
0,datasets\raw\Cotton\fussarium_wilt\done21.jpg,datasets\raw\Cotton\fussarium_wilt\FOV4-leaf-symptoms-courtesy-UC-Davis_468x351.jpg,9c44b69e3991de0e,9c44b69e3991de0e
0,datasets\raw\Cotton\fussarium_wilt\done23.png,datasets\raw\Cotton\fussarium_wilt\Figure-2B.png,f95cc265dc682533,f95cc265dc682533
0,datasets\raw\Cotton\fussarium_wilt\done5.jpg,datasets\raw\Cotton\fussarium_wilt\fus33.jpg,bac4854bc83bb43b,bac4854bc83bb43b
0,datasets\raw\Cotton\fussarium_wilt\done6.jpg,datasets\raw\Cotton\fussarium_wilt\fus41.jpg,cbb08ac7e03d0ecd,cbb08ac7e03d0ecd
0,datasets\raw\Cotton\fussarium_wilt\done8 (2).jpg,datasets\raw\Cotton\fussarium_wilt\fus64.jpg,aba19256eb245a7a,aba19256eb245a7a
0,datasets\raw\Cotton\fussarium_wilt\done8.jpg,datasets\raw\Cotton\fussarium_wilt\fus57.jpg,df0376015f8354b6,df0376015f8354b6
0,datasets\raw\Cotton\fussarium_wilt\done9.jpg,datasets\raw\Cotton\fussarium_wilt\fus72.jpg,9074fc729637a325,9074fc729637a325
0,datasets\raw\Cotton\fussarium_wilt\done9.jpg,datasets\raw\Cotton\fussarium_wilt\fus76.jpg,9074fc729637a325,9074fc729637a325
0,datasets\raw\Cotton\fussarium_wilt\fus72.jpg,datasets\raw\Cotton\fussarium_wilt\fus76.jpg,9074fc729637a325,9074fc729637a325
0,datasets\raw\Cotton\fussarium_wilt\Figure-2A.png,datasets\raw\Cotton\fussarium_wilt\fus222.png,eb6abdf4f1108311,eb6abdf4f1108311
0,datasets\raw\Cotton\fussarium_wilt\foliar-damage-from-fusarium-oxysporum.png,datasets\raw\Cotton\fussarium_wilt\fus346.png,a41de9c11e3c9bac,a41de9c11e3c9bac
0,datasets\raw\Cotton\fussarium_wilt\fus10.jpg,datasets\raw\Cotton\fussarium_wilt\fus13.jpg,d13c6f8695916e2a,d13c6f8695916e2a
0,datasets\raw\Cotton\fussarium_wilt\fus101.jpg,datasets\raw\Cotton\fussarium_wilt\fus105.jpg,c7944a5a387aaea9,c7944a5a387aaea9
0,datasets\raw\Cotton\fussarium_wilt\fus103.jpg,datasets\raw\Cotton\fussarium_wilt\fus107.jpg,923e1ff06dd0fa01,923e1ff06dd0fa01
0,datasets\raw\Cotton\fussarium_wilt\fus11.jpg,datasets\raw\Cotton\fussarium_wilt\fus14.jpg,c9e23699262f62f8,c9e23699262f62f8
0,datasets\raw\Cotton\fussarium_wilt\fus145.png,datasets\raw\Cotton\fussarium_wilt\fus149.png,f4cde2e6383625e0,f4cde2e6383625e0
0,datasets\raw\Cotton\fussarium_wilt\fus15.jpg,datasets\raw\Cotton\fussarium_wilt\susariumwilt.jpg,8c963a6ce27b3bc0,8c963a6ce27b3bc0
0,datasets\raw\Cotton\fussarium_wilt\fus151.jpg,datasets\raw\Cotton\fussarium_wilt\fus155.jpg,e88935fbc4bb4151,e88935fbc4bb4151
0,datasets\raw\Cotton\fussarium_wilt\fus176.jpg,datasets\raw\Cotton\fussarium_wilt\fus180.jpg,a893354f986779e0,a893354f986779e0
0,datasets\raw\Cotton\fussarium_wilt\fus177.jpg,datasets\raw\Cotton\fussarium_wilt\fus181.jpg,9e4af23ecf610323,9e4af23ecf610323
0,datasets\raw\Cotton\fussarium_wilt\fus178.jpg,datasets\raw\Cotton\fussarium_wilt\fus182.jpg,fd3960c58dcd2c4a,fd3960c58dcd2c4a
0,datasets\raw\Cotton\fussarium_wilt\fus18.jpg,datasets\raw\Cotton\fussarium_wilt\fus22.jpg,d2734ea6589286bb,d2734ea6589286bb
0,datasets\raw\Cotton\fussarium_wilt\fus19.jpg,datasets\raw\Cotton\fussarium_wilt\fus23.jpg,c2bd22ba7c27a236,c2bd22ba7c27a236
0,datasets\raw\Cotton\fussarium_wilt\fus199.jpg,datasets\raw\Cotton\fussarium_wilt\fus203.jpg,c50d377ef8106b0b,c50d377ef8106b0b
0,datasets\raw\Cotton\fussarium_wilt\fus200.jpg,datasets\raw\Cotton\fussarium_wilt\fus204.jpg,d9ce6f6902a466b4,d9ce6f6902a466b4
0,datasets\raw\Cotton\fussarium_wilt\fus201.jpg,datasets\raw\Cotton\fussarium_wilt\fus205.jpg,90a762d4adba3ea1,90a762d4adba3ea1
0,datasets\raw\Cotton\fussarium_wilt\fus227.png,datasets\raw\Cotton\fussarium_wilt\fus231.png,f8955285c6cc675a,f8955285c6cc675a
0,datasets\raw\Cotton\fussarium_wilt\fus230.png,datasets\raw\Cotton\fussarium_wilt\fus234.png,dc508716cda1abad,dc508716cda1abad
0,datasets\raw\Cotton\fussarium_wilt\fus237.jpg,datasets\raw\Cotton\fussarium_wilt\fus241.jpg,de6626938b227d0e,de6626938b227d0e
0,datasets\raw\Cotton\fussarium_wilt\fus25.jpg,datasets\raw\Cotton\fussarium_wilt\fus29.jpg,f862461f8a989fc9,f862461f8a989fc9
0,datasets\raw\Cotton\fussarium_wilt\fus255.jpg,datasets\raw\Cotton\fussarium_wilt\fus259.jpg,90e30fb669c8a5cd,90e30fb669c8a5cd
0,datasets\raw\Cotton\fussarium_wilt\fus26.jpg,datasets\raw\Cotton\fussarium_wilt\fus30.jpg,dab495c3ca672d44,dab495c3ca672d44
0,datasets\raw\Cotton\fussarium_wilt\fus27.jpg,datasets\raw\Cotton\fussarium_wilt\fus31.jpg,adc813b4df32c863,adc813b4df32c863
0,datasets\raw\Cotton\fussarium_wilt\fus271.jpg,datasets\raw\Cotton\fussarium_wilt\fus275.jpg,eea9d64e986831b8,eea9d64e986831b8
0,datasets\raw\Cotton\fussarium_wilt\fus272.jpg,datasets\raw\Cotton\fussarium_wilt\fus276.jpg,bce0927e88e4e517,bce0927e88e4e517
0,datasets\raw\Cotton\fussarium_wilt\fus274.jpg,datasets\raw\Cotton\fussarium_wilt\fus278.jpg,e848c7d49d4ab0bd,e848c7d49d4ab0bd
0,datasets\raw\Cotton\fussarium_wilt\fus299.jpg,datasets\raw\Cotton\fussarium_wilt\fus300.jpg,c5583bbd708172c7,c5583bbd708172c7
0,datasets\raw\Cotton\fussarium_wilt\fus309.JPG,datasets\raw\Cotton\fussarium_wilt\fus310.JPG,88c495ebd6097a7c,88c495ebd6097a7c
0,datasets\raw\Cotton\fussarium_wilt\fus309.JPG,datasets\raw\Cotton\fussarium_wilt\fus314.JPG,88c495ebd6097a7c,88c495ebd6097a7c
0,datasets\raw\Cotton\fussarium_wilt\fus310.JPG,datasets\raw\Cotton\fussarium_wilt\fus314.JPG,88c495ebd6097a7c,88c495ebd6097a7c
0,datasets\raw\Cotton\fussarium_wilt\fus311.JPG,datasets\raw\Cotton\fussarium_wilt\fus315.JPG,ad8e467eca3e0e60,ad8e467eca3e0e60
0,datasets\raw\Cotton\fussarium_wilt\fus312.JPG,datasets\raw\Cotton\fussarium_wilt\fus316.JPG,bd6ec0418ba32bd5,bd6ec0418ba32bd5
0,datasets\raw\Cotton\fussarium_wilt\fus318.jpg,datasets\raw\Cotton\fussarium_wilt\fus322.jpg,aa1295d75ac8c1de,aa1295d75ac8c1de
0,datasets\raw\Cotton\fussarium_wilt\fus334.jpg,datasets\raw\Cotton\fussarium_wilt\fus338.jpg,c770a35fc02f2c6c,c770a35fc02f2c6c
0,datasets\raw\Cotton\fussarium_wilt\fus335.jpg,datasets\raw\Cotton\fussarium_wilt\fus339.jpg,fd9c321543c2e9e1,fd9c321543c2e9e1
0,datasets\raw\Cotton\fussarium_wilt\fus336.jpg,datasets\raw\Cotton\fussarium_wilt\fus340.jpg,92daf6a5958570c6,92daf6a5958570c6
0,datasets\raw\Cotton\fussarium_wilt\fus337.jpg,datasets\raw\Cotton\fussarium_wilt\fus341.jpg,a82667af1768b44b,a82667af1768b44b
0,datasets\raw\Cotton\fussarium_wilt\fus374.jpg,datasets\raw\Cotton\fussarium_wilt\fus378.jpg,bfb2e01b09843dea,bfb2e01b09843dea
0,datasets\raw\Cotton\fussarium_wilt\fus375.jpg,datasets\raw\Cotton\fussarium_wilt\fus379.jpg,b074ba82ceb386cb,b074ba82ceb386cb
0,datasets\raw\Cotton\fussarium_wilt\fus376.jpg,datasets\raw\Cotton\fussarium_wilt\fus380.jpg,ea1cb1b17c1f6a50,ea1cb1b17c1f6a50
0,datasets\raw\Cotton\fussarium_wilt\fus377.jpg,datasets\raw\Cotton\fussarium_wilt\fus381.jpg,e59eeb289b11d161,e59eeb289b11d161
0,datasets\raw\Cotton\fussarium_wilt\fus382.jpg,datasets\raw\Cotton\fussarium_wilt\fus383.jpg,b24f3e0ccb3068d7,b24f3e0ccb3068d7
0,datasets\raw\Cotton\fussarium_wilt\fus44.jpg,datasets\raw\Cotton\fussarium_wilt\fus48.jpg,f9664cbba0e8a26a,f9664cbba0e8a26a
0,datasets\raw\Cotton\fussarium_wilt\fus65.jpg,datasets\raw\Cotton\fussarium_wilt\fus69.jpg,bd4e9866da01e695,bd4e9866da01e695
0,datasets\raw\Cotton\fussarium_wilt\fus66.jpg,datasets\raw\Cotton\fussarium_wilt\fus70.jpg,fe0bc37cbc860ec0,fe0bc37cbc860ec0
0,datasets\raw\Cotton\fussarium_wilt\fus67.jpg,datasets\raw\Cotton\fussarium_wilt\fus71.jpg,e8e4cccc8b8bb235,e8e4cccc8b8bb235
0,datasets\raw\Cotton\fussarium_wilt\fus75.jpg,datasets\raw\Cotton\fussarium_wilt\fus79.jpg,aacf770320921efa,aacf770320921efa
0,datasets\raw\Cotton\healthy\555.jpg,datasets\raw\Cotton\healthy\h484.jpg,bf5089a3e41dc725,bf5089a3e41dc725
0,datasets\raw\Cotton\healthy\h100.jpg,datasets\raw\Cotton\healthy\h101.jpg,e3b600b6599b9d29,e3b600b6599b9d29
0,datasets\raw\Cotton\healthy\h100.jpg,datasets\raw\Cotton\healthy\h102.jpg,e3b600b6599b9d29,e3b600b6599b9d29
0,datasets\raw\Cotton\healthy\h100.jpg,datasets\raw\Cotton\healthy\h99.jpg,e3b600b6599b9d29,e3b600b6599b9d29
0,datasets\raw\Cotton\healthy\h101.jpg,datasets\raw\Cotton\healthy\h102.jpg,e3b600b6599b9d29,e3b600b6599b9d29
0,datasets\raw\Cotton\healthy\h101.jpg,datasets\raw\Cotton\healthy\h99.jpg,e3b600b6599b9d29,e3b600b6599b9d29
0,datasets\raw\Cotton\healthy\h102.jpg,datasets\raw\Cotton\healthy\h99.jpg,e3b600b6599b9d29,e3b600b6599b9d29
0,datasets\raw\Cotton\healthy\h103.jpg,datasets\raw\Cotton\healthy\h104.jpg,b74491be471af00f,b74491be471af00f
0,datasets\raw\Cotton\healthy\h103.jpg,datasets\raw\Cotton\healthy\h105.jpg,b74491be471af00f,b74491be471af00f
0,datasets\raw\Cotton\healthy\h104.jpg,datasets\raw\Cotton\healthy\h105.jpg,b74491be471af00f,b74491be471af00f
0,datasets\raw\Cotton\healthy\h106.jpg,datasets\raw\Cotton\healthy\h107.jpg,b2b5926915269d76,b2b5926915269d76
0,datasets\raw\Cotton\healthy\h106.jpg,datasets\raw\Cotton\healthy\h108.jpg,b2b5926915269d76,b2b5926915269d76
0,datasets\raw\Cotton\healthy\h106.jpg,datasets\raw\Cotton\healthy\h109.jpg,b2b5926915269d76,b2b5926915269d76
0,datasets\raw\Cotton\healthy\h107.jpg,datasets\raw\Cotton\healthy\h108.jpg,b2b5926915269d76,b2b5926915269d76
0,datasets\raw\Cotton\healthy\h107.jpg,datasets\raw\Cotton\healthy\h109.jpg,b2b5926915269d76,b2b5926915269d76
0,datasets\raw\Cotton\healthy\h108.jpg,datasets\raw\Cotton\healthy\h109.jpg,b2b5926915269d76,b2b5926915269d76
0,datasets\raw\Cotton\healthy\h111.jpg,datasets\raw\Cotton\healthy\h112.jpg,c48c3f63f292b50d,c48c3f63f292b50d
0,datasets\raw\Cotton\healthy\h111.jpg,datasets\raw\Cotton\healthy\h113.jpg,c48c3f63f292b50d,c48c3f63f292b50d
0,datasets\raw\Cotton\healthy\h112.jpg,datasets\raw\Cotton\healthy\h113.jpg,c48c3f63f292b50d,c48c3f63f292b50d
0,datasets\raw\Cotton\healthy\h114.jpg,datasets\raw\Cotton\healthy\h309.jpg,bad48989f5995ac4,bad48989f5995ac4
0,datasets\raw\Cotton\healthy\h115.jpg,datasets\raw\Cotton\healthy\h116.jpg,ea87ac3dc27a5107,ea87ac3dc27a5107
0,datasets\raw\Cotton\healthy\h115.jpg,datasets\raw\Cotton\healthy\h118.jpg,ea87ac3dc27a5107,ea87ac3dc27a5107
0,datasets\raw\Cotton\healthy\h115.jpg,datasets\raw\Cotton\healthy\h120.jpg,ea87ac3dc27a5107,ea87ac3dc27a5107
0,datasets\raw\Cotton\healthy\h116.jpg,datasets\raw\Cotton\healthy\h118.jpg,ea87ac3dc27a5107,ea87ac3dc27a5107
0,datasets\raw\Cotton\healthy\h116.jpg,datasets\raw\Cotton\healthy\h120.jpg,ea87ac3dc27a5107,ea87ac3dc27a5107
0,datasets\raw\Cotton\healthy\h118.jpg,datasets\raw\Cotton\healthy\h120.jpg,ea87ac3dc27a5107,ea87ac3dc27a5107
0,datasets\raw\Cotton\healthy\h125.jpg,datasets\raw\Cotton\healthy\h129.jpg,c45a7ade764702c9,c45a7ade764702c9
0,datasets\raw\Cotton\healthy\h125.jpg,datasets\raw\Cotton\healthy\h130.jpg,c45a7ade764702c9,c45a7ade764702c9
0,datasets\raw\Cotton\healthy\h129.jpg,datasets\raw\Cotton\healthy\h130.jpg,c45a7ade764702c9,c45a7ade764702c9
0,datasets\raw\Cotton\healthy\h126.jpg,datasets\raw\Cotton\healthy\h127.jpg,80a5566abd4ecd2b,80a5566abd4ecd2b
0,datasets\raw\Cotton\healthy\h126.jpg,datasets\raw\Cotton\healthy\h128.jpg,80a5566abd4ecd2b,80a5566abd4ecd2b
0,datasets\raw\Cotton\healthy\h126.jpg,datasets\raw\Cotton\healthy\h310.jpg,80a5566abd4ecd2b,80a5566abd4ecd2b
0,datasets\raw\Cotton\healthy\h127.jpg,datasets\raw\Cotton\healthy\h128.jpg,80a5566abd4ecd2b,80a5566abd4ecd2b
0,datasets\raw\Cotton\healthy\h127.jpg,datasets\raw\Cotton\healthy\h310.jpg,80a5566abd4ecd2b,80a5566abd4ecd2b
0,datasets\raw\Cotton\healthy\h128.jpg,datasets\raw\Cotton\healthy\h310.jpg,80a5566abd4ecd2b,80a5566abd4ecd2b
0,datasets\raw\Cotton\healthy\h133.jpg,datasets\raw\Cotton\healthy\h134.jpg,8bb42ab03cf9b4c9,8bb42ab03cf9b4c9
0,datasets\raw\Cotton\healthy\h133.jpg,datasets\raw\Cotton\healthy\h135.jpg,8bb42ab03cf9b4c9,8bb42ab03cf9b4c9
0,datasets\raw\Cotton\healthy\h134.jpg,datasets\raw\Cotton\healthy\h135.jpg,8bb42ab03cf9b4c9,8bb42ab03cf9b4c9
0,datasets\raw\Cotton\healthy\h136.jpg,datasets\raw\Cotton\healthy\h137.jpg,8bb46ab03ce9b4c9,8bb46ab03ce9b4c9
0,datasets\raw\Cotton\healthy\h136.jpg,datasets\raw\Cotton\healthy\h140.jpg,8bb46ab03ce9b4c9,8bb46ab03ce9b4c9
0,datasets\raw\Cotton\healthy\h137.jpg,datasets\raw\Cotton\healthy\h140.jpg,8bb46ab03ce9b4c9,8bb46ab03ce9b4c9
0,datasets\raw\Cotton\healthy\h138.jpg,datasets\raw\Cotton\healthy\h139.jpg,89762b3a3de5948c,89762b3a3de5948c
0,datasets\raw\Cotton\healthy\h141.jpg,datasets\raw\Cotton\healthy\h142.jpg,d2912b0fec1a2df8,d2912b0fec1a2df8
0,datasets\raw\Cotton\healthy\h141.jpg,datasets\raw\Cotton\healthy\h145.jpg,d2912b0fec1a2df8,d2912b0fec1a2df8
0,datasets\raw\Cotton\healthy\h142.jpg,datasets\raw\Cotton\healthy\h145.jpg,d2912b0fec1a2df8,d2912b0fec1a2df8
0,datasets\raw\Cotton\healthy\h143.jpg,datasets\raw\Cotton\healthy\h144.jpg,98643ed8c4b7b4a9,98643ed8c4b7b4a9
0,datasets\raw\Cotton\healthy\h143.jpg,datasets\raw\Cotton\healthy\h146.jpg,98643ed8c4b7b4a9,98643ed8c4b7b4a9
0,datasets\raw\Cotton\healthy\h143.jpg,datasets\raw\Cotton\healthy\h147.jpg,98643ed8c4b7b4a9,98643ed8c4b7b4a9
0,datasets\raw\Cotton\healthy\h143.jpg,datasets\raw\Cotton\healthy\h155.jpg,98643ed8c4b7b4a9,98643ed8c4b7b4a9
0,datasets\raw\Cotton\healthy\h144.jpg,datasets\raw\Cotton\healthy\h146.jpg,98643ed8c4b7b4a9,98643ed8c4b7b4a9
0,datasets\raw\Cotton\healthy\h144.jpg,datasets\raw\Cotton\healthy\h147.jpg,98643ed8c4b7b4a9,98643ed8c4b7b4a9
0,datasets\raw\Cotton\healthy\h144.jpg,datasets\raw\Cotton\healthy\h155.jpg,98643ed8c4b7b4a9,98643ed8c4b7b4a9
0,datasets\raw\Cotton\healthy\h146.jpg,datasets\raw\Cotton\healthy\h147.jpg,98643ed8c4b7b4a9,98643ed8c4b7b4a9
0,datasets\raw\Cotton\healthy\h146.jpg,datasets\raw\Cotton\healthy\h155.jpg,98643ed8c4b7b4a9,98643ed8c4b7b4a9
0,datasets\raw\Cotton\healthy\h147.jpg,datasets\raw\Cotton\healthy\h155.jpg,98643ed8c4b7b4a9,98643ed8c4b7b4a9
0,datasets\raw\Cotton\healthy\h152.jpg,datasets\raw\Cotton\healthy\h153.jpg,c76a033f3d3c02e9,c76a033f3d3c02e9
0,datasets\raw\Cotton\healthy\h152.jpg,datasets\raw\Cotton\healthy\h154.jpg,c76a033f3d3c02e9,c76a033f3d3c02e9
0,datasets\raw\Cotton\healthy\h153.jpg,datasets\raw\Cotton\healthy\h154.jpg,c76a033f3d3c02e9,c76a033f3d3c02e9
0,datasets\raw\Cotton\healthy\h156.jpg,datasets\raw\Cotton\healthy\h157.jpg,859d7c9d3cb170c2,859d7c9d3cb170c2
0,datasets\raw\Cotton\healthy\h156.jpg,datasets\raw\Cotton\healthy\h158.jpg,859d7c9d3cb170c2,859d7c9d3cb170c2
0,datasets\raw\Cotton\healthy\h157.jpg,datasets\raw\Cotton\healthy\h158.jpg,859d7c9d3cb170c2,859d7c9d3cb170c2
0,datasets\raw\Cotton\healthy\h159.jpg,datasets\raw\Cotton\healthy\h161.jpg,846b1f6f591bc01d,846b1f6f591bc01d
0,datasets\raw\Cotton\healthy\h159.jpg,datasets\raw\Cotton\healthy\h162.jpg,846b1f6f591bc01d,846b1f6f591bc01d
0,datasets\raw\Cotton\healthy\h159.jpg,datasets\raw\Cotton\healthy\h163.jpg,846b1f6f591bc01d,846b1f6f591bc01d
0,datasets\raw\Cotton\healthy\h159.jpg,datasets\raw\Cotton\healthy\h164.jpg,846b1f6f591bc01d,846b1f6f591bc01d
0,datasets\raw\Cotton\healthy\h159.jpg,datasets\raw\Cotton\healthy\h165.jpg,846b1f6f591bc01d,846b1f6f591bc01d
0,datasets\raw\Cotton\healthy\h159.jpg,datasets\raw\Cotton\healthy\h166.jpg,846b1f6f591bc01d,846b1f6f591bc01d
0,datasets\raw\Cotton\healthy\h159.jpg,datasets\raw\Cotton\healthy\h170.jpg,846b1f6f591bc01d,846b1f6f591bc01d
0,datasets\raw\Cotton\healthy\h161.jpg,datasets\raw\Cotton\healthy\h162.jpg,846b1f6f591bc01d,846b1f6f591bc01d
0,datasets\raw\Cotton\healthy\h161.jpg,datasets\raw\Cotton\healthy\h163.jpg,846b1f6f591bc01d,846b1f6f591bc01d
0,datasets\raw\Cotton\healthy\h161.jpg,datasets\raw\Cotton\healthy\h164.jpg,846b1f6f591bc01d,846b1f6f591bc01d
0,datasets\raw\Cotton\healthy\h161.jpg,datasets\raw\Cotton\healthy\h165.jpg,846b1f6f591bc01d,846b1f6f591bc01d
0,datasets\raw\Cotton\healthy\h161.jpg,datasets\raw\Cotton\healthy\h166.jpg,846b1f6f591bc01d,846b1f6f591bc01d
0,datasets\raw\Cotton\healthy\h161.jpg,datasets\raw\Cotton\healthy\h170.jpg,846b1f6f591bc01d,846b1f6f591bc01d
0,datasets\raw\Cotton\healthy\h162.jpg,datasets\raw\Cotton\healthy\h163.jpg,846b1f6f591bc01d,846b1f6f591bc01d
0,datasets\raw\Cotton\healthy\h162.jpg,datasets\raw\Cotton\healthy\h164.jpg,846b1f6f591bc01d,846b1f6f591bc01d
0,datasets\raw\Cotton\healthy\h162.jpg,datasets\raw\Cotton\healthy\h165.jpg,846b1f6f591bc01d,846b1f6f591bc01d
0,datasets\raw\Cotton\healthy\h162.jpg,datasets\raw\Cotton\healthy\h166.jpg,846b1f6f591bc01d,846b1f6f591bc01d
0,datasets\raw\Cotton\healthy\h162.jpg,datasets\raw\Cotton\healthy\h170.jpg,846b1f6f591bc01d,846b1f6f591bc01d
0,datasets\raw\Cotton\healthy\h163.jpg,datasets\raw\Cotton\healthy\h164.jpg,846b1f6f591bc01d,846b1f6f591bc01d
0,datasets\raw\Cotton\healthy\h163.jpg,datasets\raw\Cotton\healthy\h165.jpg,846b1f6f591bc01d,846b1f6f591bc01d
0,datasets\raw\Cotton\healthy\h163.jpg,datasets\raw\Cotton\healthy\h166.jpg,846b1f6f591bc01d,846b1f6f591bc01d
0,datasets\raw\Cotton\healthy\h163.jpg,datasets\raw\Cotton\healthy\h170.jpg,846b1f6f591bc01d,846b1f6f591bc01d
0,datasets\raw\Cotton\healthy\h164.jpg,datasets\raw\Cotton\healthy\h165.jpg,846b1f6f591bc01d,846b1f6f591bc01d
0,datasets\raw\Cotton\healthy\h164.jpg,datasets\raw\Cotton\healthy\h166.jpg,846b1f6f591bc01d,846b1f6f591bc01d
0,datasets\raw\Cotton\healthy\h164.jpg,datasets\raw\Cotton\healthy\h170.jpg,846b1f6f591bc01d,846b1f6f591bc01d
0,datasets\raw\Cotton\healthy\h165.jpg,datasets\raw\Cotton\healthy\h166.jpg,846b1f6f591bc01d,846b1f6f591bc01d
0,datasets\raw\Cotton\healthy\h165.jpg,datasets\raw\Cotton\healthy\h170.jpg,846b1f6f591bc01d,846b1f6f591bc01d
0,datasets\raw\Cotton\healthy\h166.jpg,datasets\raw\Cotton\healthy\h170.jpg,846b1f6f591bc01d,846b1f6f591bc01d
0,datasets\raw\Cotton\healthy\h174.jpg,datasets\raw\Cotton\healthy\h175.jpg,825a5fe51f291ae8,825a5fe51f291ae8
0,datasets\raw\Cotton\healthy\h174.jpg,datasets\raw\Cotton\healthy\h176.jpg,825a5fe51f291ae8,825a5fe51f291ae8
0,datasets\raw\Cotton\healthy\h174.jpg,datasets\raw\Cotton\healthy\h177.jpg,825a5fe51f291ae8,825a5fe51f291ae8
0,datasets\raw\Cotton\healthy\h174.jpg,datasets\raw\Cotton\healthy\h179.jpg,825a5fe51f291ae8,825a5fe51f291ae8
0,datasets\raw\Cotton\healthy\h175.jpg,datasets\raw\Cotton\healthy\h176.jpg,825a5fe51f291ae8,825a5fe51f291ae8
0,datasets\raw\Cotton\healthy\h175.jpg,datasets\raw\Cotton\healthy\h177.jpg,825a5fe51f291ae8,825a5fe51f291ae8
0,datasets\raw\Cotton\healthy\h175.jpg,datasets\raw\Cotton\healthy\h179.jpg,825a5fe51f291ae8,825a5fe51f291ae8
0,datasets\raw\Cotton\healthy\h176.jpg,datasets\raw\Cotton\healthy\h177.jpg,825a5fe51f291ae8,825a5fe51f291ae8
0,datasets\raw\Cotton\healthy\h176.jpg,datasets\raw\Cotton\healthy\h179.jpg,825a5fe51f291ae8,825a5fe51f291ae8
0,datasets\raw\Cotton\healthy\h177.jpg,datasets\raw\Cotton\healthy\h179.jpg,825a5fe51f291ae8,825a5fe51f291ae8
0,datasets\raw\Cotton\healthy\h178.jpg,datasets\raw\Cotton\healthy\h196.jpg,8d2c4ee07a2736d3,8d2c4ee07a2736d3
0,datasets\raw\Cotton\healthy\h178.jpg,datasets\raw\Cotton\healthy\h197.jpg,8d2c4ee07a2736d3,8d2c4ee07a2736d3
0,datasets\raw\Cotton\healthy\h178.jpg,datasets\raw\Cotton\healthy\h198.jpg,8d2c4ee07a2736d3,8d2c4ee07a2736d3
0,datasets\raw\Cotton\healthy\h196.jpg,datasets\raw\Cotton\healthy\h197.jpg,8d2c4ee07a2736d3,8d2c4ee07a2736d3
0,datasets\raw\Cotton\healthy\h196.jpg,datasets\raw\Cotton\healthy\h198.jpg,8d2c4ee07a2736d3,8d2c4ee07a2736d3
0,datasets\raw\Cotton\healthy\h197.jpg,datasets\raw\Cotton\healthy\h198.jpg,8d2c4ee07a2736d3,8d2c4ee07a2736d3
0,datasets\raw\Cotton\healthy\h199.jpg,datasets\raw\Cotton\healthy\h200.jpg,8d2c4ee07a2734d7,8d2c4ee07a2734d7
0,datasets\raw\Cotton\healthy\h199.jpg,datasets\raw\Cotton\healthy\h201.jpg,8d2c4ee07a2734d7,8d2c4ee07a2734d7
0,datasets\raw\Cotton\healthy\h199.jpg,datasets\raw\Cotton\healthy\h202.jpg,8d2c4ee07a2734d7,8d2c4ee07a2734d7
0,datasets\raw\Cotton\healthy\h199.jpg,datasets\raw\Cotton\healthy\h205.jpg,8d2c4ee07a2734d7,8d2c4ee07a2734d7
0,datasets\raw\Cotton\healthy\h200.jpg,datasets\raw\Cotton\healthy\h201.jpg,8d2c4ee07a2734d7,8d2c4ee07a2734d7
0,datasets\raw\Cotton\healthy\h200.jpg,datasets\raw\Cotton\healthy\h202.jpg,8d2c4ee07a2734d7,8d2c4ee07a2734d7
0,datasets\raw\Cotton\healthy\h200.jpg,datasets\raw\Cotton\healthy\h205.jpg,8d2c4ee07a2734d7,8d2c4ee07a2734d7
0,datasets\raw\Cotton\healthy\h201.jpg,datasets\raw\Cotton\healthy\h202.jpg,8d2c4ee07a2734d7,8d2c4ee07a2734d7
0,datasets\raw\Cotton\healthy\h201.jpg,datasets\raw\Cotton\healthy\h205.jpg,8d2c4ee07a2734d7,8d2c4ee07a2734d7
0,datasets\raw\Cotton\healthy\h202.jpg,datasets\raw\Cotton\healthy\h205.jpg,8d2c4ee07a2734d7,8d2c4ee07a2734d7
0,datasets\raw\Cotton\healthy\h182.jpg,datasets\raw\Cotton\healthy\h183.jpg,d0c50b9c7e1e863b,d0c50b9c7e1e863b
0,datasets\raw\Cotton\healthy\h182.jpg,datasets\raw\Cotton\healthy\h184.jpg,d0c50b9c7e1e863b,d0c50b9c7e1e863b
0,datasets\raw\Cotton\healthy\h182.jpg,datasets\raw\Cotton\healthy\h185.jpg,d0c50b9c7e1e863b,d0c50b9c7e1e863b
0,datasets\raw\Cotton\healthy\h183.jpg,datasets\raw\Cotton\healthy\h184.jpg,d0c50b9c7e1e863b,d0c50b9c7e1e863b
0,datasets\raw\Cotton\healthy\h183.jpg,datasets\raw\Cotton\healthy\h185.jpg,d0c50b9c7e1e863b,d0c50b9c7e1e863b
0,datasets\raw\Cotton\healthy\h184.jpg,datasets\raw\Cotton\healthy\h185.jpg,d0c50b9c7e1e863b,d0c50b9c7e1e863b
0,datasets\raw\Cotton\healthy\h186.jpg,datasets\raw\Cotton\healthy\h187.jpg,d2370b623da12f9a,d2370b623da12f9a
0,datasets\raw\Cotton\healthy\h186.jpg,datasets\raw\Cotton\healthy\h188.jpg,d2370b623da12f9a,d2370b623da12f9a
0,datasets\raw\Cotton\healthy\h186.jpg,datasets\raw\Cotton\healthy\h189.jpg,d2370b623da12f9a,d2370b623da12f9a
0,datasets\raw\Cotton\healthy\h187.jpg,datasets\raw\Cotton\healthy\h188.jpg,d2370b623da12f9a,d2370b623da12f9a
0,datasets\raw\Cotton\healthy\h187.jpg,datasets\raw\Cotton\healthy\h189.jpg,d2370b623da12f9a,d2370b623da12f9a
0,datasets\raw\Cotton\healthy\h188.jpg,datasets\raw\Cotton\healthy\h189.jpg,d2370b623da12f9a,d2370b623da12f9a
0,datasets\raw\Cotton\healthy\h190.jpg,datasets\raw\Cotton\healthy\h191.jpg,80cd7afc2fbe0530,80cd7afc2fbe0530
0,datasets\raw\Cotton\healthy\h190.jpg,datasets\raw\Cotton\healthy\h192.jpg,80cd7afc2fbe0530,80cd7afc2fbe0530
0,datasets\raw\Cotton\healthy\h190.jpg,datasets\raw\Cotton\healthy\h193.jpg,80cd7afc2fbe0530,80cd7afc2fbe0530
0,datasets\raw\Cotton\healthy\h190.jpg,datasets\raw\Cotton\healthy\h194.jpg,80cd7afc2fbe0530,80cd7afc2fbe0530
0,datasets\raw\Cotton\healthy\h190.jpg,datasets\raw\Cotton\healthy\h195.jpg,80cd7afc2fbe0530,80cd7afc2fbe0530
0,datasets\raw\Cotton\healthy\h191.jpg,datasets\raw\Cotton\healthy\h192.jpg,80cd7afc2fbe0530,80cd7afc2fbe0530
0,datasets\raw\Cotton\healthy\h191.jpg,datasets\raw\Cotton\healthy\h193.jpg,80cd7afc2fbe0530,80cd7afc2fbe0530
0,datasets\raw\Cotton\healthy\h191.jpg,datasets\raw\Cotton\healthy\h194.jpg,80cd7afc2fbe0530,80cd7afc2fbe0530
0,datasets\raw\Cotton\healthy\h191.jpg,datasets\raw\Cotton\healthy\h195.jpg,80cd7afc2fbe0530,80cd7afc2fbe0530
0,datasets\raw\Cotton\healthy\h192.jpg,datasets\raw\Cotton\healthy\h193.jpg,80cd7afc2fbe0530,80cd7afc2fbe0530
0,datasets\raw\Cotton\healthy\h192.jpg,datasets\raw\Cotton\healthy\h194.jpg,80cd7afc2fbe0530,80cd7afc2fbe0530
0,datasets\raw\Cotton\healthy\h192.jpg,datasets\raw\Cotton\healthy\h195.jpg,80cd7afc2fbe0530,80cd7afc2fbe0530
0,datasets\raw\Cotton\healthy\h193.jpg,datasets\raw\Cotton\healthy\h194.jpg,80cd7afc2fbe0530,80cd7afc2fbe0530
0,datasets\raw\Cotton\healthy\h193.jpg,datasets\raw\Cotton\healthy\h195.jpg,80cd7afc2fbe0530,80cd7afc2fbe0530
0,datasets\raw\Cotton\healthy\h194.jpg,datasets\raw\Cotton\healthy\h195.jpg,80cd7afc2fbe0530,80cd7afc2fbe0530
0,datasets\raw\Cotton\healthy\h203.jpg,datasets\raw\Cotton\healthy\h206.jpg,c1f24db6b54a32e4,c1f24db6b54a32e4
0,datasets\raw\Cotton\healthy\h203.jpg,datasets\raw\Cotton\healthy\h207.jpg,c1f24db6b54a32e4,c1f24db6b54a32e4
0,datasets\raw\Cotton\healthy\h203.jpg,datasets\raw\Cotton\healthy\h208.jpg,c1f24db6b54a32e4,c1f24db6b54a32e4
0,datasets\raw\Cotton\healthy\h206.jpg,datasets\raw\Cotton\healthy\h207.jpg,c1f24db6b54a32e4,c1f24db6b54a32e4
0,datasets\raw\Cotton\healthy\h206.jpg,datasets\raw\Cotton\healthy\h208.jpg,c1f24db6b54a32e4,c1f24db6b54a32e4
0,datasets\raw\Cotton\healthy\h207.jpg,datasets\raw\Cotton\healthy\h208.jpg,c1f24db6b54a32e4,c1f24db6b54a32e4
0,datasets\raw\Cotton\healthy\h209.jpg,datasets\raw\Cotton\healthy\h210.jpg,d9187ba52cc2d655,d9187ba52cc2d655
0,datasets\raw\Cotton\healthy\h209.jpg,datasets\raw\Cotton\healthy\h211.jpg,d9187ba52cc2d655,d9187ba52cc2d655
0,datasets\raw\Cotton\healthy\h209.jpg,datasets\raw\Cotton\healthy\h212.jpg,d9187ba52cc2d655,d9187ba52cc2d655
0,datasets\raw\Cotton\healthy\h210.jpg,datasets\raw\Cotton\healthy\h211.jpg,d9187ba52cc2d655,d9187ba52cc2d655
0,datasets\raw\Cotton\healthy\h210.jpg,datasets\raw\Cotton\healthy\h212.jpg,d9187ba52cc2d655,d9187ba52cc2d655
0,datasets\raw\Cotton\healthy\h211.jpg,datasets\raw\Cotton\healthy\h212.jpg,d9187ba52cc2d655,d9187ba52cc2d655
0,datasets\raw\Cotton\healthy\h219.png,datasets\raw\Cotton\healthy\h220.png,9c1d60ad9627965b,9c1d60ad9627965b
0,datasets\raw\Cotton\healthy\h221.jpg,datasets\raw\Cotton\healthy\h222.jpg,e760c53f0ca161eb,e760c53f0ca161eb
0,datasets\raw\Cotton\healthy\h221.jpg,datasets\raw\Cotton\healthy\h223.jpg,e760c53f0ca161eb,e760c53f0ca161eb
0,datasets\raw\Cotton\healthy\h221.jpg,datasets\raw\Cotton\healthy\h225.jpg,e760c53f0ca161eb,e760c53f0ca161eb
0,datasets\raw\Cotton\healthy\h222.jpg,datasets\raw\Cotton\healthy\h223.jpg,e760c53f0ca161eb,e760c53f0ca161eb
0,datasets\raw\Cotton\healthy\h222.jpg,datasets\raw\Cotton\healthy\h225.jpg,e760c53f0ca161eb,e760c53f0ca161eb
0,datasets\raw\Cotton\healthy\h223.jpg,datasets\raw\Cotton\healthy\h225.jpg,e760c53f0ca161eb,e760c53f0ca161eb
0,datasets\raw\Cotton\healthy\h226.jpg,datasets\raw\Cotton\healthy\h227.jpg,834527cb6bb66c4c,834527cb6bb66c4c
0,datasets\raw\Cotton\healthy\h226.jpg,datasets\raw\Cotton\healthy\h228.jpg,834527cb6bb66c4c,834527cb6bb66c4c
0,datasets\raw\Cotton\healthy\h226.jpg,datasets\raw\Cotton\healthy\h229.jpg,834527cb6bb66c4c,834527cb6bb66c4c
0,datasets\raw\Cotton\healthy\h227.jpg,datasets\raw\Cotton\healthy\h228.jpg,834527cb6bb66c4c,834527cb6bb66c4c
0,datasets\raw\Cotton\healthy\h227.jpg,datasets\raw\Cotton\healthy\h229.jpg,834527cb6bb66c4c,834527cb6bb66c4c
0,datasets\raw\Cotton\healthy\h228.jpg,datasets\raw\Cotton\healthy\h229.jpg,834527cb6bb66c4c,834527cb6bb66c4c
0,datasets\raw\Cotton\healthy\h230.jpg,datasets\raw\Cotton\healthy\h231.jpg,834127cb6bb66e4c,834127cb6bb66e4c
0,datasets\raw\Cotton\healthy\h230.jpg,datasets\raw\Cotton\healthy\h232.jpg,834127cb6bb66e4c,834127cb6bb66e4c
0,datasets\raw\Cotton\healthy\h230.jpg,datasets\raw\Cotton\healthy\h235.jpg,834127cb6bb66e4c,834127cb6bb66e4c
0,datasets\raw\Cotton\healthy\h231.jpg,datasets\raw\Cotton\healthy\h232.jpg,834127cb6bb66e4c,834127cb6bb66e4c
0,datasets\raw\Cotton\healthy\h231.jpg,datasets\raw\Cotton\healthy\h235.jpg,834127cb6bb66e4c,834127cb6bb66e4c
0,datasets\raw\Cotton\healthy\h232.jpg,datasets\raw\Cotton\healthy\h235.jpg,834127cb6bb66e4c,834127cb6bb66e4c
0,datasets\raw\Cotton\healthy\h236.jpg,datasets\raw\Cotton\healthy\h237.jpg,c2d25fb51530fa58,c2d25fb51530fa58
0,datasets\raw\Cotton\healthy\h236.jpg,datasets\raw\Cotton\healthy\h238.jpg,c2d25fb51530fa58,c2d25fb51530fa58
0,datasets\raw\Cotton\healthy\h237.jpg,datasets\raw\Cotton\healthy\h238.jpg,c2d25fb51530fa58,c2d25fb51530fa58
0,datasets\raw\Cotton\healthy\h239.jpg,datasets\raw\Cotton\healthy\h240.jpg,d21c1f8073c7e2c7,d21c1f8073c7e2c7
0,datasets\raw\Cotton\healthy\h239.jpg,datasets\raw\Cotton\healthy\h241.jpg,d21c1f8073c7e2c7,d21c1f8073c7e2c7
0,datasets\raw\Cotton\healthy\h239.jpg,datasets\raw\Cotton\healthy\h245.jpg,d21c1f8073c7e2c7,d21c1f8073c7e2c7
0,datasets\raw\Cotton\healthy\h240.jpg,datasets\raw\Cotton\healthy\h241.jpg,d21c1f8073c7e2c7,d21c1f8073c7e2c7
0,datasets\raw\Cotton\healthy\h240.jpg,datasets\raw\Cotton\healthy\h245.jpg,d21c1f8073c7e2c7,d21c1f8073c7e2c7
0,datasets\raw\Cotton\healthy\h241.jpg,datasets\raw\Cotton\healthy\h245.jpg,d21c1f8073c7e2c7,d21c1f8073c7e2c7
0,datasets\raw\Cotton\healthy\h242.jpg,datasets\raw\Cotton\healthy\h243.jpg,af4ac8eb374cc1c1,af4ac8eb374cc1c1
0,datasets\raw\Cotton\healthy\h242.jpg,datasets\raw\Cotton\healthy\h244.jpg,af4ac8eb374cc1c1,af4ac8eb374cc1c1
0,datasets\raw\Cotton\healthy\h243.jpg,datasets\raw\Cotton\healthy\h244.jpg,af4ac8eb374cc1c1,af4ac8eb374cc1c1
0,datasets\raw\Cotton\healthy\h246.jpg,datasets\raw\Cotton\healthy\h247.jpg,fae49d4162e6b449,fae49d4162e6b449
0,datasets\raw\Cotton\healthy\h246.jpg,datasets\raw\Cotton\healthy\h248.jpg,fae49d4162e6b449,fae49d4162e6b449
0,datasets\raw\Cotton\healthy\h247.jpg,datasets\raw\Cotton\healthy\h248.jpg,fae49d4162e6b449,fae49d4162e6b449
0,datasets\raw\Cotton\healthy\h249.jpg,datasets\raw\Cotton\healthy\h251.jpg,90783a716a5e6e6a,90783a716a5e6e6a
0,datasets\raw\Cotton\healthy\h249.jpg,datasets\raw\Cotton\healthy\h252.jpg,90783a716a5e6e6a,90783a716a5e6e6a
0,datasets\raw\Cotton\healthy\h249.jpg,datasets\raw\Cotton\healthy\h253.jpg,90783a716a5e6e6a,90783a716a5e6e6a
0,datasets\raw\Cotton\healthy\h251.jpg,datasets\raw\Cotton\healthy\h252.jpg,90783a716a5e6e6a,90783a716a5e6e6a
0,datasets\raw\Cotton\healthy\h251.jpg,datasets\raw\Cotton\healthy\h253.jpg,90783a716a5e6e6a,90783a716a5e6e6a
0,datasets\raw\Cotton\healthy\h252.jpg,datasets\raw\Cotton\healthy\h253.jpg,90783a716a5e6e6a,90783a716a5e6e6a
0,datasets\raw\Cotton\healthy\h254.jpg,datasets\raw\Cotton\healthy\h255.jpg,80a07b0b07f92eef,80a07b0b07f92eef
0,datasets\raw\Cotton\healthy\h254.jpg,datasets\raw\Cotton\healthy\h256.jpg,80a07b0b07f92eef,80a07b0b07f92eef
0,datasets\raw\Cotton\healthy\h255.jpg,datasets\raw\Cotton\healthy\h256.jpg,80a07b0b07f92eef,80a07b0b07f92eef
0,datasets\raw\Cotton\healthy\h257.jpg,datasets\raw\Cotton\healthy\h258.jpg,d12a7f854a977911,d12a7f854a977911
0,datasets\raw\Cotton\healthy\h257.jpg,datasets\raw\Cotton\healthy\h259.jpg,d12a7f854a977911,d12a7f854a977911
0,datasets\raw\Cotton\healthy\h257.jpg,datasets\raw\Cotton\healthy\h261.jpg,d12a7f854a977911,d12a7f854a977911
0,datasets\raw\Cotton\healthy\h258.jpg,datasets\raw\Cotton\healthy\h259.jpg,d12a7f854a977911,d12a7f854a977911
0,datasets\raw\Cotton\healthy\h258.jpg,datasets\raw\Cotton\healthy\h261.jpg,d12a7f854a977911,d12a7f854a977911
0,datasets\raw\Cotton\healthy\h259.jpg,datasets\raw\Cotton\healthy\h261.jpg,d12a7f854a977911,d12a7f854a977911
0,datasets\raw\Cotton\healthy\h260.jpg,datasets\raw\Cotton\healthy\h316.jpg,c139e9f21f4bec20,c139e9f21f4bec20
0,datasets\raw\Cotton\healthy\h260.jpg,datasets\raw\Cotton\healthy\h362.jpg,c139e9f21f4bec20,c139e9f21f4bec20
0,datasets\raw\Cotton\healthy\h260.jpg,datasets\raw\Cotton\healthy\h363.jpg,c139e9f21f4bec20,c139e9f21f4bec20
0,datasets\raw\Cotton\healthy\h260.jpg,datasets\raw\Cotton\healthy\h364.jpg,c139e9f21f4bec20,c139e9f21f4bec20
0,datasets\raw\Cotton\healthy\h316.jpg,datasets\raw\Cotton\healthy\h362.jpg,c139e9f21f4bec20,c139e9f21f4bec20
0,datasets\raw\Cotton\healthy\h316.jpg,datasets\raw\Cotton\healthy\h363.jpg,c139e9f21f4bec20,c139e9f21f4bec20
0,datasets\raw\Cotton\healthy\h316.jpg,datasets\raw\Cotton\healthy\h364.jpg,c139e9f21f4bec20,c139e9f21f4bec20
0,datasets\raw\Cotton\healthy\h362.jpg,datasets\raw\Cotton\healthy\h363.jpg,c139e9f21f4bec20,c139e9f21f4bec20
0,datasets\raw\Cotton\healthy\h362.jpg,datasets\raw\Cotton\healthy\h364.jpg,c139e9f21f4bec20,c139e9f21f4bec20
0,datasets\raw\Cotton\healthy\h363.jpg,datasets\raw\Cotton\healthy\h364.jpg,c139e9f21f4bec20,c139e9f21f4bec20
0,datasets\raw\Cotton\healthy\h262.jpg,datasets\raw\Cotton\healthy\h263.jpg,95557358ee4b6c48,95557358ee4b6c48
0,datasets\raw\Cotton\healthy\h262.jpg,datasets\raw\Cotton\healthy\h264.jpg,95557358ee4b6c48,95557358ee4b6c48
0,datasets\raw\Cotton\healthy\h262.jpg,datasets\raw\Cotton\healthy\h266.jpg,95557358ee4b6c48,95557358ee4b6c48
0,datasets\raw\Cotton\healthy\h263.jpg,datasets\raw\Cotton\healthy\h264.jpg,95557358ee4b6c48,95557358ee4b6c48
0,datasets\raw\Cotton\healthy\h263.jpg,datasets\raw\Cotton\healthy\h266.jpg,95557358ee4b6c48,95557358ee4b6c48
0,datasets\raw\Cotton\healthy\h264.jpg,datasets\raw\Cotton\healthy\h266.jpg,95557358ee4b6c48,95557358ee4b6c48
0,datasets\raw\Cotton\healthy\h27.jpg,datasets\raw\Cotton\healthy\h359.jpg,80210ab1febc8def,80210ab1febc8def
0,datasets\raw\Cotton\healthy\h27.jpg,datasets\raw\Cotton\healthy\h360.jpg,80210ab1febc8def,80210ab1febc8def
0,datasets\raw\Cotton\healthy\h27.jpg,datasets\raw\Cotton\healthy\h365.jpg,80210ab1febc8def,80210ab1febc8def
0,datasets\raw\Cotton\healthy\h359.jpg,datasets\raw\Cotton\healthy\h360.jpg,80210ab1febc8def,80210ab1febc8def
0,datasets\raw\Cotton\healthy\h359.jpg,datasets\raw\Cotton\healthy\h365.jpg,80210ab1febc8def,80210ab1febc8def
0,datasets\raw\Cotton\healthy\h360.jpg,datasets\raw\Cotton\healthy\h365.jpg,80210ab1febc8def,80210ab1febc8def
0,datasets\raw\Cotton\healthy\h272.jpg,datasets\raw\Cotton\healthy\h273.jpg,d1fa4aaf4fd02891,d1fa4aaf4fd02891
0,datasets\raw\Cotton\healthy\h272.jpg,datasets\raw\Cotton\healthy\h274.jpg,d1fa4aaf4fd02891,d1fa4aaf4fd02891
0,datasets\raw\Cotton\healthy\h272.jpg,datasets\raw\Cotton\healthy\h275.jpg,d1fa4aaf4fd02891,d1fa4aaf4fd02891
0,datasets\raw\Cotton\healthy\h273.jpg,datasets\raw\Cotton\healthy\h274.jpg,d1fa4aaf4fd02891,d1fa4aaf4fd02891
0,datasets\raw\Cotton\healthy\h273.jpg,datasets\raw\Cotton\healthy\h275.jpg,d1fa4aaf4fd02891,d1fa4aaf4fd02891
0,datasets\raw\Cotton\healthy\h274.jpg,datasets\raw\Cotton\healthy\h275.jpg,d1fa4aaf4fd02891,d1fa4aaf4fd02891
0,datasets\raw\Cotton\healthy\h276.jpg,datasets\raw\Cotton\healthy\h277.jpg,eed8f9d6504e0718,eed8f9d6504e0718
0,datasets\raw\Cotton\healthy\h276.jpg,datasets\raw\Cotton\healthy\h279.jpg,eed8f9d6504e0718,eed8f9d6504e0718
0,datasets\raw\Cotton\healthy\h276.jpg,datasets\raw\Cotton\healthy\h341.jpg,eed8f9d6504e0718,eed8f9d6504e0718
0,datasets\raw\Cotton\healthy\h276.jpg,datasets\raw\Cotton\healthy\h395.jpg,eed8f9d6504e0718,eed8f9d6504e0718
0,datasets\raw\Cotton\healthy\h276.jpg,datasets\raw\Cotton\healthy\h397.jpg,eed8f9d6504e0718,eed8f9d6504e0718
0,datasets\raw\Cotton\healthy\h276.jpg,datasets\raw\Cotton\healthy\h398.jpg,eed8f9d6504e0718,eed8f9d6504e0718
0,datasets\raw\Cotton\healthy\h276.jpg,datasets\raw\Cotton\healthy\h399.jpg,eed8f9d6504e0718,eed8f9d6504e0718
0,datasets\raw\Cotton\healthy\h277.jpg,datasets\raw\Cotton\healthy\h279.jpg,eed8f9d6504e0718,eed8f9d6504e0718
0,datasets\raw\Cotton\healthy\h277.jpg,datasets\raw\Cotton\healthy\h341.jpg,eed8f9d6504e0718,eed8f9d6504e0718
0,datasets\raw\Cotton\healthy\h277.jpg,datasets\raw\Cotton\healthy\h395.jpg,eed8f9d6504e0718,eed8f9d6504e0718
0,datasets\raw\Cotton\healthy\h277.jpg,datasets\raw\Cotton\healthy\h397.jpg,eed8f9d6504e0718,eed8f9d6504e0718
0,datasets\raw\Cotton\healthy\h277.jpg,datasets\raw\Cotton\healthy\h398.jpg,eed8f9d6504e0718,eed8f9d6504e0718
0,datasets\raw\Cotton\healthy\h277.jpg,datasets\raw\Cotton\healthy\h399.jpg,eed8f9d6504e0718,eed8f9d6504e0718
0,datasets\raw\Cotton\healthy\h279.jpg,datasets\raw\Cotton\healthy\h341.jpg,eed8f9d6504e0718,eed8f9d6504e0718
0,datasets\raw\Cotton\healthy\h279.jpg,datasets\raw\Cotton\healthy\h395.jpg,eed8f9d6504e0718,eed8f9d6504e0718
0,datasets\raw\Cotton\healthy\h279.jpg,datasets\raw\Cotton\healthy\h397.jpg,eed8f9d6504e0718,eed8f9d6504e0718
0,datasets\raw\Cotton\healthy\h279.jpg,datasets\raw\Cotton\healthy\h398.jpg,eed8f9d6504e0718,eed8f9d6504e0718
0,datasets\raw\Cotton\healthy\h279.jpg,datasets\raw\Cotton\healthy\h399.jpg,eed8f9d6504e0718,eed8f9d6504e0718
0,datasets\raw\Cotton\healthy\h341.jpg,datasets\raw\Cotton\healthy\h395.jpg,eed8f9d6504e0718,eed8f9d6504e0718
0,datasets\raw\Cotton\healthy\h341.jpg,datasets\raw\Cotton\healthy\h397.jpg,eed8f9d6504e0718,eed8f9d6504e0718
0,datasets\raw\Cotton\healthy\h341.jpg,datasets\raw\Cotton\healthy\h398.jpg,eed8f9d6504e0718,eed8f9d6504e0718
0,datasets\raw\Cotton\healthy\h341.jpg,datasets\raw\Cotton\healthy\h399.jpg,eed8f9d6504e0718,eed8f9d6504e0718
0,datasets\raw\Cotton\healthy\h395.jpg,datasets\raw\Cotton\healthy\h397.jpg,eed8f9d6504e0718,eed8f9d6504e0718
0,datasets\raw\Cotton\healthy\h395.jpg,datasets\raw\Cotton\healthy\h398.jpg,eed8f9d6504e0718,eed8f9d6504e0718
0,datasets\raw\Cotton\healthy\h395.jpg,datasets\raw\Cotton\healthy\h399.jpg,eed8f9d6504e0718,eed8f9d6504e0718
0,datasets\raw\Cotton\healthy\h397.jpg,datasets\raw\Cotton\healthy\h398.jpg,eed8f9d6504e0718,eed8f9d6504e0718
0,datasets\raw\Cotton\healthy\h397.jpg,datasets\raw\Cotton\healthy\h399.jpg,eed8f9d6504e0718,eed8f9d6504e0718
0,datasets\raw\Cotton\healthy\h398.jpg,datasets\raw\Cotton\healthy\h399.jpg,eed8f9d6504e0718,eed8f9d6504e0718
0,datasets\raw\Cotton\healthy\h280.jpg,datasets\raw\Cotton\healthy\h281.jpg,9d423a763a2e64f4,9d423a763a2e64f4
0,datasets\raw\Cotton\healthy\h280.jpg,datasets\raw\Cotton\healthy\h282.jpg,9d423a763a2e64f4,9d423a763a2e64f4
0,datasets\raw\Cotton\healthy\h280.jpg,datasets\raw\Cotton\healthy\h283.jpg,9d423a763a2e64f4,9d423a763a2e64f4
0,datasets\raw\Cotton\healthy\h281.jpg,datasets\raw\Cotton\healthy\h282.jpg,9d423a763a2e64f4,9d423a763a2e64f4
0,datasets\raw\Cotton\healthy\h281.jpg,datasets\raw\Cotton\healthy\h283.jpg,9d423a763a2e64f4,9d423a763a2e64f4
0,datasets\raw\Cotton\healthy\h282.jpg,datasets\raw\Cotton\healthy\h283.jpg,9d423a763a2e64f4,9d423a763a2e64f4
0,datasets\raw\Cotton\healthy\h284.jpg,datasets\raw\Cotton\healthy\h285.jpg,c46e32b13b956bc1,c46e32b13b956bc1
0,datasets\raw\Cotton\healthy\h284.jpg,datasets\raw\Cotton\healthy\h286.jpg,c46e32b13b956bc1,c46e32b13b956bc1
0,datasets\raw\Cotton\healthy\h284.jpg,datasets\raw\Cotton\healthy\h287.jpg,c46e32b13b956bc1,c46e32b13b956bc1
0,datasets\raw\Cotton\healthy\h284.jpg,datasets\raw\Cotton\healthy\h288.jpg,c46e32b13b956bc1,c46e32b13b956bc1
0,datasets\raw\Cotton\healthy\h284.jpg,datasets\raw\Cotton\healthy\h289.jpg,c46e32b13b956bc1,c46e32b13b956bc1
0,datasets\raw\Cotton\healthy\h284.jpg,datasets\raw\Cotton\healthy\h304.jpg,c46e32b13b956bc1,c46e32b13b956bc1
0,datasets\raw\Cotton\healthy\h284.jpg,datasets\raw\Cotton\healthy\h305.jpg,c46e32b13b956bc1,c46e32b13b956bc1
0,datasets\raw\Cotton\healthy\h285.jpg,datasets\raw\Cotton\healthy\h286.jpg,c46e32b13b956bc1,c46e32b13b956bc1
0,datasets\raw\Cotton\healthy\h285.jpg,datasets\raw\Cotton\healthy\h287.jpg,c46e32b13b956bc1,c46e32b13b956bc1
0,datasets\raw\Cotton\healthy\h285.jpg,datasets\raw\Cotton\healthy\h288.jpg,c46e32b13b956bc1,c46e32b13b956bc1
0,datasets\raw\Cotton\healthy\h285.jpg,datasets\raw\Cotton\healthy\h289.jpg,c46e32b13b956bc1,c46e32b13b956bc1
0,datasets\raw\Cotton\healthy\h285.jpg,datasets\raw\Cotton\healthy\h304.jpg,c46e32b13b956bc1,c46e32b13b956bc1
0,datasets\raw\Cotton\healthy\h285.jpg,datasets\raw\Cotton\healthy\h305.jpg,c46e32b13b956bc1,c46e32b13b956bc1
0,datasets\raw\Cotton\healthy\h286.jpg,datasets\raw\Cotton\healthy\h287.jpg,c46e32b13b956bc1,c46e32b13b956bc1
0,datasets\raw\Cotton\healthy\h286.jpg,datasets\raw\Cotton\healthy\h288.jpg,c46e32b13b956bc1,c46e32b13b956bc1
0,datasets\raw\Cotton\healthy\h286.jpg,datasets\raw\Cotton\healthy\h289.jpg,c46e32b13b956bc1,c46e32b13b956bc1
0,datasets\raw\Cotton\healthy\h286.jpg,datasets\raw\Cotton\healthy\h304.jpg,c46e32b13b956bc1,c46e32b13b956bc1
0,datasets\raw\Cotton\healthy\h286.jpg,datasets\raw\Cotton\healthy\h305.jpg,c46e32b13b956bc1,c46e32b13b956bc1
0,datasets\raw\Cotton\healthy\h287.jpg,datasets\raw\Cotton\healthy\h288.jpg,c46e32b13b956bc1,c46e32b13b956bc1
0,datasets\raw\Cotton\healthy\h287.jpg,datasets\raw\Cotton\healthy\h289.jpg,c46e32b13b956bc1,c46e32b13b956bc1
0,datasets\raw\Cotton\healthy\h287.jpg,datasets\raw\Cotton\healthy\h304.jpg,c46e32b13b956bc1,c46e32b13b956bc1
0,datasets\raw\Cotton\healthy\h287.jpg,datasets\raw\Cotton\healthy\h305.jpg,c46e32b13b956bc1,c46e32b13b956bc1
0,datasets\raw\Cotton\healthy\h288.jpg,datasets\raw\Cotton\healthy\h289.jpg,c46e32b13b956bc1,c46e32b13b956bc1
0,datasets\raw\Cotton\healthy\h288.jpg,datasets\raw\Cotton\healthy\h304.jpg,c46e32b13b956bc1,c46e32b13b956bc1
0,datasets\raw\Cotton\healthy\h288.jpg,datasets\raw\Cotton\healthy\h305.jpg,c46e32b13b956bc1,c46e32b13b956bc1
0,datasets\raw\Cotton\healthy\h289.jpg,datasets\raw\Cotton\healthy\h304.jpg,c46e32b13b956bc1,c46e32b13b956bc1
0,datasets\raw\Cotton\healthy\h289.jpg,datasets\raw\Cotton\healthy\h305.jpg,c46e32b13b956bc1,c46e32b13b956bc1
0,datasets\raw\Cotton\healthy\h304.jpg,datasets\raw\Cotton\healthy\h305.jpg,c46e32b13b956bc1,c46e32b13b956bc1
0,datasets\raw\Cotton\healthy\h291.jpg,datasets\raw\Cotton\healthy\h292.jpg,832e78caacf74634,832e78caacf74634
0,datasets\raw\Cotton\healthy\h291.jpg,datasets\raw\Cotton\healthy\h293.jpg,832e78caacf74634,832e78caacf74634
0,datasets\raw\Cotton\healthy\h292.jpg,datasets\raw\Cotton\healthy\h293.jpg,832e78caacf74634,832e78caacf74634
0,datasets\raw\Cotton\healthy\h294.jpg,datasets\raw\Cotton\healthy\h296.jpg,d2842a64f85d3bdc,d2842a64f85d3bdc
0,datasets\raw\Cotton\healthy\h295.jpg,datasets\raw\Cotton\healthy\h300.jpg,8e3e39807a077dc3,8e3e39807a077dc3
0,datasets\raw\Cotton\healthy\h295.jpg,datasets\raw\Cotton\healthy\h302.jpg,8e3e39807a077dc3,8e3e39807a077dc3
0,datasets\raw\Cotton\healthy\h300.jpg,datasets\raw\Cotton\healthy\h302.jpg,8e3e39807a077dc3,8e3e39807a077dc3
0,datasets\raw\Cotton\healthy\h297.jpg,datasets\raw\Cotton\healthy\h298.jpg,db946c2a2fad2869,db946c2a2fad2869
0,datasets\raw\Cotton\healthy\h297.jpg,datasets\raw\Cotton\healthy\h315.jpg,db946c2a2fad2869,db946c2a2fad2869
0,datasets\raw\Cotton\healthy\h298.jpg,datasets\raw\Cotton\healthy\h315.jpg,db946c2a2fad2869,db946c2a2fad2869
0,datasets\raw\Cotton\healthy\h301.jpg,datasets\raw\Cotton\healthy\h303.jpg,cfcc38999326cc66,cfcc38999326cc66
0,datasets\raw\Cotton\healthy\h306.jpg,datasets\raw\Cotton\healthy\h307.jpg,c6b96fe202eb1b14,c6b96fe202eb1b14
0,datasets\raw\Cotton\healthy\h306.jpg,datasets\raw\Cotton\healthy\h308.jpg,c6b96fe202eb1b14,c6b96fe202eb1b14
0,datasets\raw\Cotton\healthy\h307.jpg,datasets\raw\Cotton\healthy\h308.jpg,c6b96fe202eb1b14,c6b96fe202eb1b14
0,datasets\raw\Cotton\healthy\h312.jpg,datasets\raw\Cotton\healthy\h313.jpg,e3e3260d2b5b68b8,e3e3260d2b5b68b8
0,datasets\raw\Cotton\healthy\h312.jpg,datasets\raw\Cotton\healthy\h314..jpg,e3e3260d2b5b68b8,e3e3260d2b5b68b8
0,datasets\raw\Cotton\healthy\h312.jpg,datasets\raw\Cotton\healthy\h361.jpg,e3e3260d2b5b68b8,e3e3260d2b5b68b8
0,datasets\raw\Cotton\healthy\h313.jpg,datasets\raw\Cotton\healthy\h314..jpg,e3e3260d2b5b68b8,e3e3260d2b5b68b8
0,datasets\raw\Cotton\healthy\h313.jpg,datasets\raw\Cotton\healthy\h361.jpg,e3e3260d2b5b68b8,e3e3260d2b5b68b8
0,datasets\raw\Cotton\healthy\h314..jpg,datasets\raw\Cotton\healthy\h361.jpg,e3e3260d2b5b68b8,e3e3260d2b5b68b8
0,datasets\raw\Cotton\healthy\h317.jpg,datasets\raw\Cotton\healthy\h318.jpg,c4ad1ae86ca7cd52,c4ad1ae86ca7cd52
0,datasets\raw\Cotton\healthy\h317.jpg,datasets\raw\Cotton\healthy\h319.jpg,c4ad1ae86ca7cd52,c4ad1ae86ca7cd52
0,datasets\raw\Cotton\healthy\h317.jpg,datasets\raw\Cotton\healthy\h321.jpg,c4ad1ae86ca7cd52,c4ad1ae86ca7cd52
0,datasets\raw\Cotton\healthy\h318.jpg,datasets\raw\Cotton\healthy\h319.jpg,c4ad1ae86ca7cd52,c4ad1ae86ca7cd52
0,datasets\raw\Cotton\healthy\h318.jpg,datasets\raw\Cotton\healthy\h321.jpg,c4ad1ae86ca7cd52,c4ad1ae86ca7cd52
0,datasets\raw\Cotton\healthy\h319.jpg,datasets\raw\Cotton\healthy\h321.jpg,c4ad1ae86ca7cd52,c4ad1ae86ca7cd52
0,datasets\raw\Cotton\healthy\h322.jpg,datasets\raw\Cotton\healthy\h323.jpg,84e01f1f14be3e9c,84e01f1f14be3e9c
0,datasets\raw\Cotton\healthy\h322.jpg,datasets\raw\Cotton\healthy\h324.jpg,84e01f1f14be3e9c,84e01f1f14be3e9c
0,datasets\raw\Cotton\healthy\h323.jpg,datasets\raw\Cotton\healthy\h324.jpg,84e01f1f14be3e9c,84e01f1f14be3e9c
0,datasets\raw\Cotton\healthy\h325.jpg,datasets\raw\Cotton\healthy\h326.jpg,84e13f1f14be3e0c,84e13f1f14be3e0c
0,datasets\raw\Cotton\healthy\h325.jpg,datasets\raw\Cotton\healthy\h327.jpg,84e13f1f14be3e0c,84e13f1f14be3e0c
0,datasets\raw\Cotton\healthy\h325.jpg,datasets\raw\Cotton\healthy\h337.jpg,84e13f1f14be3e0c,84e13f1f14be3e0c
0,datasets\raw\Cotton\healthy\h326.jpg,datasets\raw\Cotton\healthy\h327.jpg,84e13f1f14be3e0c,84e13f1f14be3e0c
0,datasets\raw\Cotton\healthy\h326.jpg,datasets\raw\Cotton\healthy\h337.jpg,84e13f1f14be3e0c,84e13f1f14be3e0c
0,datasets\raw\Cotton\healthy\h327.jpg,datasets\raw\Cotton\healthy\h337.jpg,84e13f1f14be3e0c,84e13f1f14be3e0c
0,datasets\raw\Cotton\healthy\h328.jpg,datasets\raw\Cotton\healthy\h343.jpg,be7c239312c86db8,be7c239312c86db8
0,datasets\raw\Cotton\healthy\h328.jpg,datasets\raw\Cotton\healthy\h344.jpg,be7c239312c86db8,be7c239312c86db8
0,datasets\raw\Cotton\healthy\h343.jpg,datasets\raw\Cotton\healthy\h344.jpg,be7c239312c86db8,be7c239312c86db8
0,datasets\raw\Cotton\healthy\h330.jpg,datasets\raw\Cotton\healthy\h331.jpg,c4230877732f77a2,c4230877732f77a2
0,datasets\raw\Cotton\healthy\h330.jpg,datasets\raw\Cotton\healthy\h332.jpg,c4230877732f77a2,c4230877732f77a2
0,datasets\raw\Cotton\healthy\h331.jpg,datasets\raw\Cotton\healthy\h332.jpg,c4230877732f77a2,c4230877732f77a2
0,datasets\raw\Cotton\healthy\h333.jpg,datasets\raw\Cotton\healthy\h393.jpg,86927816b0a997fe,86927816b0a997fe
0,datasets\raw\Cotton\healthy\h333.jpg,datasets\raw\Cotton\healthy\h394.jpg,86927816b0a997fe,86927816b0a997fe
0,datasets\raw\Cotton\healthy\h333.jpg,datasets\raw\Cotton\healthy\h396.jpg,86927816b0a997fe,86927816b0a997fe
0,datasets\raw\Cotton\healthy\h333.jpg,datasets\raw\Cotton\healthy\h401.jpg,86927816b0a997fe,86927816b0a997fe
0,datasets\raw\Cotton\healthy\h333.jpg,datasets\raw\Cotton\healthy\h4201.jpg,86927816b0a997fe,86927816b0a997fe
0,datasets\raw\Cotton\healthy\h333.jpg,datasets\raw\Cotton\healthy\h426.jpg,86927816b0a997fe,86927816b0a997fe
0,datasets\raw\Cotton\healthy\h393.jpg,datasets\raw\Cotton\healthy\h394.jpg,86927816b0a997fe,86927816b0a997fe
0,datasets\raw\Cotton\healthy\h393.jpg,datasets\raw\Cotton\healthy\h396.jpg,86927816b0a997fe,86927816b0a997fe
0,datasets\raw\Cotton\healthy\h393.jpg,datasets\raw\Cotton\healthy\h401.jpg,86927816b0a997fe,86927816b0a997fe
0,datasets\raw\Cotton\healthy\h393.jpg,datasets\raw\Cotton\healthy\h4201.jpg,86927816b0a997fe,86927816b0a997fe
0,datasets\raw\Cotton\healthy\h393.jpg,datasets\raw\Cotton\healthy\h426.jpg,86927816b0a997fe,86927816b0a997fe
0,datasets\raw\Cotton\healthy\h394.jpg,datasets\raw\Cotton\healthy\h396.jpg,86927816b0a997fe,86927816b0a997fe
0,datasets\raw\Cotton\healthy\h394.jpg,datasets\raw\Cotton\healthy\h401.jpg,86927816b0a997fe,86927816b0a997fe
0,datasets\raw\Cotton\healthy\h394.jpg,datasets\raw\Cotton\healthy\h4201.jpg,86927816b0a997fe,86927816b0a997fe
0,datasets\raw\Cotton\healthy\h394.jpg,datasets\raw\Cotton\healthy\h426.jpg,86927816b0a997fe,86927816b0a997fe
0,datasets\raw\Cotton\healthy\h396.jpg,datasets\raw\Cotton\healthy\h401.jpg,86927816b0a997fe,86927816b0a997fe
0,datasets\raw\Cotton\healthy\h396.jpg,datasets\raw\Cotton\healthy\h4201.jpg,86927816b0a997fe,86927816b0a997fe
0,datasets\raw\Cotton\healthy\h396.jpg,datasets\raw\Cotton\healthy\h426.jpg,86927816b0a997fe,86927816b0a997fe
0,datasets\raw\Cotton\healthy\h401.jpg,datasets\raw\Cotton\healthy\h4201.jpg,86927816b0a997fe,86927816b0a997fe
0,datasets\raw\Cotton\healthy\h401.jpg,datasets\raw\Cotton\healthy\h426.jpg,86927816b0a997fe,86927816b0a997fe
0,datasets\raw\Cotton\healthy\h4201.jpg,datasets\raw\Cotton\healthy\h426.jpg,86927816b0a997fe,86927816b0a997fe
0,datasets\raw\Cotton\healthy\h334.jpg,datasets\raw\Cotton\healthy\h404.jpg,87642c97b58b6666,87642c97b58b6666
0,datasets\raw\Cotton\healthy\h335.jpg,datasets\raw\Cotton\healthy\h336.jpg,c2b96ec01aef1b16,c2b96ec01aef1b16
0,datasets\raw\Cotton\healthy\h335.jpg,datasets\raw\Cotton\healthy\h412.jpg,c2b96ec01aef1b16,c2b96ec01aef1b16
0,datasets\raw\Cotton\healthy\h336.jpg,datasets\raw\Cotton\healthy\h412.jpg,c2b96ec01aef1b16,c2b96ec01aef1b16
0,datasets\raw\Cotton\healthy\h338.jpg,datasets\raw\Cotton\healthy\h339.jpg,c593968c1297ec67,c593968c1297ec67
0,datasets\raw\Cotton\healthy\h338.jpg,datasets\raw\Cotton\healthy\h371.jpg,c593968c1297ec67,c593968c1297ec67
0,datasets\raw\Cotton\healthy\h339.jpg,datasets\raw\Cotton\healthy\h371.jpg,c593968c1297ec67,c593968c1297ec67
0,datasets\raw\Cotton\healthy\h346.jpg,datasets\raw\Cotton\healthy\h347.jpg,920a1fe52d070dbf,920a1fe52d070dbf
0,datasets\raw\Cotton\healthy\h346.jpg,datasets\raw\Cotton\healthy\h348.jpg,920a1fe52d070dbf,920a1fe52d070dbf
0,datasets\raw\Cotton\healthy\h346.jpg,datasets\raw\Cotton\healthy\h349.jpg,920a1fe52d070dbf,920a1fe52d070dbf
0,datasets\raw\Cotton\healthy\h347.jpg,datasets\raw\Cotton\healthy\h348.jpg,920a1fe52d070dbf,920a1fe52d070dbf
0,datasets\raw\Cotton\healthy\h347.jpg,datasets\raw\Cotton\healthy\h349.jpg,920a1fe52d070dbf,920a1fe52d070dbf
0,datasets\raw\Cotton\healthy\h348.jpg,datasets\raw\Cotton\healthy\h349.jpg,920a1fe52d070dbf,920a1fe52d070dbf
0,datasets\raw\Cotton\healthy\h3488.jpg,datasets\raw\Cotton\healthy\h388.jpg,fef2f34821a0b0b3,fef2f34821a0b0b3
0,datasets\raw\Cotton\healthy\h3488.jpg,datasets\raw\Cotton\healthy\h427.jpg,fef2f34821a0b0b3,fef2f34821a0b0b3
0,datasets\raw\Cotton\healthy\h3488.jpg,datasets\raw\Cotton\healthy\h498.jpg,fef2f34821a0b0b3,fef2f34821a0b0b3
0,datasets\raw\Cotton\healthy\h388.jpg,datasets\raw\Cotton\healthy\h427.jpg,fef2f34821a0b0b3,fef2f34821a0b0b3
0,datasets\raw\Cotton\healthy\h388.jpg,datasets\raw\Cotton\healthy\h498.jpg,fef2f34821a0b0b3,fef2f34821a0b0b3
0,datasets\raw\Cotton\healthy\h427.jpg,datasets\raw\Cotton\healthy\h498.jpg,fef2f34821a0b0b3,fef2f34821a0b0b3
0,datasets\raw\Cotton\healthy\h350.jpg,datasets\raw\Cotton\healthy\h351.jpg,d44a64b462daaeb9,d44a64b462daaeb9
0,datasets\raw\Cotton\healthy\h350.jpg,datasets\raw\Cotton\healthy\h353.jpg,d44a64b462daaeb9,d44a64b462daaeb9
0,datasets\raw\Cotton\healthy\h350.jpg,datasets\raw\Cotton\healthy\h354.jpg,d44a64b462daaeb9,d44a64b462daaeb9
0,datasets\raw\Cotton\healthy\h350.jpg,datasets\raw\Cotton\healthy\h367.jpg,d44a64b462daaeb9,d44a64b462daaeb9
0,datasets\raw\Cotton\healthy\h351.jpg,datasets\raw\Cotton\healthy\h353.jpg,d44a64b462daaeb9,d44a64b462daaeb9
0,datasets\raw\Cotton\healthy\h351.jpg,datasets\raw\Cotton\healthy\h354.jpg,d44a64b462daaeb9,d44a64b462daaeb9
0,datasets\raw\Cotton\healthy\h351.jpg,datasets\raw\Cotton\healthy\h367.jpg,d44a64b462daaeb9,d44a64b462daaeb9
0,datasets\raw\Cotton\healthy\h353.jpg,datasets\raw\Cotton\healthy\h354.jpg,d44a64b462daaeb9,d44a64b462daaeb9
0,datasets\raw\Cotton\healthy\h353.jpg,datasets\raw\Cotton\healthy\h367.jpg,d44a64b462daaeb9,d44a64b462daaeb9
0,datasets\raw\Cotton\healthy\h354.jpg,datasets\raw\Cotton\healthy\h367.jpg,d44a64b462daaeb9,d44a64b462daaeb9
0,datasets\raw\Cotton\healthy\h355.jpg,datasets\raw\Cotton\healthy\h356.jpg,f2bcd60dc3426c56,f2bcd60dc3426c56
0,datasets\raw\Cotton\healthy\h355.jpg,datasets\raw\Cotton\healthy\h357.jpg,f2bcd60dc3426c56,f2bcd60dc3426c56
0,datasets\raw\Cotton\healthy\h355.jpg,datasets\raw\Cotton\healthy\h358.jpg,f2bcd60dc3426c56,f2bcd60dc3426c56
0,datasets\raw\Cotton\healthy\h356.jpg,datasets\raw\Cotton\healthy\h357.jpg,f2bcd60dc3426c56,f2bcd60dc3426c56
0,datasets\raw\Cotton\healthy\h356.jpg,datasets\raw\Cotton\healthy\h358.jpg,f2bcd60dc3426c56,f2bcd60dc3426c56
0,datasets\raw\Cotton\healthy\h357.jpg,datasets\raw\Cotton\healthy\h358.jpg,f2bcd60dc3426c56,f2bcd60dc3426c56
0,datasets\raw\Cotton\healthy\h36.jpg,datasets\raw\Cotton\healthy\h37.jpg,84943fd27259b19d,84943fd27259b19d
0,datasets\raw\Cotton\healthy\h36.jpg,datasets\raw\Cotton\healthy\h38.jpg,84943fd27259b19d,84943fd27259b19d
0,datasets\raw\Cotton\healthy\h37.jpg,datasets\raw\Cotton\healthy\h38.jpg,84943fd27259b19d,84943fd27259b19d
0,datasets\raw\Cotton\healthy\h366.jpg,datasets\raw\Cotton\healthy\h368.jpg,981c1ef07aa16abb,981c1ef07aa16abb
0,datasets\raw\Cotton\healthy\h366.jpg,datasets\raw\Cotton\healthy\h369.jpg,981c1ef07aa16abb,981c1ef07aa16abb
0,datasets\raw\Cotton\healthy\h366.jpg,datasets\raw\Cotton\healthy\h372.jpg,981c1ef07aa16abb,981c1ef07aa16abb
0,datasets\raw\Cotton\healthy\h368.jpg,datasets\raw\Cotton\healthy\h369.jpg,981c1ef07aa16abb,981c1ef07aa16abb
0,datasets\raw\Cotton\healthy\h368.jpg,datasets\raw\Cotton\healthy\h372.jpg,981c1ef07aa16abb,981c1ef07aa16abb
0,datasets\raw\Cotton\healthy\h369.jpg,datasets\raw\Cotton\healthy\h372.jpg,981c1ef07aa16abb,981c1ef07aa16abb
0,datasets\raw\Cotton\healthy\h370.jpg,datasets\raw\Cotton\healthy\h414.jpg,d8f711505b6c364e,d8f711505b6c364e
0,datasets\raw\Cotton\healthy\h370.jpg,datasets\raw\Cotton\healthy\h415.jpg,d8f711505b6c364e,d8f711505b6c364e
0,datasets\raw\Cotton\healthy\h370.jpg,datasets\raw\Cotton\healthy\h417.jpg,d8f711505b6c364e,d8f711505b6c364e
0,datasets\raw\Cotton\healthy\h414.jpg,datasets\raw\Cotton\healthy\h415.jpg,d8f711505b6c364e,d8f711505b6c364e
0,datasets\raw\Cotton\healthy\h414.jpg,datasets\raw\Cotton\healthy\h417.jpg,d8f711505b6c364e,d8f711505b6c364e
0,datasets\raw\Cotton\healthy\h415.jpg,datasets\raw\Cotton\healthy\h417.jpg,d8f711505b6c364e,d8f711505b6c364e
0,datasets\raw\Cotton\healthy\h373.jpg,datasets\raw\Cotton\healthy\h374.jpg,95c01f06eb1f2baa,95c01f06eb1f2baa
0,datasets\raw\Cotton\healthy\h373.jpg,datasets\raw\Cotton\healthy\h375.jpg,95c01f06eb1f2baa,95c01f06eb1f2baa
0,datasets\raw\Cotton\healthy\h374.jpg,datasets\raw\Cotton\healthy\h375.jpg,95c01f06eb1f2baa,95c01f06eb1f2baa
0,datasets\raw\Cotton\healthy\h378.png,datasets\raw\Cotton\healthy\h484.png,d526cd612eb5609e,d526cd612eb5609e
0,datasets\raw\Cotton\healthy\h379.jpg,datasets\raw\Cotton\healthy\h390.jpg,85a9a9a83e5eca8e,85a9a9a83e5eca8e
0,datasets\raw\Cotton\healthy\h379.jpg,datasets\raw\Cotton\healthy\h488.jpg,85a9a9a83e5eca8e,85a9a9a83e5eca8e
0,datasets\raw\Cotton\healthy\h379.jpg,datasets\raw\Cotton\healthy\h499.jpg,85a9a9a83e5eca8e,85a9a9a83e5eca8e
0,datasets\raw\Cotton\healthy\h390.jpg,datasets\raw\Cotton\healthy\h488.jpg,85a9a9a83e5eca8e,85a9a9a83e5eca8e
0,datasets\raw\Cotton\healthy\h390.jpg,datasets\raw\Cotton\healthy\h499.jpg,85a9a9a83e5eca8e,85a9a9a83e5eca8e
0,datasets\raw\Cotton\healthy\h488.jpg,datasets\raw\Cotton\healthy\h499.jpg,85a9a9a83e5eca8e,85a9a9a83e5eca8e
0,datasets\raw\Cotton\healthy\h383.jpg,datasets\raw\Cotton\healthy\h384.jpg,bf3f267b08d044c9,bf3f267b08d044c9
0,datasets\raw\Cotton\healthy\h383.jpg,datasets\raw\Cotton\healthy\h386.jpg,bf3f267b08d044c9,bf3f267b08d044c9
0,datasets\raw\Cotton\healthy\h383.jpg,datasets\raw\Cotton\healthy\h389.jpg,bf3f267b08d044c9,bf3f267b08d044c9
0,datasets\raw\Cotton\healthy\h384.jpg,datasets\raw\Cotton\healthy\h386.jpg,bf3f267b08d044c9,bf3f267b08d044c9
0,datasets\raw\Cotton\healthy\h384.jpg,datasets\raw\Cotton\healthy\h389.jpg,bf3f267b08d044c9,bf3f267b08d044c9
0,datasets\raw\Cotton\healthy\h386.jpg,datasets\raw\Cotton\healthy\h389.jpg,bf3f267b08d044c9,bf3f267b08d044c9
0,datasets\raw\Cotton\healthy\h387.jpg,datasets\raw\Cotton\healthy\h466.jpg,d50ddc3a701c9b53,d50ddc3a701c9b53
0,datasets\raw\Cotton\healthy\h387.jpg,datasets\raw\Cotton\healthy\h467.jpg,d50ddc3a701c9b53,d50ddc3a701c9b53
0,datasets\raw\Cotton\healthy\h466.jpg,datasets\raw\Cotton\healthy\h467.jpg,d50ddc3a701c9b53,d50ddc3a701c9b53
0,datasets\raw\Cotton\healthy\h39.jpg,datasets\raw\Cotton\healthy\h40.jpg,88943f52f259b51d,88943f52f259b51d
0,datasets\raw\Cotton\healthy\h39.jpg,datasets\raw\Cotton\healthy\h41.jpg,88943f52f259b51d,88943f52f259b51d
0,datasets\raw\Cotton\healthy\h39.jpg,datasets\raw\Cotton\healthy\h42.jpg,88943f52f259b51d,88943f52f259b51d
0,datasets\raw\Cotton\healthy\h40.jpg,datasets\raw\Cotton\healthy\h41.jpg,88943f52f259b51d,88943f52f259b51d
0,datasets\raw\Cotton\healthy\h40.jpg,datasets\raw\Cotton\healthy\h42.jpg,88943f52f259b51d,88943f52f259b51d
0,datasets\raw\Cotton\healthy\h41.jpg,datasets\raw\Cotton\healthy\h42.jpg,88943f52f259b51d,88943f52f259b51d
0,datasets\raw\Cotton\healthy\h391.jpg,datasets\raw\Cotton\healthy\h392.jpg,c42a46058db95fd7,c42a46058db95fd7
0,datasets\raw\Cotton\healthy\h391.jpg,datasets\raw\Cotton\healthy\h416.jpg,c42a46058db95fd7,c42a46058db95fd7
0,datasets\raw\Cotton\healthy\h391.jpg,datasets\raw\Cotton\healthy\h418.jpg,c42a46058db95fd7,c42a46058db95fd7
0,datasets\raw\Cotton\healthy\h391.jpg,datasets\raw\Cotton\healthy\h419.jpg,c42a46058db95fd7,c42a46058db95fd7
0,datasets\raw\Cotton\healthy\h392.jpg,datasets\raw\Cotton\healthy\h416.jpg,c42a46058db95fd7,c42a46058db95fd7
0,datasets\raw\Cotton\healthy\h392.jpg,datasets\raw\Cotton\healthy\h418.jpg,c42a46058db95fd7,c42a46058db95fd7
0,datasets\raw\Cotton\healthy\h392.jpg,datasets\raw\Cotton\healthy\h419.jpg,c42a46058db95fd7,c42a46058db95fd7
0,datasets\raw\Cotton\healthy\h416.jpg,datasets\raw\Cotton\healthy\h418.jpg,c42a46058db95fd7,c42a46058db95fd7
0,datasets\raw\Cotton\healthy\h416.jpg,datasets\raw\Cotton\healthy\h419.jpg,c42a46058db95fd7,c42a46058db95fd7
0,datasets\raw\Cotton\healthy\h418.jpg,datasets\raw\Cotton\healthy\h419.jpg,c42a46058db95fd7,c42a46058db95fd7
0,datasets\raw\Cotton\healthy\h420.jpg,datasets\raw\Cotton\healthy\h424.jpg,96b86dc32c1a9a79,96b86dc32c1a9a79
0,datasets\raw\Cotton\healthy\h420.jpg,datasets\raw\Cotton\healthy\h425.jpg,96b86dc32c1a9a79,96b86dc32c1a9a79
0,datasets\raw\Cotton\healthy\h424.jpg,datasets\raw\Cotton\healthy\h425.jpg,96b86dc32c1a9a79,96b86dc32c1a9a79
0,datasets\raw\Cotton\healthy\h421.jpg,datasets\raw\Cotton\healthy\h422.jpg,963c6dc32c1a9a79,963c6dc32c1a9a79
0,datasets\raw\Cotton\healthy\h421.jpg,datasets\raw\Cotton\healthy\h423.jpg,963c6dc32c1a9a79,963c6dc32c1a9a79
0,datasets\raw\Cotton\healthy\h422.jpg,datasets\raw\Cotton\healthy\h423.jpg,963c6dc32c1a9a79,963c6dc32c1a9a79
0,datasets\raw\Cotton\healthy\h43.jpg,datasets\raw\Cotton\healthy\h44.jpg,c6ba05fb5c450cd5,c6ba05fb5c450cd5
0,datasets\raw\Cotton\healthy\h43.jpg,datasets\raw\Cotton\healthy\h45.jpg,c6ba05fb5c450cd5,c6ba05fb5c450cd5
0,datasets\raw\Cotton\healthy\h43.jpg,datasets\raw\Cotton\healthy\h46.jpg,c6ba05fb5c450cd5,c6ba05fb5c450cd5
0,datasets\raw\Cotton\healthy\h44.jpg,datasets\raw\Cotton\healthy\h45.jpg,c6ba05fb5c450cd5,c6ba05fb5c450cd5
0,datasets\raw\Cotton\healthy\h44.jpg,datasets\raw\Cotton\healthy\h46.jpg,c6ba05fb5c450cd5,c6ba05fb5c450cd5
0,datasets\raw\Cotton\healthy\h45.jpg,datasets\raw\Cotton\healthy\h46.jpg,c6ba05fb5c450cd5,c6ba05fb5c450cd5
0,datasets\raw\Cotton\healthy\h444.jpg,datasets\raw\Cotton\healthy\h447.jpg,e8b0a8db0ce2d3ad,e8b0a8db0ce2d3ad
0,datasets\raw\Cotton\healthy\h444.jpg,datasets\raw\Cotton\healthy\h469.jpg,e8b0a8db0ce2d3ad,e8b0a8db0ce2d3ad
0,datasets\raw\Cotton\healthy\h444.jpg,datasets\raw\Cotton\healthy\h477.jpg,e8b0a8db0ce2d3ad,e8b0a8db0ce2d3ad
0,datasets\raw\Cotton\healthy\h444.jpg,datasets\raw\Cotton\healthy\h497.jpg,e8b0a8db0ce2d3ad,e8b0a8db0ce2d3ad
0,datasets\raw\Cotton\healthy\h447.jpg,datasets\raw\Cotton\healthy\h469.jpg,e8b0a8db0ce2d3ad,e8b0a8db0ce2d3ad
0,datasets\raw\Cotton\healthy\h447.jpg,datasets\raw\Cotton\healthy\h477.jpg,e8b0a8db0ce2d3ad,e8b0a8db0ce2d3ad
0,datasets\raw\Cotton\healthy\h447.jpg,datasets\raw\Cotton\healthy\h497.jpg,e8b0a8db0ce2d3ad,e8b0a8db0ce2d3ad
0,datasets\raw\Cotton\healthy\h469.jpg,datasets\raw\Cotton\healthy\h477.jpg,e8b0a8db0ce2d3ad,e8b0a8db0ce2d3ad
0,datasets\raw\Cotton\healthy\h469.jpg,datasets\raw\Cotton\healthy\h497.jpg,e8b0a8db0ce2d3ad,e8b0a8db0ce2d3ad
0,datasets\raw\Cotton\healthy\h477.jpg,datasets\raw\Cotton\healthy\h497.jpg,e8b0a8db0ce2d3ad,e8b0a8db0ce2d3ad
0,datasets\raw\Cotton\healthy\h47.jpg,datasets\raw\Cotton\healthy\h48.jpg,c28c2f6b60de943d,c28c2f6b60de943d
0,datasets\raw\Cotton\healthy\h47.jpg,datasets\raw\Cotton\healthy\h49.jpg,c28c2f6b60de943d,c28c2f6b60de943d
0,datasets\raw\Cotton\healthy\h47.jpg,datasets\raw\Cotton\healthy\h50.jpg,c28c2f6b60de943d,c28c2f6b60de943d
0,datasets\raw\Cotton\healthy\h47.jpg,datasets\raw\Cotton\healthy\h51.jpg,c28c2f6b60de943d,c28c2f6b60de943d
0,datasets\raw\Cotton\healthy\h48.jpg,datasets\raw\Cotton\healthy\h49.jpg,c28c2f6b60de943d,c28c2f6b60de943d
0,datasets\raw\Cotton\healthy\h48.jpg,datasets\raw\Cotton\healthy\h50.jpg,c28c2f6b60de943d,c28c2f6b60de943d
0,datasets\raw\Cotton\healthy\h48.jpg,datasets\raw\Cotton\healthy\h51.jpg,c28c2f6b60de943d,c28c2f6b60de943d
0,datasets\raw\Cotton\healthy\h49.jpg,datasets\raw\Cotton\healthy\h50.jpg,c28c2f6b60de943d,c28c2f6b60de943d
0,datasets\raw\Cotton\healthy\h49.jpg,datasets\raw\Cotton\healthy\h51.jpg,c28c2f6b60de943d,c28c2f6b60de943d
0,datasets\raw\Cotton\healthy\h50.jpg,datasets\raw\Cotton\healthy\h51.jpg,c28c2f6b60de943d,c28c2f6b60de943d
0,datasets\raw\Cotton\healthy\h52.jpg,datasets\raw\Cotton\healthy\h53.jpg,972678e13576c1a3,972678e13576c1a3
0,datasets\raw\Cotton\healthy\h54.jpg,datasets\raw\Cotton\healthy\h55.jpg,9dcc62629cb96636,9dcc62629cb96636
0,datasets\raw\Cotton\healthy\h54.jpg,datasets\raw\Cotton\healthy\h56.jpg,9dcc62629cb96636,9dcc62629cb96636
0,datasets\raw\Cotton\healthy\h54.jpg,datasets\raw\Cotton\healthy\h57.jpg,9dcc62629cb96636,9dcc62629cb96636
0,datasets\raw\Cotton\healthy\h54.jpg,datasets\raw\Cotton\healthy\h58.jpg,9dcc62629cb96636,9dcc62629cb96636
0,datasets\raw\Cotton\healthy\h55.jpg,datasets\raw\Cotton\healthy\h56.jpg,9dcc62629cb96636,9dcc62629cb96636
0,datasets\raw\Cotton\healthy\h55.jpg,datasets\raw\Cotton\healthy\h57.jpg,9dcc62629cb96636,9dcc62629cb96636
0,datasets\raw\Cotton\healthy\h55.jpg,datasets\raw\Cotton\healthy\h58.jpg,9dcc62629cb96636,9dcc62629cb96636
0,datasets\raw\Cotton\healthy\h56.jpg,datasets\raw\Cotton\healthy\h57.jpg,9dcc62629cb96636,9dcc62629cb96636
0,datasets\raw\Cotton\healthy\h56.jpg,datasets\raw\Cotton\healthy\h58.jpg,9dcc62629cb96636,9dcc62629cb96636
0,datasets\raw\Cotton\healthy\h57.jpg,datasets\raw\Cotton\healthy\h58.jpg,9dcc62629cb96636,9dcc62629cb96636
0,datasets\raw\Cotton\healthy\h59.jpg,datasets\raw\Cotton\healthy\h60.jpg,ef57fc3813210b0d,ef57fc3813210b0d
0,datasets\raw\Cotton\healthy\h59.jpg,datasets\raw\Cotton\healthy\h61.jpg,ef57fc3813210b0d,ef57fc3813210b0d
0,datasets\raw\Cotton\healthy\h59.jpg,datasets\raw\Cotton\healthy\h62.jpg,ef57fc3813210b0d,ef57fc3813210b0d
0,datasets\raw\Cotton\healthy\h60.jpg,datasets\raw\Cotton\healthy\h61.jpg,ef57fc3813210b0d,ef57fc3813210b0d
0,datasets\raw\Cotton\healthy\h60.jpg,datasets\raw\Cotton\healthy\h62.jpg,ef57fc3813210b0d,ef57fc3813210b0d
0,datasets\raw\Cotton\healthy\h61.jpg,datasets\raw\Cotton\healthy\h62.jpg,ef57fc3813210b0d,ef57fc3813210b0d
0,datasets\raw\Cotton\healthy\h63.jpg,datasets\raw\Cotton\healthy\h64.jpg,a43f9487331eea70,a43f9487331eea70
0,datasets\raw\Cotton\healthy\h63.jpg,datasets\raw\Cotton\healthy\h65.jpg,a43f9487331eea70,a43f9487331eea70
0,datasets\raw\Cotton\healthy\h63.jpg,datasets\raw\Cotton\healthy\h66.jpg,a43f9487331eea70,a43f9487331eea70
0,datasets\raw\Cotton\healthy\h64.jpg,datasets\raw\Cotton\healthy\h65.jpg,a43f9487331eea70,a43f9487331eea70
0,datasets\raw\Cotton\healthy\h64.jpg,datasets\raw\Cotton\healthy\h66.jpg,a43f9487331eea70,a43f9487331eea70
0,datasets\raw\Cotton\healthy\h65.jpg,datasets\raw\Cotton\healthy\h66.jpg,a43f9487331eea70,a43f9487331eea70
0,datasets\raw\Cotton\healthy\h67.jpg,datasets\raw\Cotton\healthy\h68.jpg,8d38e36378686e47,8d38e36378686e47
0,datasets\raw\Cotton\healthy\h67.jpg,datasets\raw\Cotton\healthy\h69.jpg,8d38e36378686e47,8d38e36378686e47
0,datasets\raw\Cotton\healthy\h67.jpg,datasets\raw\Cotton\healthy\h70.jpg,8d38e36378686e47,8d38e36378686e47
0,datasets\raw\Cotton\healthy\h67.jpg,datasets\raw\Cotton\healthy\h71.jpg,8d38e36378686e47,8d38e36378686e47
0,datasets\raw\Cotton\healthy\h67.jpg,datasets\raw\Cotton\healthy\h72.jpg,8d38e36378686e47,8d38e36378686e47
0,datasets\raw\Cotton\healthy\h67.jpg,datasets\raw\Cotton\healthy\h73.jpg,8d38e36378686e47,8d38e36378686e47
0,datasets\raw\Cotton\healthy\h68.jpg,datasets\raw\Cotton\healthy\h69.jpg,8d38e36378686e47,8d38e36378686e47
0,datasets\raw\Cotton\healthy\h68.jpg,datasets\raw\Cotton\healthy\h70.jpg,8d38e36378686e47,8d38e36378686e47
0,datasets\raw\Cotton\healthy\h68.jpg,datasets\raw\Cotton\healthy\h71.jpg,8d38e36378686e47,8d38e36378686e47
0,datasets\raw\Cotton\healthy\h68.jpg,datasets\raw\Cotton\healthy\h72.jpg,8d38e36378686e47,8d38e36378686e47
0,datasets\raw\Cotton\healthy\h68.jpg,datasets\raw\Cotton\healthy\h73.jpg,8d38e36378686e47,8d38e36378686e47
0,datasets\raw\Cotton\healthy\h69.jpg,datasets\raw\Cotton\healthy\h70.jpg,8d38e36378686e47,8d38e36378686e47
0,datasets\raw\Cotton\healthy\h69.jpg,datasets\raw\Cotton\healthy\h71.jpg,8d38e36378686e47,8d38e36378686e47
0,datasets\raw\Cotton\healthy\h69.jpg,datasets\raw\Cotton\healthy\h72.jpg,8d38e36378686e47,8d38e36378686e47
0,datasets\raw\Cotton\healthy\h69.jpg,datasets\raw\Cotton\healthy\h73.jpg,8d38e36378686e47,8d38e36378686e47
0,datasets\raw\Cotton\healthy\h70.jpg,datasets\raw\Cotton\healthy\h71.jpg,8d38e36378686e47,8d38e36378686e47
0,datasets\raw\Cotton\healthy\h70.jpg,datasets\raw\Cotton\healthy\h72.jpg,8d38e36378686e47,8d38e36378686e47
0,datasets\raw\Cotton\healthy\h70.jpg,datasets\raw\Cotton\healthy\h73.jpg,8d38e36378686e47,8d38e36378686e47
0,datasets\raw\Cotton\healthy\h71.jpg,datasets\raw\Cotton\healthy\h72.jpg,8d38e36378686e47,8d38e36378686e47
0,datasets\raw\Cotton\healthy\h71.jpg,datasets\raw\Cotton\healthy\h73.jpg,8d38e36378686e47,8d38e36378686e47
0,datasets\raw\Cotton\healthy\h72.jpg,datasets\raw\Cotton\healthy\h73.jpg,8d38e36378686e47,8d38e36378686e47
0,datasets\raw\Cotton\healthy\h74.jpg,datasets\raw\Cotton\healthy\h75.jpg,952a35615bc999dc,952a35615bc999dc
0,datasets\raw\Cotton\healthy\h74.jpg,datasets\raw\Cotton\healthy\h76.jpg,952a35615bc999dc,952a35615bc999dc
0,datasets\raw\Cotton\healthy\h75.jpg,datasets\raw\Cotton\healthy\h76.jpg,952a35615bc999dc,952a35615bc999dc
0,datasets\raw\Cotton\healthy\h78.jpg,datasets\raw\Cotton\healthy\h79.jpg,846f6e60b61bb3c1,846f6e60b61bb3c1
0,datasets\raw\Cotton\healthy\h78.jpg,datasets\raw\Cotton\healthy\h80.jpg,846f6e60b61bb3c1,846f6e60b61bb3c1
0,datasets\raw\Cotton\healthy\h79.jpg,datasets\raw\Cotton\healthy\h80.jpg,846f6e60b61bb3c1,846f6e60b61bb3c1
0,datasets\raw\Cotton\healthy\h81.jpg,datasets\raw\Cotton\healthy\h82.jpg,842f6e60369f37c1,842f6e60369f37c1
0,datasets\raw\Cotton\healthy\h81.jpg,datasets\raw\Cotton\healthy\h83.jpg,842f6e60369f37c1,842f6e60369f37c1
0,datasets\raw\Cotton\healthy\h81.jpg,datasets\raw\Cotton\healthy\h85.jpg,842f6e60369f37c1,842f6e60369f37c1
0,datasets\raw\Cotton\healthy\h82.jpg,datasets\raw\Cotton\healthy\h83.jpg,842f6e60369f37c1,842f6e60369f37c1
0,datasets\raw\Cotton\healthy\h82.jpg,datasets\raw\Cotton\healthy\h85.jpg,842f6e60369f37c1,842f6e60369f37c1
0,datasets\raw\Cotton\healthy\h83.jpg,datasets\raw\Cotton\healthy\h85.jpg,842f6e60369f37c1,842f6e60369f37c1
0,datasets\raw\Cotton\healthy\h84.jpg,datasets\raw\Cotton\healthy\h86.jpg,d87a3d356542c55c,d87a3d356542c55c
0,datasets\raw\Cotton\healthy\h84.jpg,datasets\raw\Cotton\healthy\h87.jpg,d87a3d356542c55c,d87a3d356542c55c
0,datasets\raw\Cotton\healthy\h86.jpg,datasets\raw\Cotton\healthy\h87.jpg,d87a3d356542c55c,d87a3d356542c55c
0,datasets\raw\Cotton\healthy\h88.jpg,datasets\raw\Cotton\healthy\h89.jpg,d87a3d354542c5dc,d87a3d354542c5dc
0,datasets\raw\Cotton\healthy\h88.jpg,datasets\raw\Cotton\healthy\h90.jpg,d87a3d354542c5dc,d87a3d354542c5dc
0,datasets\raw\Cotton\healthy\h88.jpg,datasets\raw\Cotton\healthy\h91.jpg,d87a3d354542c5dc,d87a3d354542c5dc
0,datasets\raw\Cotton\healthy\h88.jpg,datasets\raw\Cotton\healthy\h95.jpg,d87a3d354542c5dc,d87a3d354542c5dc
0,datasets\raw\Cotton\healthy\h89.jpg,datasets\raw\Cotton\healthy\h90.jpg,d87a3d354542c5dc,d87a3d354542c5dc
0,datasets\raw\Cotton\healthy\h89.jpg,datasets\raw\Cotton\healthy\h91.jpg,d87a3d354542c5dc,d87a3d354542c5dc
0,datasets\raw\Cotton\healthy\h89.jpg,datasets\raw\Cotton\healthy\h95.jpg,d87a3d354542c5dc,d87a3d354542c5dc
0,datasets\raw\Cotton\healthy\h90.jpg,datasets\raw\Cotton\healthy\h91.jpg,d87a3d354542c5dc,d87a3d354542c5dc
0,datasets\raw\Cotton\healthy\h90.jpg,datasets\raw\Cotton\healthy\h95.jpg,d87a3d354542c5dc,d87a3d354542c5dc
0,datasets\raw\Cotton\healthy\h91.jpg,datasets\raw\Cotton\healthy\h95.jpg,d87a3d354542c5dc,d87a3d354542c5dc
0,datasets\raw\Cotton\healthy\h92.jpg,datasets\raw\Cotton\healthy\h96.jpg,83fdc4cb5e0581da,83fdc4cb5e0581da
0,datasets\raw\Cotton\healthy\h92.jpg,datasets\raw\Cotton\healthy\h97.jpg,83fdc4cb5e0581da,83fdc4cb5e0581da
0,datasets\raw\Cotton\healthy\h92.jpg,datasets\raw\Cotton\healthy\h98.jpg,83fdc4cb5e0581da,83fdc4cb5e0581da
0,datasets\raw\Cotton\healthy\h96.jpg,datasets\raw\Cotton\healthy\h97.jpg,83fdc4cb5e0581da,83fdc4cb5e0581da
0,datasets\raw\Cotton\healthy\h96.jpg,datasets\raw\Cotton\healthy\h98.jpg,83fdc4cb5e0581da,83fdc4cb5e0581da
0,datasets\raw\Cotton\healthy\h97.jpg,datasets\raw\Cotton\healthy\h98.jpg,83fdc4cb5e0581da,83fdc4cb5e0581da
0,datasets\raw\Mango\Anthracnose\20211011_170706 (Custom).jpg,datasets\raw\Mango\Anthracnose\20211011_170706 - Copy - Copy - Copy (Custom).jpg,f898e339c731c623,f898e339c731c623
0,datasets\raw\Mango\Anthracnose\20211011_170708 (Custom).jpg,datasets\raw\Mango\Anthracnose\20211011_170708 - Copy - Copy - Copy (Custom).jpg,fcc39e38634e9831,fcc39e38634e9831
0,datasets\raw\Mango\Anthracnose\20211011_170709 (Custom).jpg,datasets\raw\Mango\Anthracnose\20211011_170709 - Copy - Copy - Copy (Custom).jpg,fcc38f38634e9831,fcc38f38634e9831
0,datasets\raw\Mango\Anthracnose\20211011_170712 (Custom).jpg,datasets\raw\Mango\Anthracnose\20211011_170712 - Copy - Copy - Copy (Custom).jpg,dea5d06a371bc4c2,dea5d06a371bc4c2
0,datasets\raw\Mango\Anthracnose\20211011_170714 (Custom).jpg,datasets\raw\Mango\Anthracnose\20211011_170714 - Copy - Copy - Copy (Custom).jpg,e49bcce733380cc6,e49bcce733380cc6
0,datasets\raw\Mango\Anthracnose\20211011_170717 (Custom).jpg,datasets\raw\Mango\Anthracnose\20211011_170717 - Copy - Copy - Copy (Custom).jpg,edc912e60a7a833e,edc912e60a7a833e
0,datasets\raw\Mango\Anthracnose\20211011_171141 (Custom).jpg,datasets\raw\Mango\Anthracnose\20211011_171141 - Copy - Copy - Copy (Custom).jpg,f68bc5723b8d260a,f68bc5723b8d260a
0,datasets\raw\Mango\Anthracnose\IMG_20211011_140304 (Custom).jpg,datasets\raw\Mango\Anthracnose\IMG_20211011_140304 - Copy (Custom).jpg,e3b1cc663369cc86,e3b1cc663369cc86
0,datasets\raw\Mango\Anthracnose\IMG_20211011_140539 (Custom).jpg,datasets\raw\Mango\Anthracnose\IMG_20211011_140539 - Copy (Custom).jpg,a626cdd9334ccc33,a626cdd9334ccc33
0,datasets\raw\Mango\Anthracnose\IMG_20211011_140557 (Custom).jpg,datasets\raw\Mango\Anthracnose\IMG_20211011_140557 - Copy (Custom).jpg,a3270c9e9399d966,a3270c9e9399d966
0,datasets\raw\Mango\Anthracnose\IMG_20211011_140624 (Custom).jpg,datasets\raw\Mango\Anthracnose\IMG_20211011_140624 - Copy (Custom).jpg,b3334e0e39198c77,b3334e0e39198c77
0,datasets\raw\Mango\Anthracnose\IMG_20211011_153429 (Custom).jpg,datasets\raw\Mango\Anthracnose\IMG_20211011_153429 - Copy - Copy (Custom).jpg,f996c76834936b0c,f996c76834936b0c
0,datasets\raw\Mango\Anthracnose\IMG_20211011_153557 (Custom).jpg,datasets\raw\Mango\Anthracnose\IMG_20211011_153557 - Copy (Custom).jpg,836ad4963b6be894,836ad4963b6be894
0,datasets\raw\Mango\Anthracnose\IMG_20211011_153604 (Custom).jpg,datasets\raw\Mango\Anthracnose\IMG_20211011_153604 - Copy (Custom).jpg,e2d2958d6a7212cf,e2d2958d6a7212cf
0,datasets\raw\Mango\Bacterial Canker\IMG_20211106_134420 (Custom).jpg,datasets\raw\Mango\Bacterial Canker\IMG_20211106_134420_1 (Custom).jpg,e6b399cc4c986467,e6b399cc4c986467
0,datasets\raw\Mango\Bacterial Canker\IMG_20211106_135958 (Custom).jpg,datasets\raw\Mango\Bacterial Canker\IMG_20211106_135958_1 (Custom).jpg,e5999b963172464d,e5999b963172464d
0,datasets\raw\Mango\Cutting Weevil\20211011_162153 (Custom) (Custom).jpg,datasets\raw\Mango\Cutting Weevil\20211011_162153 (Custom).jpg,f9c79c314398f60c,f9c79c314398f60c
0,datasets\raw\Mango\Bacterial Canker\IMG_20211106_142847 (Custom).jpg,datasets\raw\Mango\Bacterial Canker\IMG_20211106_142847_1 (Custom).jpg,ed8993264973869b,ed8993264973869b
0,datasets\raw\Mango\Cutting Weevil\20211011_131101 (Custom) (Custom).jpg,datasets\raw\Mango\Cutting Weevil\20211011_131101 (Custom).jpg,e39cd96384ed5a0c,e39cd96384ed5a0c
0,datasets\raw\Mango\Cutting Weevil\20211011_131104 (Custom) (Custom).jpg,datasets\raw\Mango\Cutting Weevil\20211011_131104 (Custom).jpg,f699c44a99a44f27,f699c44a99a44f27
0,datasets\raw\Mango\Cutting Weevil\20211011_131115 (Custom) (Custom).jpg,datasets\raw\Mango\Cutting Weevil\20211011_131115 (Custom).jpg,eb929c256718f10f,eb929c256718f10f
0,datasets\raw\Mango\Cutting Weevil\20211011_140216 (Custom) (Custom).jpg,datasets\raw\Mango\Cutting Weevil\20211011_140216 (Custom).jpg,8306993bec7c97c1,8306993bec7c97c1
0,datasets\raw\Mango\Cutting Weevil\20211011_140220 (Custom) (Custom).jpg,datasets\raw\Mango\Cutting Weevil\20211011_140220 (Custom).jpg,a306893974ec3bc7,a306893974ec3bc7
0,datasets\raw\Mango\Cutting Weevil\20211011_160612 (Custom) (Custom).jpg,datasets\raw\Mango\Cutting Weevil\20211011_160612 (Custom).jpg,fab0849e63e79c18,fab0849e63e79c18
0,datasets\raw\Mango\Cutting Weevil\20211011_160614 (Custom) (Custom).jpg,datasets\raw\Mango\Cutting Weevil\20211011_160614 (Custom).jpg,f9c59463631cc963,f9c59463631cc963
0,datasets\raw\Mango\Cutting Weevil\20211011_160618 (Custom) (Custom).jpg,datasets\raw\Mango\Cutting Weevil\20211011_160618 (Custom).jpg,f2d8c5c613339ce4,f2d8c5c613339ce4
0,datasets\raw\Mango\Cutting Weevil\20211011_160625 (Custom) (Custom).jpg,datasets\raw\Mango\Cutting Weevil\20211011_160625 (Custom).jpg,f7868cb913c260bd,f7868cb913c260bd
0,datasets\raw\Mango\Cutting Weevil\20211011_160708 (Custom) (Custom).jpg,datasets\raw\Mango\Cutting Weevil\20211011_160708 (Custom).jpg,feb69e184dc3c148,feb69e184dc3c148
0,datasets\raw\Mango\Cutting Weevil\20211011_160821 (Custom) (Custom).jpg,datasets\raw\Mango\Cutting Weevil\20211011_160821 (Custom).jpg,d5519c5962aa9d56,d5519c5962aa9d56
0,datasets\raw\Mango\Cutting Weevil\20211011_160831 (Custom) (Custom).jpg,datasets\raw\Mango\Cutting Weevil\20211011_160831 (Custom).jpg,d5559c5362b8dc4a,d5559c5362b8dc4a
0,datasets\raw\Mango\Cutting Weevil\20211011_160835 (Custom) (Custom).jpg,datasets\raw\Mango\Cutting Weevil\20211011_160835 (Custom).jpg,e49384a669cbd734,e49384a669cbd734
0,datasets\raw\Mango\Cutting Weevil\20211011_160852 (Custom) (Custom).jpg,datasets\raw\Mango\Cutting Weevil\20211011_160852 (Custom).jpg,e6999966b4d92436,e6999966b4d92436
0,datasets\raw\Mango\Cutting Weevil\20211011_160853 (Custom) (Custom).jpg,datasets\raw\Mango\Cutting Weevil\20211011_160853 (Custom).jpg,e699cd2613cdc439,e699cd2613cdc439
0,datasets\raw\Mango\Cutting Weevil\20211011_160903(0) (Custom) (Custom).jpg,datasets\raw\Mango\Cutting Weevil\20211011_160903(0) (Custom).jpg,f8c73438c7611c67,f8c73438c7611c67
0,datasets\raw\Mango\Cutting Weevil\20211011_160904 (Custom) (Custom).jpg,datasets\raw\Mango\Cutting Weevil\20211011_160904 (Custom).jpg,d8c7308de738c731,d8c7308de738c731
0,datasets\raw\Mango\Cutting Weevil\20211011_160914 (Custom) (Custom).jpg,datasets\raw\Mango\Cutting Weevil\20211011_160914 (Custom).jpg,e5999e64d90c33c3,e5999e64d90c33c3
0,datasets\raw\Mango\Cutting Weevil\20211011_160915 (Custom) (Custom).jpg,datasets\raw\Mango\Cutting Weevil\20211011_160915 (Custom).jpg,c9b5964a6da54996,c9b5964a6da54996
0,datasets\raw\Mango\Cutting Weevil\20211011_160933 (Custom) (Custom).jpg,datasets\raw\Mango\Cutting Weevil\20211011_160933 (Custom).jpg,f28ccd3139c66399,f28ccd3139c66399
0,datasets\raw\Mango\Cutting Weevil\20211011_160942 (Custom) (Custom).jpg,datasets\raw\Mango\Cutting Weevil\20211011_160942 (Custom).jpg,c6b095697b928d65,c6b095697b928d65
0,datasets\raw\Mango\Cutting Weevil\20211011_161126 (Custom) (Custom).jpg,datasets\raw\Mango\Cutting Weevil\20211011_161126 (Custom).jpg,e6998c73334ca953,e6998c73334ca953
0,datasets\raw\Mango\Cutting Weevil\20211011_161127 (Custom) (Custom).jpg,datasets\raw\Mango\Cutting Weevil\20211011_161127 (Custom).jpg,e6d99c626c939c61,e6d99c626c939c61
0,datasets\raw\Mango\Cutting Weevil\20211011_161128 (Custom) (Custom).jpg,datasets\raw\Mango\Cutting Weevil\20211011_161128 (Custom).jpg,f3cc8f3136cc8730,f3cc8f3136cc8730
0,datasets\raw\Mango\Cutting Weevil\20211011_161135 (Custom) (Custom).jpg,datasets\raw\Mango\Cutting Weevil\20211011_161135 (Custom).jpg,f9859c675aa32c31,f9859c675aa32c31
0,datasets\raw\Mango\Cutting Weevil\20211011_161140 (Custom) (Custom).jpg,datasets\raw\Mango\Cutting Weevil\20211011_161140 (Custom).jpg,f3ccc60f62f08e1c,f3ccc60f62f08e1c
0,datasets\raw\Mango\Cutting Weevil\20211011_161140(0) (Custom) (Custom).jpg,datasets\raw\Mango\Cutting Weevil\20211011_161140(0) (Custom).jpg,f3cc8e33631bd814,f3cc8e33631bd814
0,datasets\raw\Mango\Cutting Weevil\20211011_161141 (Custom) (Custom).jpg,datasets\raw\Mango\Cutting Weevil\20211011_161141 (Custom).jpg,f7c89c726619c81e,f7c89c726619c81e
0,datasets\raw\Mango\Cutting Weevil\20211011_161142 (Custom) (Custom).jpg,datasets\raw\Mango\Cutting Weevil\20211011_161142 (Custom).jpg,f9ccc338629ccf21,f9ccc338629ccf21
0,datasets\raw\Mango\Cutting Weevil\20211011_161145(0) (Custom) (Custom).jpg,datasets\raw\Mango\Cutting Weevil\20211011_161145(0) (Custom).jpg,e6999c4a3797c924,e6999c4a3797c924
0,datasets\raw\Mango\Cutting Weevil\20211011_161146 (Custom) (Custom).jpg,datasets\raw\Mango\Cutting Weevil\20211011_161146 (Custom).jpg,e69bb16ac4b249c9,e69bb16ac4b249c9
0,datasets\raw\Mango\Cutting Weevil\20211011_161147 (Custom) (Custom).jpg,datasets\raw\Mango\Cutting Weevil\20211011_161147 (Custom).jpg,e49b7c61946ac738,e49b7c61946ac738
0,datasets\raw\Mango\Cutting Weevil\20211011_161150 (Custom) (Custom).jpg,datasets\raw\Mango\Cutting Weevil\20211011_161150 (Custom).jpg,e69984c373bc9c43,e69984c373bc9c43
0,datasets\raw\Mango\Cutting Weevil\20211011_161155 (Custom) (Custom).jpg,datasets\raw\Mango\Cutting Weevil\20211011_161155 (Custom).jpg,d2dce6013c328cfe,d2dce6013c328cfe
0,datasets\raw\Mango\Cutting Weevil\20211011_161205 (Custom) (Custom).jpg,datasets\raw\Mango\Cutting Weevil\20211011_161205 (Custom).jpg,f1cc9731b238c798,f1cc9731b238c798
0,datasets\raw\Mango\Cutting Weevil\20211011_161206 (Custom) (Custom).jpg,datasets\raw\Mango\Cutting Weevil\20211011_161206 (Custom).jpg,f3cc9c2639669c19,f3cc9c2639669c19
0,datasets\raw\Mango\Cutting Weevil\20211011_161207 (Custom) (Custom).jpg,datasets\raw\Mango\Cutting Weevil\20211011_161207 (Custom).jpg,e3dc9c263166c699,e3dc9c263166c699
0,datasets\raw\Mango\Cutting Weevil\20211011_161210(0) (Custom) (Custom).jpg,datasets\raw\Mango\Cutting Weevil\20211011_161210(0) (Custom).jpg,e49b863936cf3864,e49b863936cf3864
0,datasets\raw\Mango\Cutting Weevil\20211011_161242 (Custom) (Custom).jpg,datasets\raw\Mango\Cutting Weevil\20211011_161242 (Custom).jpg,ec9b965961c69a31,ec9b965961c69a31
0,datasets\raw\Mango\Cutting Weevil\20211011_161243 (Custom) (Custom).jpg,datasets\raw\Mango\Cutting Weevil\20211011_161243 (Custom).jpg,e6999b24638c9ae3,e6999b24638c9ae3
0,datasets\raw\Mango\Cutting Weevil\20211011_161243(0) (Custom) (Custom).jpg,datasets\raw\Mango\Cutting Weevil\20211011_161243(0) (Custom).jpg,f38ed9649299cc32,f38ed9649299cc32
0,datasets\raw\Mango\Cutting Weevil\20211011_161245 (Custom) (Custom).jpg,datasets\raw\Mango\Cutting Weevil\20211011_161245 (Custom).jpg,e69c9364e49a99c6,e69c9364e49a99c6
0,datasets\raw\Mango\Cutting Weevil\20211011_161245(0) (Custom) (Custom).jpg,datasets\raw\Mango\Cutting Weevil\20211011_161245(0) (Custom).jpg,e6999a636692cb2c,e6999a636692cb2c
0,datasets\raw\Mango\Cutting Weevil\20211011_161246 (Custom) (Custom).jpg,datasets\raw\Mango\Cutting Weevil\20211011_161246 (Custom).jpg,e799dc613691cd30,e799dc613691cd30
0,datasets\raw\Mango\Cutting Weevil\20211011_161309 (Custom) (Custom).jpg,datasets\raw\Mango\Cutting Weevil\20211011_161309 (Custom).jpg,e6992679a499669c,e6992679a499669c
0,datasets\raw\Mango\Cutting Weevil\20211011_161323 (Custom) (Custom).jpg,datasets\raw\Mango\Cutting Weevil\20211011_161323 (Custom).jpg,f2c74c30e738c46b,f2c74c30e738c46b
0,datasets\raw\Mango\Cutting Weevil\20211011_161330 (Custom) (Custom).jpg,datasets\raw\Mango\Cutting Weevil\20211011_161330 (Custom).jpg,f65986d36c388366,f65986d36c388366
0,datasets\raw\Mango\Cutting Weevil\20211011_161339 (Custom) (Custom).jpg,datasets\raw\Mango\Cutting Weevil\20211011_161339 (Custom).jpg,f3b098ccc6c3c339,f3b098ccc6c3c339
0,datasets\raw\Mango\Cutting Weevil\20211011_161340 (Custom) (Custom).jpg,datasets\raw\Mango\Cutting Weevil\20211011_161340 (Custom).jpg,bc9fcf0743e0e0e0,bc9fcf0743e0e0e0
0,datasets\raw\Mango\Cutting Weevil\20211011_161345 (Custom) (Custom).jpg,datasets\raw\Mango\Cutting Weevil\20211011_161345 (Custom).jpg,f3999c8e963664a4,f3999c8e963664a4
0,datasets\raw\Mango\Cutting Weevil\20211011_161346 (Custom) (Custom).jpg,datasets\raw\Mango\Cutting Weevil\20211011_161346 (Custom).jpg,f18c8c8f9b1266b6,f18c8c8f9b1266b6
0,datasets\raw\Mango\Cutting Weevil\20211011_161410 (Custom) (Custom).jpg,datasets\raw\Mango\Cutting Weevil\20211011_161410 (Custom).jpg,fd5ac4331ce4d30c,fd5ac4331ce4d30c
0,datasets\raw\Mango\Cutting Weevil\20211011_161412 (Custom) (Custom).jpg,datasets\raw\Mango\Cutting Weevil\20211011_161412 (Custom).jpg,e6d98d22cd3493cc,e6d98d22cd3493cc
0,datasets\raw\Mango\Cutting Weevil\20211011_161413 (Custom) (Custom).jpg,datasets\raw\Mango\Cutting Weevil\20211011_161413 (Custom).jpg,e6498d73cc3493cc,e6498d73cc3493cc
0,datasets\raw\Mango\Cutting Weevil\20211011_161418 (Custom) (Custom).jpg,datasets\raw\Mango\Cutting Weevil\20211011_161418 (Custom).jpg,f3c896860d61cc3f,f3c896860d61cc3f
0,datasets\raw\Mango\Cutting Weevil\20211011_161418(0) (Custom) (Custom).jpg,datasets\raw\Mango\Cutting Weevil\20211011_161418(0) (Custom).jpg,f34994b68c63c81f,f34994b68c63c81f
0,datasets\raw\Mango\Cutting Weevil\20211011_161419 (Custom) (Custom).jpg,datasets\raw\Mango\Cutting Weevil\20211011_161419 (Custom).jpg,f1d39c26c9f02798,f1d39c26c9f02798
0,datasets\raw\Mango\Cutting Weevil\20211011_161424 (Custom) (Custom).jpg,datasets\raw\Mango\Cutting Weevil\20211011_161424 (Custom).jpg,f39ccc0337c6183d,f39ccc0337c6183d
0,datasets\raw\Mango\Cutting Weevil\20211011_161424(0) (Custom) (Custom).jpg,datasets\raw\Mango\Cutting Weevil\20211011_161424(0) (Custom).jpg,f3c6c039ce821ce7,f3c6c039ce821ce7
0,datasets\raw\Mango\Cutting Weevil\20211011_161425 (Custom) (Custom).jpg,datasets\raw\Mango\Cutting Weevil\20211011_161425 (Custom).jpg,f3cc817c0ca7c43b,f3cc817c0ca7c43b
0,datasets\raw\Mango\Cutting Weevil\20211011_161452 (Custom) (Custom).jpg,datasets\raw\Mango\Cutting Weevil\20211011_161452 (Custom).jpg,fc469931533ce4c3,fc469931533ce4c3
0,datasets\raw\Mango\Cutting Weevil\20211011_161453 (Custom) (Custom).jpg,datasets\raw\Mango\Cutting Weevil\20211011_161453 (Custom).jpg,fe92853e59a52668,fe92853e59a52668
0,datasets\raw\Mango\Cutting Weevil\20211011_161458 (Custom) (Custom).jpg,datasets\raw\Mango\Cutting Weevil\20211011_161458 (Custom).jpg,f38cd0f0863bcde0,f38cd0f0863bcde0
0,datasets\raw\Mango\Cutting Weevil\20211011_161500 (Custom) (Custom).jpg,datasets\raw\Mango\Cutting Weevil\20211011_161500 (Custom).jpg,cc6de9e1721f9442,cc6de9e1721f9442
0,datasets\raw\Mango\Cutting Weevil\20211011_161502 (Custom) (Custom).jpg,datasets\raw\Mango\Cutting Weevil\20211011_161502 (Custom).jpg,ec64c5521b97c26b,ec64c5521b97c26b
0,datasets\raw\Mango\Cutting Weevil\20211011_161505 (Custom) (Custom).jpg,datasets\raw\Mango\Cutting Weevil\20211011_161505 (Custom).jpg,ec70d90ec2c61f39,ec70d90ec2c61f39
0,datasets\raw\Mango\Cutting Weevil\20211011_161506 (Custom) (Custom).jpg,datasets\raw\Mango\Cutting Weevil\20211011_161506 (Custom).jpg,ed70d90ec2c60f39,ed70d90ec2c60f39
0,datasets\raw\Mango\Cutting Weevil\20211011_161515 (Custom) (Custom).jpg,datasets\raw\Mango\Cutting Weevil\20211011_161515 (Custom).jpg,f662911d88cb3f2c,f662911d88cb3f2c
0,datasets\raw\Mango\Cutting Weevil\20211011_161519 (Custom) (Custom).jpg,datasets\raw\Mango\Cutting Weevil\20211011_161519 (Custom).jpg,da5a85c5313ccacb,da5a85c5313ccacb
0,datasets\raw\Mango\Cutting Weevil\20211011_161520 (Custom) (Custom).jpg,datasets\raw\Mango\Cutting Weevil\20211011_161520 (Custom).jpg,da5a81c5b1349ecb,da5a81c5b1349ecb
0,datasets\raw\Mango\Cutting Weevil\20211011_161532 (Custom) (Custom).jpg,datasets\raw\Mango\Cutting Weevil\20211011_161532 (Custom).jpg,e56dc9fa929391a0,e56dc9fa929391a0
0,datasets\raw\Mango\Cutting Weevil\20211011_161534 (Custom) (Custom).jpg,datasets\raw\Mango\Cutting Weevil\20211011_161534 (Custom).jpg,f331dcc4cd213339,f331dcc4cd213339
0,datasets\raw\Mango\Cutting Weevil\20211011_161544 (Custom) (Custom).jpg,datasets\raw\Mango\Cutting Weevil\20211011_161544 (Custom).jpg,fc932c66932847b3,fc932c66932847b3
0,datasets\raw\Mango\Cutting Weevil\20211011_161600 (Custom) (Custom).jpg,datasets\raw\Mango\Cutting Weevil\20211011_161600 (Custom).jpg,d35a9c6664a5b1d8,d35a9c6664a5b1d8
0,datasets\raw\Mango\Cutting Weevil\20211011_161605 (Custom) (Custom).jpg,datasets\raw\Mango\Cutting Weevil\20211011_161605 (Custom).jpg,de32854d3898cf66,de32854d3898cf66
0,datasets\raw\Mango\Cutting Weevil\20211011_161606 (Custom) (Custom).jpg,datasets\raw\Mango\Cutting Weevil\20211011_161606 (Custom).jpg,d8628d5d718edc61,d8628d5d718edc61
0,datasets\raw\Mango\Cutting Weevil\20211011_161607 (Custom) (Custom).jpg,datasets\raw\Mango\Cutting Weevil\20211011_161607 (Custom).jpg,d4b285c5793898d7,d4b285c5793898d7
0,datasets\raw\Mango\Cutting Weevil\20211011_161609 (Custom) (Custom).jpg,datasets\raw\Mango\Cutting Weevil\20211011_161609 (Custom).jpg,d67a85c679b89246,d67a85c679b89246
0,datasets\raw\Mango\Cutting Weevil\20211011_161610 (Custom) (Custom).jpg,datasets\raw\Mango\Cutting Weevil\20211011_161610 (Custom).jpg,de62855c398f4f60,de62855c398f4f60
0,datasets\raw\Mango\Cutting Weevil\20211011_161610(0) (Custom) (Custom).jpg,datasets\raw\Mango\Cutting Weevil\20211011_161610(0) (Custom).jpg,dc638d7ca387702a,dc638d7ca387702a
0,datasets\raw\Mango\Cutting Weevil\20211011_161614 (Custom) (Custom).jpg,datasets\raw\Mango\Cutting Weevil\20211011_161614 (Custom).jpg,fe5891a7e9691a14,fe5891a7e9691a14
0,datasets\raw\Mango\Cutting Weevil\20211011_161614(0) (Custom) (Custom).jpg,datasets\raw\Mango\Cutting Weevil\20211011_161614(0) (Custom).jpg,fc5991a7696914d4,fc5991a7696914d4
0,datasets\raw\Mango\Cutting Weevil\20211011_161616 (Custom) (Custom).jpg,datasets\raw\Mango\Cutting Weevil\20211011_161616 (Custom).jpg,ecc7b3708ca3199c,ecc7b3708ca3199c
0,datasets\raw\Mango\Cutting Weevil\20211011_161619 (Custom) (Custom).jpg,datasets\raw\Mango\Cutting Weevil\20211011_161619 (Custom).jpg,f18f9c66ab924c29,f18f9c66ab924c29
0,datasets\raw\Mango\Cutting Weevil\20211011_161623 (Custom) (Custom).jpg,datasets\raw\Mango\Cutting Weevil\20211011_161623 (Custom).jpg,e6b6c91cdaa512cc,e6b6c91cdaa512cc
0,datasets\raw\Mango\Cutting Weevil\20211011_161624 (Custom) (Custom).jpg,datasets\raw\Mango\Cutting Weevil\20211011_161624 (Custom).jpg,c9b69a953325cd4c,c9b69a953325cd4c
0,datasets\raw\Mango\Cutting Weevil\20211011_161625 (Custom) (Custom).jpg,datasets\raw\Mango\Cutting Weevil\20211011_161625 (Custom).jpg,c996cb34b8cd3398,c996cb34b8cd3398
0,datasets\raw\Mango\Cutting Weevil\20211011_161627 (Custom) (Custom).jpg,datasets\raw\Mango\Cutting Weevil\20211011_161627 (Custom).jpg,ed98cd921936c669,ed98cd921936c669
0,datasets\raw\Mango\Cutting Weevil\20211011_161629 (Custom) (Custom).jpg,datasets\raw\Mango\Cutting Weevil\20211011_161629 (Custom).jpg,c0b6998532733dcb,c0b6998532733dcb
0,datasets\raw\Mango\Cutting Weevil\20211011_161641 (Custom) (Custom).jpg,datasets\raw\Mango\Cutting Weevil\20211011_161641 (Custom).jpg,cd929b0566ad5399,cd929b0566ad5399
0,datasets\raw\Mango\Cutting Weevil\20211011_161642 (Custom) (Custom).jpg,datasets\raw\Mango\Cutting Weevil\20211011_161642 (Custom).jpg,c590cf3279e41b99,c590cf3279e41b99
0,datasets\raw\Mango\Cutting Weevil\20211011_161643 (Custom) (Custom).jpg,datasets\raw\Mango\Cutting Weevil\20211011_161643 (Custom).jpg,c1b5da2433ed063b,c1b5da2433ed063b
0,datasets\raw\Mango\Cutting Weevil\20211011_161650(0) (Custom) (Custom).jpg,datasets\raw\Mango\Cutting Weevil\20211011_161650(0) (Custom).jpg,f48bcc1e33e41d92,f48bcc1e33e41d92
0,datasets\raw\Mango\Cutting Weevil\20211011_161656(0) (Custom) (Custom).jpg,datasets\raw\Mango\Cutting Weevil\20211011_161656(0) (Custom).jpg,c8d78134cbc5b671,c8d78134cbc5b671
0,datasets\raw\Mango\Cutting Weevil\20211011_161657 (Custom) (Custom).jpg,datasets\raw\Mango\Cutting Weevil\20211011_161657 (Custom).jpg,c0ff0235db843a6d,c0ff0235db843a6d
0,datasets\raw\Mango\Cutting Weevil\20211011_161657(0) (Custom) (Custom).jpg,datasets\raw\Mango\Cutting Weevil\20211011_161657(0) (Custom).jpg,c0bf8a25fa0c764b,c0bf8a25fa0c764b
0,datasets\raw\Mango\Cutting Weevil\20211011_161708 (Custom) (Custom).jpg,datasets\raw\Mango\Cutting Weevil\20211011_161708 (Custom).jpg,d79cc02d1ed8e11e,d79cc02d1ed8e11e
0,datasets\raw\Mango\Cutting Weevil\20211011_161715(0) (Custom) (Custom).jpg,datasets\raw\Mango\Cutting Weevil\20211011_161715(0) (Custom).jpg,e3d984384bb6916e,e3d984384bb6916e
0,datasets\raw\Mango\Cutting Weevil\20211011_161744 (Custom) (Custom).jpg,datasets\raw\Mango\Cutting Weevil\20211011_161744 (Custom).jpg,c996946d49f602bd,c996946d49f602bd
0,datasets\raw\Mango\Cutting Weevil\20211011_161830 (Custom) (Custom).jpg,datasets\raw\Mango\Cutting Weevil\20211011_161830 (Custom).jpg,c2c9b2944b6a699f,c2c9b2944b6a699f
0,datasets\raw\Mango\Cutting Weevil\20211011_161831 (Custom) (Custom).jpg,datasets\raw\Mango\Cutting Weevil\20211011_161831 (Custom).jpg,e68c93926d6564d6,e68c93926d6564d6
0,datasets\raw\Mango\Cutting Weevil\20211011_161832 (Custom) (Custom).jpg,datasets\raw\Mango\Cutting Weevil\20211011_161832 (Custom).jpg,e69d1396096f04f6,e69d1396096f04f6
0,datasets\raw\Mango\Cutting Weevil\20211011_161833 (Custom) (Custom).jpg,datasets\raw\Mango\Cutting Weevil\20211011_161833 (Custom).jpg,e69c119669f648b6,e69c119669f648b6
0,datasets\raw\Mango\Cutting Weevil\20211011_161852 (Custom) (Custom).jpg,datasets\raw\Mango\Cutting Weevil\20211011_161852 (Custom).jpg,e3dc8c76074b3196,e3dc8c76074b3196
0,datasets\raw\Mango\Cutting Weevil\20211011_161855 (Custom) (Custom).jpg,datasets\raw\Mango\Cutting Weevil\20211011_161855 (Custom).jpg,f39c06cc07f91179,f39c06cc07f91179
0,datasets\raw\Mango\Cutting Weevil\20211011_161859 (Custom) (Custom).jpg,datasets\raw\Mango\Cutting Weevil\20211011_161859 (Custom).jpg,c499129c6b6c82ff,c499129c6b6c82ff
0,datasets\raw\Mango\Cutting Weevil\20211011_161859(0) (Custom) (Custom).jpg,datasets\raw\Mango\Cutting Weevil\20211011_161859(0) (Custom).jpg,c49912bc4b6d82fb,c49912bc4b6d82fb
0,datasets\raw\Mango\Cutting Weevil\20211011_161904 (Custom) (Custom).jpg,datasets\raw\Mango\Cutting Weevil\20211011_161904 (Custom).jpg,e713dc4c0e93f131,e713dc4c0e93f131
0,datasets\raw\Mango\Cutting Weevil\20211011_161908 (Custom) (Custom).jpg,datasets\raw\Mango\Cutting Weevil\20211011_161908 (Custom).jpg,f63e91590dc9c9c4,f63e91590dc9c9c4
0,datasets\raw\Mango\Cutting Weevil\20211011_161908(0) (Custom) (Custom).jpg,datasets\raw\Mango\Cutting Weevil\20211011_161908(0) (Custom).jpg,f33bd84c0eccc496,f33bd84c0eccc496
0,datasets\raw\Mango\Cutting Weevil\20211011_161913 (Custom) (Custom).jpg,datasets\raw\Mango\Cutting Weevil\20211011_161913 (Custom).jpg,fb1f8d61e3d03058,fb1f8d61e3d03058
0,datasets\raw\Mango\Cutting Weevil\20211011_161913(0) (Custom) (Custom).jpg,datasets\raw\Mango\Cutting Weevil\20211011_161913(0) (Custom).jpg,fb1f8c65e3c23038,fb1f8c65e3c23038
0,datasets\raw\Mango\Cutting Weevil\20211011_161916 (Custom) (Custom).jpg,datasets\raw\Mango\Cutting Weevil\20211011_161916 (Custom).jpg,ca17b5e970160fc3,ca17b5e970160fc3
0,datasets\raw\Mango\Cutting Weevil\20211011_161919 (Custom) (Custom).jpg,datasets\raw\Mango\Cutting Weevil\20211011_161919 (Custom).jpg,cf91f46899d6211b,cf91f46899d6211b
0,datasets\raw\Mango\Cutting Weevil\20211011_161924 (Custom) (Custom).jpg,datasets\raw\Mango\Cutting Weevil\20211011_161924 (Custom).jpg,e622994d0ddfe622,e622994d0ddfe622
0,datasets\raw\Mango\Cutting Weevil\20211011_161927 (Custom) (Custom).jpg,datasets\raw\Mango\Cutting Weevil\20211011_161927 (Custom).jpg,f33199688e863c9b,f33199688e863c9b
0,datasets\raw\Mango\Cutting Weevil\20211011_161931 (Custom) (Custom).jpg,datasets\raw\Mango\Cutting Weevil\20211011_161931 (Custom).jpg,f3f18c7c612fc083,f3f18c7c612fc083
0,datasets\raw\Mango\Cutting Weevil\20211011_161934 (Custom) (Custom).jpg,datasets\raw\Mango\Cutting Weevil\20211011_161934 (Custom).jpg,ce18916fba360d93,ce18916fba360d93
0,datasets\raw\Mango\Cutting Weevil\20211011_161934(0) (Custom) (Custom).jpg,datasets\raw\Mango\Cutting Weevil\20211011_161934(0) (Custom).jpg,ce98916fba360d83,ce98916fba360d83
0,datasets\raw\Mango\Cutting Weevil\20211011_161950 (Custom) (Custom).jpg,datasets\raw\Mango\Cutting Weevil\20211011_161950 (Custom).jpg,e992a4b1338bd956,e992a4b1338bd956
0,datasets\raw\Mango\Cutting Weevil\20211011_161952 (Custom) (Custom).jpg,datasets\raw\Mango\Cutting Weevil\20211011_161952 (Custom).jpg,e327d0f9c88c0f8e,e327d0f9c88c0f8e
0,datasets\raw\Mango\Cutting Weevil\20211011_161953 (Custom) (Custom).jpg,datasets\raw\Mango\Cutting Weevil\20211011_161953 (Custom).jpg,ff36d1e10c9c0ce4,ff36d1e10c9c0ce4
0,datasets\raw\Mango\Cutting Weevil\20211011_161954 (Custom) (Custom).jpg,datasets\raw\Mango\Cutting Weevil\20211011_161954 (Custom).jpg,f57cd80343e30c1f,f57cd80343e30c1f
0,datasets\raw\Mango\Cutting Weevil\20211011_161956 (Custom) (Custom).jpg,datasets\raw\Mango\Cutting Weevil\20211011_161956 (Custom).jpg,ff78d007c7e2083a,ff78d007c7e2083a
0,datasets\raw\Mango\Cutting Weevil\20211011_161957 (Custom) (Custom).jpg,datasets\raw\Mango\Cutting Weevil\20211011_161957 (Custom).jpg,f73382cce9c11e1c,f73382cce9c11e1c
0,datasets\raw\Mango\Cutting Weevil\20211011_161959 (Custom) (Custom).jpg,datasets\raw\Mango\Cutting Weevil\20211011_161959 (Custom).jpg,fe96c24961361e6c,fe96c24961361e6c
0,datasets\raw\Mango\Cutting Weevil\20211011_162009 (Custom) (Custom).jpg,datasets\raw\Mango\Cutting Weevil\20211011_162009 (Custom).jpg,c2b5926a7481feaa,c2b5926a7481feaa
0,datasets\raw\Mango\Cutting Weevil\20211011_162011 (Custom) (Custom).jpg,datasets\raw\Mango\Cutting Weevil\20211011_162011 (Custom).jpg,c4bb93686f80dba4,c4bb93686f80dba4
0,datasets\raw\Mango\Cutting Weevil\20211011_162013 (Custom) (Custom).jpg,datasets\raw\Mango\Cutting Weevil\20211011_162013 (Custom).jpg,edd11e28e7186b94,edd11e28e7186b94
0,datasets\raw\Mango\Cutting Weevil\20211011_162015 (Custom) (Custom).jpg,datasets\raw\Mango\Cutting Weevil\20211011_162015 (Custom).jpg,e1d699227aac47b2,e1d699227aac47b2
0,datasets\raw\Mango\Cutting Weevil\20211011_162016 (Custom) (Custom).jpg,datasets\raw\Mango\Cutting Weevil\20211011_162016 (Custom).jpg,f996cc3933846399,f996cc3933846399
0,datasets\raw\Mango\Cutting Weevil\20211011_162021 (Custom) (Custom).jpg,datasets\raw\Mango\Cutting Weevil\20211011_162021 (Custom).jpg,c3b4987b36a949cc,c3b4987b36a949cc
0,datasets\raw\Mango\Cutting Weevil\20211011_162026 (Custom) (Custom).jpg,datasets\raw\Mango\Cutting Weevil\20211011_162026 (Custom).jpg,e1cc913ecd310edc,e1cc913ecd310edc
0,datasets\raw\Mango\Cutting Weevil\20211011_162026(0) (Custom) (Custom).jpg,datasets\raw\Mango\Cutting Weevil\20211011_162026(0) (Custom).jpg,fcc38c61129c659f,fcc38c61129c659f
0,datasets\raw\Mango\Cutting Weevil\20211011_162048 (Custom) (Custom).jpg,datasets\raw\Mango\Cutting Weevil\20211011_162048 (Custom).jpg,fcc386692796c13c,fcc386692796c13c
0,datasets\raw\Mango\Cutting Weevil\20211011_162049 (Custom) (Custom).jpg,datasets\raw\Mango\Cutting Weevil\20211011_162049 (Custom).jpg,dfc19a7c78033866,dfc19a7c78033866
0,datasets\raw\Mango\Cutting Weevil\20211011_162051 (Custom) (Custom).jpg,datasets\raw\Mango\Cutting Weevil\20211011_162051 (Custom).jpg,f8c78678e33c18c3,f8c78678e33c18c3
0,datasets\raw\Mango\Cutting Weevil\20211011_162055 (Custom) (Custom).jpg,datasets\raw\Mango\Cutting Weevil\20211011_162055 (Custom).jpg,f60e9571c1d0cc67,f60e9571c1d0cc67
0,datasets\raw\Mango\Cutting Weevil\20211011_162058 (Custom) (Custom).jpg,datasets\raw\Mango\Cutting Weevil\20211011_162058 (Custom).jpg,e69be1580f2770d8,e69be1580f2770d8
0,datasets\raw\Mango\Cutting Weevil\20211011_162101 (Custom) (Custom).jpg,datasets\raw\Mango\Cutting Weevil\20211011_162101 (Custom).jpg,ffe08768b00fe027,ffe08768b00fe027
0,datasets\raw\Mango\Cutting Weevil\20211011_162103 (Custom) (Custom).jpg,datasets\raw\Mango\Cutting Weevil\20211011_162103 (Custom).jpg,f8c79c79a11cc334,f8c79c79a11cc334
0,datasets\raw\Mango\Cutting Weevil\20211011_162110 (Custom) (Custom).jpg,datasets\raw\Mango\Cutting Weevil\20211011_162110 (Custom).jpg,e396986c0e4bf174,e396986c0e4bf174
0,datasets\raw\Mango\Cutting Weevil\20211011_162115 (Custom) (Custom).jpg,datasets\raw\Mango\Cutting Weevil\20211011_162115 (Custom).jpg,f3d1cc2cd8c32479,f3d1cc2cd8c32479
0,datasets\raw\Mango\Cutting Weevil\20211011_162120 (Custom) (Custom).jpg,datasets\raw\Mango\Cutting Weevil\20211011_162120 (Custom).jpg,e9469db9c6390ac6,e9469db9c6390ac6
0,datasets\raw\Mango\Cutting Weevil\20211011_162125 (Custom) (Custom).jpg,datasets\raw\Mango\Cutting Weevil\20211011_162125 (Custom).jpg,efd01a2dc63bc40b,efd01a2dc63bc40b
0,datasets\raw\Mango\Cutting Weevil\20211011_162125(0) (Custom) (Custom).jpg,datasets\raw\Mango\Cutting Weevil\20211011_162125(0) (Custom).jpg,e7d00a3dc63bc40f,e7d00a3dc63bc40f
0,datasets\raw\Mango\Cutting Weevil\20211011_162127 (Custom) (Custom).jpg,datasets\raw\Mango\Cutting Weevil\20211011_162127 (Custom).jpg,ec9b6638c9c6354a,ec9b6638c9c6354a
0,datasets\raw\Mango\Cutting Weevil\20211011_162130 (Custom) (Custom).jpg,datasets\raw\Mango\Cutting Weevil\20211011_162130 (Custom).jpg,c38cf908a5fe229d,c38cf908a5fe229d
0,datasets\raw\Mango\Cutting Weevil\20211011_162131 (Custom) (Custom).jpg,datasets\raw\Mango\Cutting Weevil\20211011_162131 (Custom).jpg,f38c93cf6430c19e,f38c93cf6430c19e
0,datasets\raw\Mango\Cutting Weevil\20211011_162131(0) (Custom) (Custom).jpg,datasets\raw\Mango\Cutting Weevil\20211011_162131(0) (Custom).jpg,fa9e8163d8390e4b,fa9e8163d8390e4b
0,datasets\raw\Mango\Cutting Weevil\20211011_162132 (Custom) (Custom).jpg,datasets\raw\Mango\Cutting Weevil\20211011_162132 (Custom).jpg,d683bca75819c639,d683bca75819c639
0,datasets\raw\Mango\Cutting Weevil\20211011_162133 (Custom) (Custom).jpg,datasets\raw\Mango\Cutting Weevil\20211011_162133 (Custom).jpg,ede518369e09e239,ede518369e09e239
0,datasets\raw\Mango\Cutting Weevil\20211011_162146 (Custom) (Custom).jpg,datasets\raw\Mango\Cutting Weevil\20211011_162146 (Custom).jpg,e7999c6e86532d30,e7999c6e86532d30
0,datasets\raw\Mango\Cutting Weevil\20211011_162150 (Custom) (Custom).jpg,datasets\raw\Mango\Cutting Weevil\20211011_162150 (Custom).jpg,f1ce8738c239c636,f1ce8738c239c636
0,datasets\raw\Mango\Cutting Weevil\20211011_162155 (Custom) (Custom).jpg,datasets\raw\Mango\Cutting Weevil\20211011_162155 (Custom).jpg,f7886599640bd837,f7886599640bd837
0,datasets\raw\Mango\Cutting Weevil\20211011_162158 (Custom) (Custom).jpg,datasets\raw\Mango\Cutting Weevil\20211011_162158 (Custom).jpg,c619b25cd926a6ab,c619b25cd926a6ab
0,datasets\raw\Mango\Cutting Weevil\20211011_162204 (Custom) (Custom).jpg,datasets\raw\Mango\Cutting Weevil\20211011_162204 (Custom).jpg,ee89b57a1b839864,ee89b57a1b839864
0,datasets\raw\Mango\Cutting Weevil\20211011_162209 (Custom) (Custom).jpg,datasets\raw\Mango\Cutting Weevil\20211011_162209 (Custom).jpg,f9c79836c738c390,f9c79836c738c390
0,datasets\raw\Mango\Cutting Weevil\20211011_162213 (Custom) (Custom).jpg,datasets\raw\Mango\Cutting Weevil\20211011_162213 (Custom).jpg,e192956dce18b167,e192956dce18b167
0,datasets\raw\Mango\Cutting Weevil\20211011_162216 (Custom) (Custom).jpg,datasets\raw\Mango\Cutting Weevil\20211011_162216 (Custom).jpg,e699954679a59962,e699954679a59962
0,datasets\raw\Mango\Cutting Weevil\20211011_162221 (Custom) (Custom).jpg,datasets\raw\Mango\Cutting Weevil\20211011_162221 (Custom).jpg,e9869936c23d67c8,e9869936c23d67c8
0,datasets\raw\Mango\Cutting Weevil\20211011_162308 (Custom) (Custom).jpg,datasets\raw\Mango\Cutting Weevil\20211011_162308 (Custom).jpg,ccb2996466999967,ccb2996466999967
0,datasets\raw\Mango\Cutting Weevil\20211011_162329 (Custom) (Custom).jpg,datasets\raw\Mango\Cutting Weevil\20211011_162329 (Custom).jpg,cdb659265a9d4265,cdb659265a9d4265
0,datasets\raw\Mango\Cutting Weevil\20211011_162355 (Custom) (Custom).jpg,datasets\raw\Mango\Cutting Weevil\20211011_162355 (Custom).jpg,e69399463566d934,e69399463566d934
0,datasets\raw\Mango\Cutting Weevil\20211011_162356 (Custom) (Custom).jpg,datasets\raw\Mango\Cutting Weevil\20211011_162356 (Custom).jpg,e7d88c69843f6187,e7d88c69843f6187
0,datasets\raw\Mango\Cutting Weevil\20211011_162359 (Custom) (Custom).jpg,datasets\raw\Mango\Cutting Weevil\20211011_162359 (Custom).jpg,f3f9844fc0863f60,f3f9844fc0863f60
0,datasets\raw\Mango\Cutting Weevil\20211011_162403 (Custom) (Custom).jpg,datasets\raw\Mango\Cutting Weevil\20211011_162403 (Custom).jpg,f83686c70369d387,f83686c70369d387
0,datasets\raw\Mango\Cutting Weevil\20211011_162404 (Custom) (Custom).jpg,datasets\raw\Mango\Cutting Weevil\20211011_162404 (Custom).jpg,f878cbcf30919326,f878cbcf30919326
0,datasets\raw\Mango\Cutting Weevil\20211011_162406 (Custom) (Custom).jpg,datasets\raw\Mango\Cutting Weevil\20211011_162406 (Custom).jpg,fc71c16677991164,fc71c16677991164
0,datasets\raw\Mango\Cutting Weevil\20211011_162410 (Custom) (Custom).jpg,datasets\raw\Mango\Cutting Weevil\20211011_162410 (Custom).jpg,f6f0c03f20c13e3e,f6f0c03f20c13e3e
0,datasets\raw\Mango\Cutting Weevil\20211011_162411 (Custom) (Custom).jpg,datasets\raw\Mango\Cutting Weevil\20211011_162411 (Custom).jpg,f139fce7270606c1,f139fce7270606c1
0,datasets\raw\Mango\Cutting Weevil\20211011_162413 (Custom) (Custom).jpg,datasets\raw\Mango\Cutting Weevil\20211011_162413 (Custom).jpg,c405830727fb1b9f,c405830727fb1b9f
0,datasets\raw\Mango\Cutting Weevil\20211011_162415 (Custom) (Custom).jpg,datasets\raw\Mango\Cutting Weevil\20211011_162415 (Custom).jpg,e53dd9c306f43292,e53dd9c306f43292
0,datasets\raw\Mango\Cutting Weevil\20211011_162417 (Custom) (Custom).jpg,datasets\raw\Mango\Cutting Weevil\20211011_162417 (Custom).jpg,ed84bb6618a3c678,ed84bb6618a3c678
0,datasets\raw\Mango\Cutting Weevil\20211011_162419 (Custom) (Custom).jpg,datasets\raw\Mango\Cutting Weevil\20211011_162419 (Custom).jpg,e58eb36678a38472,e58eb36678a38472
0,datasets\raw\Mango\Cutting Weevil\20211011_162423 (Custom) (Custom).jpg,datasets\raw\Mango\Cutting Weevil\20211011_162423 (Custom).jpg,df86c0681f57e4b0,df86c0681f57e4b0
0,datasets\raw\Mango\Cutting Weevil\20211011_162424 (Custom) (Custom).jpg,datasets\raw\Mango\Cutting Weevil\20211011_162424 (Custom).jpg,d550d734a5cda8b2,d550d734a5cda8b2
0,datasets\raw\Mango\Cutting Weevil\20211011_162425 (Custom) (Custom).jpg,datasets\raw\Mango\Cutting Weevil\20211011_162425 (Custom).jpg,f18e9962b6588c73,f18e9962b6588c73
0,datasets\raw\Mango\Cutting Weevil\20211011_162428 (Custom) (Custom).jpg,datasets\raw\Mango\Cutting Weevil\20211011_162428 (Custom).jpg,f293cc3349d6632c,f293cc3349d6632c
0,datasets\raw\Mango\Cutting Weevil\20211011_162428(0) (Custom) (Custom).jpg,datasets\raw\Mango\Cutting Weevil\20211011_162428(0) (Custom).jpg,f9864c31c8673b6c,f9864c31c8673b6c
0,datasets\raw\Mango\Cutting Weevil\20211011_162431 (Custom) (Custom).jpg,datasets\raw\Mango\Cutting Weevil\20211011_162431 (Custom).jpg,f1bc8e43b3945c29,f1bc8e43b3945c29
0,datasets\raw\Mango\Cutting Weevil\20211011_162432 (Custom) (Custom).jpg,datasets\raw\Mango\Cutting Weevil\20211011_162432 (Custom).jpg,f1b6c56ab4c8a513,f1b6c56ab4c8a513
0,datasets\raw\Mango\Cutting Weevil\20211011_162433 (Custom) (Custom).jpg,datasets\raw\Mango\Cutting Weevil\20211011_162433 (Custom).jpg,f4b7c8255299966a,f4b7c8255299966a
0,datasets\raw\Mango\Cutting Weevil\20211011_162433(0) (Custom) (Custom).jpg,datasets\raw\Mango\Cutting Weevil\20211011_162433(0) (Custom).jpg,e6bd99ad106b844e,e6bd99ad106b844e
0,datasets\raw\Mango\Cutting Weevil\20211011_162434 (Custom) (Custom).jpg,datasets\raw\Mango\Cutting Weevil\20211011_162434 (Custom).jpg,e8b6892752b5ce51,e8b6892752b5ce51
0,datasets\raw\Mango\Cutting Weevil\20211011_162434(0) (Custom) (Custom).jpg,datasets\raw\Mango\Cutting Weevil\20211011_162434(0) (Custom).jpg,e0b798a772599466,e0b798a772599466
0,datasets\raw\Mango\Cutting Weevil\20211011_162436 (Custom) (Custom).jpg,datasets\raw\Mango\Cutting Weevil\20211011_162436 (Custom).jpg,e0b7996512ad46ad,e0b7996512ad46ad
0,datasets\raw\Mango\Cutting Weevil\20211011_162437 (Custom) (Custom).jpg,datasets\raw\Mango\Cutting Weevil\20211011_162437 (Custom).jpg,c6bd902e44db35a6,c6bd902e44db35a6
0,datasets\raw\Mango\Cutting Weevil\20211011_162445 (Custom) (Custom).jpg,datasets\raw\Mango\Cutting Weevil\20211011_162445 (Custom).jpg,c0ff867a35c68d30,c0ff867a35c68d30
0,datasets\raw\Mango\Cutting Weevil\20211011_162454 (Custom) (Custom).jpg,datasets\raw\Mango\Cutting Weevil\20211011_162454 (Custom).jpg,cdf99614e2027dc3,cdf99614e2027dc3
0,datasets\raw\Mango\Cutting Weevil\20211011_162454(0) (Custom) (Custom).jpg,datasets\raw\Mango\Cutting Weevil\20211011_162454(0) (Custom).jpg,c6991d6ca35d28d3,c6991d6ca35d28d3
0,datasets\raw\Mango\Cutting Weevil\20211011_162455 (Custom) (Custom).jpg,datasets\raw\Mango\Cutting Weevil\20211011_162455 (Custom).jpg,f6899946a0572ee5,f6899946a0572ee5
0,datasets\raw\Mango\Cutting Weevil\20211011_162456 (Custom) (Custom).jpg,datasets\raw\Mango\Cutting Weevil\20211011_162456 (Custom).jpg,fa95c65bb4422e92,fa95c65bb4422e92
0,datasets\raw\Mango\Cutting Weevil\20211011_162457 (Custom) (Custom).jpg,datasets\raw\Mango\Cutting Weevil\20211011_162457 (Custom).jpg,f6c887277896258b,f6c887277896258b
0,datasets\raw\Mango\Cutting Weevil\20211011_162500 (Custom) (Custom).jpg,datasets\raw\Mango\Cutting Weevil\20211011_162500 (Custom).jpg,e6d984af29525e64,e6d984af29525e64
0,datasets\raw\Mango\Cutting Weevil\20211011_162501 (Custom) (Custom).jpg,datasets\raw\Mango\Cutting Weevil\20211011_162501 (Custom).jpg,fc8386732d389365,fc8386732d389365
0,datasets\raw\Mango\Cutting Weevil\20211011_162501(0) (Custom) (Custom).jpg,datasets\raw\Mango\Cutting Weevil\20211011_162501(0) (Custom).jpg,f4d38c76613886ce,f4d38c76613886ce
0,datasets\raw\Mango\Cutting Weevil\20211011_162502 (Custom) (Custom).jpg,datasets\raw\Mango\Cutting Weevil\20211011_162502 (Custom).jpg,edd0a69d60cb3ac1,edd0a69d60cb3ac1
0,datasets\raw\Mango\Cutting Weevil\20211011_162503 (Custom) (Custom).jpg,datasets\raw\Mango\Cutting Weevil\20211011_162503 (Custom).jpg,e6c199de610e70c7,e6c199de610e70c7
0,datasets\raw\Mango\Cutting Weevil\20211011_162503(0) (Custom) (Custom).jpg,datasets\raw\Mango\Cutting Weevil\20211011_162503(0) (Custom).jpg,e6d9851be09b3ce0,e6d9851be09b3ce0
0,datasets\raw\Mango\Cutting Weevil\20211011_162505 (Custom) (Custom).jpg,datasets\raw\Mango\Cutting Weevil\20211011_162505 (Custom).jpg,e996857ab1b64aa4,e996857ab1b64aa4
0,datasets\raw\Mango\Cutting Weevil\20211011_162516 (Custom) (Custom).jpg,datasets\raw\Mango\Cutting Weevil\20211011_162516 (Custom).jpg,ccb38d96734c9447,ccb38d96734c9447
0,datasets\raw\Mango\Cutting Weevil\20211011_162517 (Custom) (Custom).jpg,datasets\raw\Mango\Cutting Weevil\20211011_162517 (Custom).jpg,ecd28b1ce10f3cd1,ecd28b1ce10f3cd1
0,datasets\raw\Mango\Cutting Weevil\20211011_162518(0) (Custom) (Custom).jpg,datasets\raw\Mango\Cutting Weevil\20211011_162518(0) (Custom).jpg,e0d986ad33cac674,e0d986ad33cac674
0,datasets\raw\Mango\Cutting Weevil\20211011_162519 (Custom) (Custom).jpg,datasets\raw\Mango\Cutting Weevil\20211011_162519 (Custom).jpg,f0cd833638c5c73a,f0cd833638c5c73a
0,datasets\raw\Mango\Cutting Weevil\20211011_162521 (Custom) (Custom).jpg,datasets\raw\Mango\Cutting Weevil\20211011_162521 (Custom).jpg,e2d9849f606d5ba4,e2d9849f606d5ba4
0,datasets\raw\Mango\Cutting Weevil\20211011_162523 (Custom) (Custom).jpg,datasets\raw\Mango\Cutting Weevil\20211011_162523 (Custom).jpg,f39c810d56f08d3e,f39c810d56f08d3e
0,datasets\raw\Mango\Cutting Weevil\20211011_162523(0) (Custom) (Custom).jpg,datasets\raw\Mango\Cutting Weevil\20211011_162523(0) (Custom).jpg,f299ce275398265a,f299ce275398265a
0,datasets\raw\Mango\Cutting Weevil\20211011_162524 (Custom) (Custom).jpg,datasets\raw\Mango\Cutting Weevil\20211011_162524 (Custom).jpg,f1dec671009e3867,f1dec671009e3867
0,datasets\raw\Mango\Cutting Weevil\20211011_162525 (Custom) (Custom).jpg,datasets\raw\Mango\Cutting Weevil\20211011_162525 (Custom).jpg,f3d8864f60b17b44,f3d8864f60b17b44
0,datasets\raw\Mango\Cutting Weevil\20211011_162526 (Custom) (Custom).jpg,datasets\raw\Mango\Cutting Weevil\20211011_162526 (Custom).jpg,ee94c39439a5c336,ee94c39439a5c336
0,datasets\raw\Mango\Cutting Weevil\20211011_162527 (Custom) (Custom).jpg,datasets\raw\Mango\Cutting Weevil\20211011_162527 (Custom).jpg,e68c91e6792fd221,e68c91e6792fd221
0,datasets\raw\Mango\Cutting Weevil\20211011_162528 (Custom) (Custom).jpg,datasets\raw\Mango\Cutting Weevil\20211011_162528 (Custom).jpg,e1de097302ed9279,e1de097302ed9279
0,datasets\raw\Mango\Cutting Weevil\20211011_162530 (Custom) (Custom).jpg,datasets\raw\Mango\Cutting Weevil\20211011_162530 (Custom).jpg,f398c747629a7047,f398c747629a7047
0,datasets\raw\Mango\Cutting Weevil\20211011_162530(0) (Custom) (Custom).jpg,datasets\raw\Mango\Cutting Weevil\20211011_162530(0) (Custom).jpg,fb84c11ab1c61ee5,fb84c11ab1c61ee5
0,datasets\raw\Mango\Cutting Weevil\20211011_162532 (Custom) (Custom).jpg,datasets\raw\Mango\Cutting Weevil\20211011_162532 (Custom).jpg,f1dec823bb0426d9,f1dec823bb0426d9
0,datasets\raw\Mango\Cutting Weevil\20211011_162552 (Custom) (Custom).jpg,datasets\raw\Mango\Cutting Weevil\20211011_162552 (Custom).jpg,e2dc9b6668969319,e2dc9b6668969319
0,datasets\raw\Mango\Cutting Weevil\20211011_162553 (Custom) (Custom).jpg,datasets\raw\Mango\Cutting Weevil\20211011_162553 (Custom).jpg,f3cc99c66619c331,f3cc99c66619c331
0,datasets\raw\Mango\Cutting Weevil\20211011_162612 (Custom) (Custom).jpg,datasets\raw\Mango\Cutting Weevil\20211011_162612 (Custom).jpg,e7997c234d989233,e7997c234d989233
0,datasets\raw\Mango\Cutting Weevil\20211011_162616 (Custom) (Custom).jpg,datasets\raw\Mango\Cutting Weevil\20211011_162616 (Custom).jpg,e39d7c334c944b31,e39d7c334c944b31
0,datasets\raw\Mango\Cutting Weevil\20211011_162617(0) (Custom) (Custom).jpg,datasets\raw\Mango\Cutting Weevil\20211011_162617(0) (Custom).jpg,f28d6d334e99c630,f28d6d334e99c630
0,datasets\raw\Mango\Cutting Weevil\20211011_162620(0) (Custom) (Custom).jpg,datasets\raw\Mango\Cutting Weevil\20211011_162620(0) (Custom).jpg,e79c796462994665,e79c796462994665
0,datasets\raw\Mango\Cutting Weevil\20211011_162625 (Custom) (Custom).jpg,datasets\raw\Mango\Cutting Weevil\20211011_162625 (Custom).jpg,f986799c31c71c31,f986799c31c71c31
0,datasets\raw\Mango\Cutting Weevil\20211011_162625(0) (Custom) (Custom).jpg,datasets\raw\Mango\Cutting Weevil\20211011_162625(0) (Custom).jpg,e69966331966993c,e69966331966993c
0,datasets\raw\Mango\Cutting Weevil\20211011_170108 (Custom) (Custom).jpg,datasets\raw\Mango\Cutting Weevil\20211011_170108 (Custom).jpg,f38c166699744ecc,f38c166699744ecc
0,datasets\raw\Mango\Cutting Weevil\20211011_170138 (Custom) (Custom).jpg,datasets\raw\Mango\Cutting Weevil\20211011_170138 (Custom).jpg,f18f8cb1236c99c6,f18f8cb1236c99c6
0,datasets\raw\Mango\Cutting Weevil\20211011_170138 (Custom) (Custom).jpg,datasets\raw\Mango\Cutting Weevil\20211011_170139 (Custom) (Custom).jpg,f18f8cb1236c99c6,f18f8cb1236c99c6
0,datasets\raw\Mango\Cutting Weevil\20211011_170138 (Custom) (Custom).jpg,datasets\raw\Mango\Cutting Weevil\20211011_170139 (Custom).jpg,f18f8cb1236c99c6,f18f8cb1236c99c6
0,datasets\raw\Mango\Cutting Weevil\20211011_170138 (Custom).jpg,datasets\raw\Mango\Cutting Weevil\20211011_170139 (Custom) (Custom).jpg,f18f8cb1236c99c6,f18f8cb1236c99c6
0,datasets\raw\Mango\Cutting Weevil\20211011_170138 (Custom).jpg,datasets\raw\Mango\Cutting Weevil\20211011_170139 (Custom).jpg,f18f8cb1236c99c6,f18f8cb1236c99c6
0,datasets\raw\Mango\Cutting Weevil\20211011_170139 (Custom) (Custom).jpg,datasets\raw\Mango\Cutting Weevil\20211011_170139 (Custom).jpg,f18f8cb1236c99c6,f18f8cb1236c99c6
0,datasets\raw\Mango\Cutting Weevil\20211011_170153 (Custom) (Custom).jpg,datasets\raw\Mango\Cutting Weevil\20211011_170153 (Custom).jpg,f285cd3833c69c99,f285cd3833c69c99
0,datasets\raw\Mango\Cutting Weevil\20211011_170157 (Custom) (Custom).jpg,datasets\raw\Mango\Cutting Weevil\20211011_170157 (Custom).jpg,e39c99633c996631,e39c99633c996631
0,datasets\raw\Mango\Cutting Weevil\20211011_170252 (Custom) (Custom).jpg,datasets\raw\Mango\Cutting Weevil\20211011_170252 (Custom).jpg,f48799656cc39338,f48799656cc39338
0,datasets\raw\Mango\Cutting Weevil\20211011_170254 (Custom) (Custom).jpg,datasets\raw\Mango\Cutting Weevil\20211011_170254 (Custom).jpg,e4879b396cccc338,e4879b396cccc338
0,datasets\raw\Mango\Cutting Weevil\20211011_170534 (Custom) (Custom).jpg,datasets\raw\Mango\Cutting Weevil\20211011_170534 (Custom).jpg,e0b29f6d8a84837b,e0b29f6d8a84837b
0,datasets\raw\Mango\Cutting Weevil\20211011_170535 (Custom) (Custom).jpg,datasets\raw\Mango\Cutting Weevil\20211011_170535 (Custom).jpg,e188616cdfef0932,e188616cdfef0932
0,datasets\raw\Mango\Cutting Weevil\20211011_170538 (Custom) (Custom).jpg,datasets\raw\Mango\Cutting Weevil\20211011_170538 (Custom).jpg,cf970f63071bc522,cf970f63071bc522
0,datasets\raw\Mango\Cutting Weevil\20211011_170540 (Custom) (Custom).jpg,datasets\raw\Mango\Cutting Weevil\20211011_170540 (Custom).jpg,c116806fbc1bd769,c116806fbc1bd769
0,datasets\raw\Mango\Cutting Weevil\20211011_170546 (Custom) (Custom).jpg,datasets\raw\Mango\Cutting Weevil\20211011_170546 (Custom).jpg,c28091216edeff2d,c28091216edeff2d
0,datasets\raw\Mango\Cutting Weevil\IMG_20211011_140211 (Custom) (Custom).jpg,datasets\raw\Mango\Cutting Weevil\IMG_20211011_140211 (Custom).jpg,b636c0b607cfc1cc,b636c0b607cfc1cc
0,datasets\raw\Mango\Cutting Weevil\IMG_20211011_140224 (Custom) (Custom).jpg,datasets\raw\Mango\Cutting Weevil\IMG_20211011_140224 (Custom).jpg,e3addc98b0938d32,e3addc98b0938d32
0,datasets\raw\Mango\Die Back\20211129_160738 (Custom).jpg,datasets\raw\Mango\Die Back\20211129_160754 (Custom).jpg,e894976b30846b7b,e894976b30846b7b
0,datasets\raw\Mango\Die Back\20211129_161605 (Custom)(1).jpg,datasets\raw\Mango\Die Back\20211129_161605 (Custom).jpg,fb95846a33854a3e,fb95846a33854a3e
0,datasets\raw\Mango\Die Back\20211129_161600 (Custom)(1).jpg,datasets\raw\Mango\Die Back\20211129_161600 (Custom).jpg,ee93913c3ec3813c,ee93913c3ec3813c
0,datasets\raw\Mango\Die Back\20211129_161611 (Custom)(1).jpg,datasets\raw\Mango\Die Back\20211129_161611 (Custom).jpg,f49b89c4e23b391c,f49b89c4e23b391c
0,datasets\raw\Mango\Die Back\20211129_161616 (Custom)(1).jpg,datasets\raw\Mango\Die Back\20211129_161616 (Custom).jpg,f8c3873c70c78e98,f8c3873c70c78e98
0,datasets\raw\Mango\Die Back\20211129_161620 (Custom)(1).jpg,datasets\raw\Mango\Die Back\20211129_161620 (Custom).jpg,f3869c59ccccd854,f3869c59ccccd854
0,datasets\raw\Mango\Die Back\20211129_161628 (Custom)(1).jpg,datasets\raw\Mango\Die Back\20211129_161628 (Custom).jpg,f8c387b420cfda32,f8c387b420cfda32
0,datasets\raw\Mango\Die Back\20211129_161631 (Custom)(1).jpg,datasets\raw\Mango\Die Back\20211129_161631 (Custom).jpg,eb96c86b96c86513,eb96c86b96c86513
0,datasets\raw\Mango\Gall Midge\IMG_20211106_161445 (Custom).jpg,datasets\raw\Mango\Gall Midge\IMG_20211106_161445 - Copy (Custom).jpg,f33189c93c0cccf3,f33189c93c0cccf3
0,datasets\raw\Mango\Gall Midge\IMG_20211106_162842 (Custom).jpg,datasets\raw\Mango\Gall Midge\IMG_20211106_162842_1 (Custom).jpg,a86bca8a1ab63cf1,a86bca8a1ab63cf1
0,datasets\raw\Mango\Gall Midge\IMG_20211106_164032 (Custom).jpg,datasets\raw\Mango\Gall Midge\IMG_20211106_164032_1 (Custom).jpg,a3939c699ca6d964,a3939c699ca6d964
0,datasets\raw\PlantDoc\test\Blueberry leaf\Blueberry leaf (1).jpg,datasets\raw\PlantDoc\train\Blueberry leaf\Blueberry leaf (49).jpg,8821f58eaf1ff409,8821f58eaf1ff409
0,datasets\raw\PlantDoc\test\Corn Gray leaf spot\Corn Gray leaf spot (1).jpg,datasets\raw\PlantDoc\train\Corn leaf blight\Corn leaf blight (121).jpg,94666a994d251b3f,94666a994d251b3f
0,datasets\raw\PlantDoc\test\Corn leaf blight\Corn leaf blight (10).jpg,datasets\raw\PlantDoc\train\Corn Gray leaf spot\Corn Gray leaf spot (20).jpg,95859e52aaaa7715,95859e52aaaa7715
0,datasets\raw\PlantDoc\test\Corn leaf blight\Corn leaf blight (7).jpg,datasets\raw\PlantDoc\train\Corn Gray leaf spot\Corn Gray leaf spot (12).jpg,c0f82e7e58b09f0d,c0f82e7e58b09f0d
0,datasets\raw\PlantDoc\test\Potato leaf early blight\Potato leaf early blight (2).jpg,datasets\raw\PlantDoc\train\Potato leaf late blight\Potato leaf late blight (19).jpg,d7787c9178032dc6,d7787c9178032dc6
0,datasets\raw\PlantDoc\test\Potato leaf early blight\Potato leaf early blight (5).jpg,datasets\raw\PlantDoc\train\Tomato Early blight leaf\Tomato Early blight leaf (39).jpg,9875f2e3f24a8722,9875f2e3f24a8722
0,datasets\raw\PlantDoc\test\Potato leaf late blight\Potato leaf late blight (1).jpg,datasets\raw\PlantDoc\train\Potato leaf early blight\Potato leaf early blight (13).jpg,aad89505d277cb2a,aad89505d277cb2a
0,datasets\raw\PlantDoc\test\Potato leaf late blight\Potato leaf late blight (4).jpg,datasets\raw\PlantDoc\train\Potato leaf early blight\Potato leaf early blight (24).jpg,cfc3708b92570ba5,cfc3708b92570ba5
0,datasets\raw\PlantDoc\test\Potato leaf late blight\Potato leaf late blight (4).jpg,datasets\raw\PlantDoc\train\Tomato leaf late blight\Tomato leaf late blight (91).jpg,cfc3708b92570ba5,cfc3708b92570ba5
0,datasets\raw\PlantDoc\train\Potato leaf early blight\Potato leaf early blight (24).jpg,datasets\raw\PlantDoc\train\Tomato leaf late blight\Tomato leaf late blight (91).jpg,cfc3708b92570ba5,cfc3708b92570ba5
0,datasets\raw\PlantDoc\test\Potato leaf late blight\Potato leaf late blight (6).jpg,datasets\raw\PlantDoc\train\Potato leaf early blight\Potato leaf early blight (70).jpg,f56dc7909c92854e,f56dc7909c92854e
0,datasets\raw\PlantDoc\test\Tomato leaf bacterial spot\Tomato leaf bacterial spot (9).jpg,datasets\raw\PlantDoc\train\Tomato Septoria leaf spot\Tomato Septoria leaf spot (109).jpg,fe78e19452839cc6,fe78e19452839cc6
0,datasets\raw\PlantDoc\test\Tomato leaf late blight\Tomato leaf late blight (1).jpg,datasets\raw\PlantDoc\train\Tomato leaf late blight\Tomato leaf late blight (39).jpg,d41778c2675867cc,d41778c2675867cc
0,datasets\raw\PlantDoc\test\Tomato leaf yellow virus\Tomato leaf yellow virus (6).jpg,datasets\raw\PlantDoc\train\Tomato leaf yellow virus\Tomato leaf yellow virus (63).jpg,9be4e61d081bf0b6,9be4e61d081bf0b6
0,datasets\raw\PlantDoc\test\Tomato Septoria leaf spot\Tomato Septoria leaf spot (9).jpg,datasets\raw\PlantDoc\train\Tomato Septoria leaf spot\Tomato Septoria leaf spot (48).jpg,c88b5ce37fa88057,c88b5ce37fa88057
0,datasets\raw\PlantDoc\train\Apple Scab Leaf\Apple Scab Leaf (17).jpg,datasets\raw\PlantDoc\train\Apple Scab Leaf\Apple Scab Leaf (23).jpg,a53dc830c678d49f,a53dc830c678d49f
0,datasets\raw\PlantDoc\train\Bell_pepper leaf spot\Bell_pepper leaf spot (31).jpg,datasets\raw\PlantDoc\train\Bell_pepper leaf spot\Bell_pepper leaf spot (57).jpg,91c59c274513ad3f,91c59c274513ad3f
0,datasets\raw\PlantDoc\train\Bell_pepper leaf spot\Bell_pepper leaf spot (36).jpg,datasets\raw\PlantDoc\train\Bell_pepper leaf spot\Bell_pepper leaf spot (39).jpg,9af2ea5af1731218,9af2ea5af1731218
0,datasets\raw\PlantDoc\train\Bell_pepper leaf spot\Bell_pepper leaf spot (37).jpg,datasets\raw\PlantDoc\train\Bell_pepper leaf spot\Bell_pepper leaf spot (38).jpg,bf26c0018fd73e8c,bf26c0018fd73e8c
0,datasets\raw\PlantDoc\train\Cherry leaf\Cherry leaf (26).jpg,datasets\raw\PlantDoc\train\Cherry leaf\Cherry leaf (32).jpg,a0f341352decde91,a0f341352decde91
0,datasets\raw\PlantDoc\train\Corn Gray leaf spot\Corn Gray leaf spot (33).jpg,datasets\raw\PlantDoc\train\Corn leaf blight\Corn leaf blight (105).jpg,a3f33c6c9186355c,a3f33c6c9186355c
0,datasets\raw\PlantDoc\train\Corn leaf blight\Corn leaf blight (101).jpg,datasets\raw\PlantDoc\train\Corn leaf blight\Corn leaf blight (156).jpg,cc811bfe7cf842e0,cc811bfe7cf842e0
0,datasets\raw\PlantDoc\train\Corn leaf blight\Corn leaf blight (35).jpg,datasets\raw\PlantDoc\train\Corn leaf blight\Corn leaf blight (36).jpg,c92b411a563bdcf2,c92b411a563bdcf2
0,datasets\raw\PlantDoc\train\Corn rust leaf\Corn rust leaf (17).jpg,datasets\raw\PlantDoc\train\Corn rust leaf\Corn rust leaf (18).jpg,afd0e0c0f30780ff,afd0e0c0f30780ff
0,datasets\raw\PlantDoc\train\grape leaf black rot\grape leaf black rot (51).jpg,datasets\raw\PlantDoc\train\grape leaf black rot\grape leaf black rot (54).jpg,c23c3bc0ecc3bc33,c23c3bc0ecc3bc33
0,datasets\raw\PlantDoc\train\Potato leaf early blight\Potato leaf early blight (14).jpg,datasets\raw\PlantDoc\train\Potato leaf late blight\Potato leaf late blight (11).jpg,abd546420b2e6ee9,abd546420b2e6ee9
0,datasets\raw\PlantDoc\train\Potato leaf early blight\Potato leaf early blight (16).jpg,datasets\raw\PlantDoc\train\Potato leaf late blight\Potato leaf late blight (43).jpg,891af4a31adde48e,891af4a31adde48e
0,datasets\raw\PlantDoc\train\Potato leaf early blight\Potato leaf early blight (25).jpg,datasets\raw\PlantDoc\train\Potato leaf late blight\Potato leaf late blight (14).jpg,cb0f3e786420636f,cb0f3e786420636f
0,datasets\raw\PlantDoc\train\Potato leaf early blight\Potato leaf early blight (34).jpg,datasets\raw\PlantDoc\train\Tomato leaf late blight\Tomato leaf late blight (66).jpg,d6969ed0f10cc86e,d6969ed0f10cc86e
0,datasets\raw\PlantDoc\train\Potato leaf early blight\Potato leaf early blight (49).jpg,datasets\raw\PlantDoc\train\Tomato Early blight leaf\Tomato Early blight leaf (34).jpg,df2d6250e79ce8c0,df2d6250e79ce8c0
0,datasets\raw\PlantDoc\train\Potato leaf early blight\Potato leaf early blight (52).jpg,datasets\raw\PlantDoc\train\Tomato leaf late blight\Tomato leaf late blight (68).jpg,fc7c83a0cc93c42f,fc7c83a0cc93c42f
0,datasets\raw\PlantDoc\train\Potato leaf early blight\Potato leaf early blight (6).jpg,datasets\raw\PlantDoc\train\Tomato Early blight leaf\Tomato Early blight leaf (46).jpg,da6f3ea67a22414c,da6f3ea67a22414c
0,datasets\raw\PlantDoc\train\Potato leaf early blight\Potato leaf early blight (6).jpg,datasets\raw\PlantDoc\train\Tomato Early blight leaf\Tomato Early blight leaf (63).jpg,da6f3ea67a22414c,da6f3ea67a22414c
0,datasets\raw\PlantDoc\train\Tomato Early blight leaf\Tomato Early blight leaf (46).jpg,datasets\raw\PlantDoc\train\Tomato Early blight leaf\Tomato Early blight leaf (63).jpg,da6f3ea67a22414c,da6f3ea67a22414c
0,datasets\raw\PlantDoc\train\Potato leaf early blight\Potato leaf early blight (69).jpg,datasets\raw\PlantDoc\train\Tomato Septoria leaf spot\Tomato Septoria leaf spot (43).jpg,8bd7345d23ec2564,8bd7345d23ec2564
0,datasets\raw\PlantDoc\train\Potato leaf late blight\Potato leaf late blight (16).jpg,datasets\raw\PlantDoc\train\Potato leaf late blight\Potato leaf late blight (26).jpg,c3b8dea778942d50,c3b8dea778942d50
0,datasets\raw\PlantDoc\train\Potato leaf late blight\Potato leaf late blight (35).jpg,datasets\raw\PlantDoc\train\Tomato leaf late blight\Tomato leaf late blight (22).jpg,f8980c4dc03ed4df,f8980c4dc03ed4df
0,datasets\raw\PlantDoc\train\Potato leaf late blight\Potato leaf late blight (36).jpg,datasets\raw\PlantDoc\train\Tomato leaf late blight\Tomato leaf late blight (73).jpg,837f42aaf32354e4,837f42aaf32354e4
0,datasets\raw\PlantDoc\train\Potato leaf late blight\Potato leaf late blight (67).jpg,datasets\raw\PlantDoc\train\Potato leaf late blight\Potato leaf late blight (80).jpg,9bb337b8cb001c67,9bb337b8cb001c67
0,datasets\raw\PlantDoc\train\Potato leaf late blight\Potato leaf late blight (95).jpg,datasets\raw\PlantDoc\train\Tomato Early blight leaf\Tomato Early blight leaf (7).jpg,cf3b6e813459701e,cf3b6e813459701e
0,datasets\raw\PlantDoc\train\Raspberry leaf\Raspberry leaf (4).jpg,datasets\raw\PlantDoc\train\Raspberry leaf\Raspberry leaf (92).jpg,c3674d03afe1129d,c3674d03afe1129d
0,datasets\raw\PlantDoc\train\Squash Powdery mildew leaf\Squash Powdery mildew leaf (113).jpg,datasets\raw\PlantDoc\train\Squash Powdery mildew leaf\Squash Powdery mildew leaf (114).jpg,c2982dc8f569faa8,c2982dc8f569faa8
0,datasets\raw\PlantDoc\train\Squash Powdery mildew leaf\Squash Powdery mildew leaf (33).jpg,datasets\raw\PlantDoc\train\Squash Powdery mildew leaf\Squash Powdery mildew leaf (5).jpg,83493ff86037f306,83493ff86037f306
0,datasets\raw\PlantDoc\train\Tomato Early blight leaf\Tomato Early blight leaf (14).jpg,datasets\raw\PlantDoc\train\Tomato Septoria leaf spot\Tomato Septoria leaf spot (36).jpg,971162d8c7e91a79,971162d8c7e91a79
0,datasets\raw\PlantDoc\train\Tomato Early blight leaf\Tomato Early blight leaf (28).jpg,datasets\raw\PlantDoc\train\Tomato Early blight leaf\Tomato Early blight leaf (30).jpg,cc112e5c339ef02f,cc112e5c339ef02f
0,datasets\raw\PlantDoc\train\Tomato Early blight leaf\Tomato Early blight leaf (52).jpg,datasets\raw\PlantDoc\train\Tomato Septoria leaf spot\Tomato Septoria leaf spot (59).jpg,a19672781ee3c17a,a19672781ee3c17a
0,datasets\raw\PlantDoc\train\Tomato Early blight leaf\Tomato Early blight leaf (55).jpg,datasets\raw\PlantDoc\train\Tomato leaf late blight\Tomato leaf late blight (82).jpg,8c329557e2b6a19d,8c329557e2b6a19d
0,datasets\raw\PlantDoc\train\Tomato leaf bacterial spot\Tomato leaf bacterial spot (52).jpg,datasets\raw\PlantDoc\train\Tomato leaf bacterial spot\Tomato leaf bacterial spot (53).jpg,a90a6252de73a9da,a90a6252de73a9da
0,datasets\raw\PlantDoc\train\Tomato leaf bacterial spot\Tomato leaf bacterial spot (63).jpg,datasets\raw\PlantDoc\train\Tomato Septoria leaf spot\Tomato Septoria leaf spot (62).jpg,d7b969c77000baa5,d7b969c77000baa5
0,datasets\raw\PlantDoc\train\Tomato leaf bacterial spot\Tomato leaf bacterial spot (86).jpg,datasets\raw\PlantDoc\train\Tomato Septoria leaf spot\Tomato Septoria leaf spot (103).jpg,972150732be2cc9f,972150732be2cc9f
0,datasets\raw\PlantDoc\train\Tomato leaf late blight\Tomato leaf late blight (20).jpg,datasets\raw\PlantDoc\train\Tomato leaf late blight\Tomato leaf late blight (6).jpg,8e0593da957aad43,8e0593da957aad43
0,datasets\raw\PlantDoc\train\Tomato leaf late blight\Tomato leaf late blight (44).jpg,datasets\raw\PlantDoc\train\Tomato leaf late blight\Tomato leaf late blight (5).jpg,e2e21df848c6bc1b,e2e21df848c6bc1b
0,datasets\raw\PlantDoc\train\Tomato leaf late blight\Tomato leaf late blight (72).jpg,datasets\raw\PlantDoc\train\Tomato leaf late blight\Tomato leaf late blight (87).jpg,d54b4a4d93a685b3,d54b4a4d93a685b3
0,datasets\raw\PlantDoc\train\Tomato leaf yellow virus\Tomato leaf yellow virus (48).jpg,datasets\raw\PlantDoc\train\Tomato mold leaf\Tomato mold leaf (85).jpg,a25dfb240df76409,a25dfb240df76409
0,datasets\raw\PlantDoc\train\Tomato Septoria leaf spot\Tomato Septoria leaf spot (124).jpg,datasets\raw\PlantDoc\train\Tomato Septoria leaf spot\Tomato Septoria leaf spot (125).jpg,802e81defd19e33c,802e81defd19e33c
0,datasets\raw\PlantDoc\train\Tomato Septoria leaf spot\Tomato Septoria leaf spot (126).jpg,datasets\raw\PlantDoc\train\Tomato Septoria leaf spot\Tomato Septoria leaf spot (127).jpg,d0244d7c278d1b9f,d0244d7c278d1b9f
0,datasets\raw\PlantDoc\train\Tomato Septoria leaf spot\Tomato Septoria leaf spot (136).jpg,datasets\raw\PlantDoc\train\Tomato Septoria leaf spot\Tomato Septoria leaf spot (51).jpg,9001fcf89fbc9552,9001fcf89fbc9552
0,datasets\raw\PlantDoc\train\Tomato Septoria leaf spot\Tomato Septoria leaf spot (4).jpg,datasets\raw\PlantDoc\train\Tomato Septoria leaf spot\Tomato Septoria leaf spot (49).jpg,d9ecb998536d6098,d9ecb998536d6098
0,datasets\raw\PlantVillage\Tomato_healthy\068e324c-faf6-40d6-8f83-578907f1cac5___GH_HL Leaf 466.1.JPG,datasets\raw\PlantVillage\Tomato_healthy\34c81c57-e1fa-49dd-a49d-34fe8b2385fe___GH_HL Leaf 466.1.JPG,8cf3f6ca1a0dc13c,8cf3f6ca1a0dc13c
0,datasets\raw\PlantVillage\Tomato_healthy\1af0bfe1-4bcf-4b8b-be66-5d0953eb647e___GH_HL Leaf 482.2.JPG,datasets\raw\PlantVillage\Tomato_healthy\cfd491d6-4af5-4728-8f0e-0d330a07174a___GH_HL Leaf 482.2.JPG,8cf171cd06c6732e,8cf171cd06c6732e
0,datasets\raw\PlantVillage\Tomato_healthy\37203047-d8ba-43f7-b31e-d496c41c569c___GH_HL Leaf 389.JPG,datasets\raw\PlantVillage\Tomato_healthy\505465db-407b-4e0a-8110-7479dad5261c___GH_HL Leaf 389.JPG,cca3c69cb1cab68c,cca3c69cb1cab68c
0,datasets\raw\PlantVillage\Tomato_healthy\37aad83b-7ff8-4b35-b3ed-fb8e0f54910b___GH_HL Leaf 342.1.JPG,datasets\raw\PlantVillage\Tomato_healthy\e786ac89-29fe-47e3-b49e-b9a9ee7edd9d___GH_HL Leaf 342.1.JPG,c8b531867f49a45b,c8b531867f49a45b
0,datasets\raw\PlantVillage\Tomato_healthy\488feb1c-4b9f-44e7-8aa6-4103a9601f5f___GH_HL Leaf 434.JPG,datasets\raw\PlantVillage\Tomato_healthy\a5de43e7-fc2f-4a14-a8e6-c0f2f94c84f1___GH_HL Leaf 434.JPG,acf693c985c93692,acf693c985c93692
0,datasets\raw\PlantVillage\Tomato_healthy\9662364c-aaba-45e3-b907-10792d60578c___GH_HL Leaf 220.JPG,datasets\raw\PlantVillage\Tomato_healthy\d2ce7896-6fa4-45e6-96c5-d162da0e3e1c___GH_HL Leaf 220.JPG,f9b2e0df8cc8246c,f9b2e0df8cc8246c
0,datasets\raw\PlantVillage\Tomato_Late_blight\1a69b38b-c4eb-42c4-9584-bcb14fb8db0c___GHLB2 Leaf 9011.JPG,datasets\raw\PlantVillage\Tomato_Late_blight\2c47b891-3c97-48f1-a2cc-5aa53d3a1148___GHLB2 Leaf 9011.JPG,f4920fcd393266b2,f4920fcd393266b2
0,datasets\raw\PlantVillage\Tomato_Late_blight\3fae9c64-18f0-4a67-9f97-554248bb1bed___GHLB_PS Leaf 24 Day 16.jpg,datasets\raw\PlantVillage\Tomato_Late_blight\5de6da85-f8c4-48c4-b463-3e6bd78884cc___GHLB_PS Leaf 24 Day 16.jpg,9cc7653836c6693c,9cc7653836c6693c
0,datasets\raw\PlantVillage\Tomato_Late_blight\48c55974-9fe9-4f4b-94f7-c8cd127d1e05___GHLB_PS Leaf 23.7 Day 13.jpg,datasets\raw\PlantVillage\Tomato_Late_blight\bd4f09bd-ee85-4ab1-bce0-8cde3fdd7f1b___GHLB_PS Leaf 23.7 Day 13.jpg,9931664c736639e6,9931664c736639e6
0,datasets\raw\PlantVillage\Tomato_Late_blight\5688ea99-c949-41d0-bbab-9cbf0ffb8bcd___GHLB2 Leaf 8677.JPG,datasets\raw\PlantVillage\Tomato_Late_blight\e20107e7-137f-400e-817f-5dc4c58e5d70___GHLB2 Leaf 8677.JPG,a4cd5b36169b5331,a4cd5b36169b5331
0,datasets\raw\PlantVillage\Tomato_Late_blight\5f21282c-e2ef-4c4a-ace1-b5701fe7effc___GHLB2 Leaf 8999.JPG,datasets\raw\PlantVillage\Tomato_Late_blight\e5d707cd-077c-43af-bda9-6138e516ff51___GHLB2 Leaf 8999.JPG,ad8e53b14cc65999,ad8e53b14cc65999
0,datasets\raw\PlantVillage\Tomato_Late_blight\861d8b00-57a4-46b0-b51a-09d102dbe119___GHLB_PS Leaf 24 Day 13.jpg,datasets\raw\PlantVillage\Tomato_Late_blight\d82b634e-9a19-497b-b698-aaf100d622a1___GHLB_PS Leaf 24 Day 13.jpg,c8e7653c32c1619f,c8e7653c32c1619f
0,datasets\raw\PlantVillage\Tomato_Late_blight\98586693-fe1f-4ea0-8e27-4501b61cf09b___GHLB_PS Leaf 23.5 Day 13.jpg,datasets\raw\PlantVillage\Tomato_Late_blight\c1775bad-7c02-41fb-bb7d-f8df91d60ac3___GHLB_PS Leaf 23.5 Day 13.jpg,9be46d9238193c3e,9be46d9238193c3e
0,datasets\raw\PlantVillage\Tomato_Late_blight\d6e6897a-5083-4914-9903-804c5684a956___GHLB2 Leaf 102.JPG,datasets\raw\PlantVillage\Tomato_Late_blight\d81682aa-746b-4e07-af2b-52ebb6f4c017___GHLB2 Leaf 102.JPG,c1553fca32c43967,c1553fca32c43967
0,datasets\raw\Rice\Brown Spot\20231006_165801(0).jpg,datasets\raw\Rice\Brown Spot\20231006_165801.jpg,de4c66e36332a0d6,de4c66e36332a0d6
0,datasets\raw\Rice\Brown Spot\Brown_spot (131).jpg,datasets\raw\Rice\Brown Spot\Brown_spot (132).jpg,e2835578d89c3e6a,e2835578d89c3e6a
0,datasets\raw\Rice\Brown Spot\Brown_spot (133).jpg,datasets\raw\Rice\Brown Spot\Brown_spot (134).jpg,ce844663d3991d7c,ce844663d3991d7c
0,datasets\raw\Rice\Brown Spot\Brown_spot (135).jpg,datasets\raw\Rice\Brown Spot\Brown_spot (136).jpg,e9bb2943c4853e74,e9bb2943c4853e74
0,datasets\raw\Rice\Brown Spot\IMG_20231018_143709 - Copy.jpg,datasets\raw\Rice\Brown Spot\IMG_20231018_143709.jpg,eec66e747a810273,eec66e747a810273
0,datasets\raw\Rice\Brown Spot\IMG_20231018_143710 - Copy.jpg,datasets\raw\Rice\Brown Spot\IMG_20231018_143710.jpg,ee46ecf51a62c232,ee46ecf51a62c232
0,datasets\raw\Rice\Brown Spot\IMG_20231018_143711 - Copy.jpg,datasets\raw\Rice\Brown Spot\IMG_20231018_143711.jpg,f84d2a74c6ba664a,f84d2a74c6ba664a
0,datasets\raw\Rice\Brown Spot\IMG_20231018_143712 - Copy.jpg,datasets\raw\Rice\Brown Spot\IMG_20231018_143712.jpg,fa4c2a74d6b24659,fa4c2a74d6b24659
0,datasets\raw\Rice\Brown Spot\IMG_20231018_143713 - Copy.jpg,datasets\raw\Rice\Brown Spot\IMG_20231018_143713.jpg,fecc3a64c83606b9,fecc3a64c83606b9
0,datasets\raw\Rice\Brown Spot\IMG_20231018_143715 - Copy.jpg,datasets\raw\Rice\Brown Spot\IMG_20231018_143715.jpg,eac322e7032ea1b7,eac322e7032ea1b7
0,datasets\raw\Rice\Healthy Rice Leaf\Healthy_rice_leaf (26).jpg,datasets\raw\Rice\Healthy Rice Leaf\Healthy_rice_leaf (27).jpg,c1d387c8d72bd03c,c1d387c8d72bd03c
0,datasets\raw\Rice\Healthy Rice Leaf\Healthy_rice_leaf (42).jpg,datasets\raw\Rice\Healthy Rice Leaf\Healthy_rice_leaf (43).jpg,e74c8b7254701eb6,e74c8b7254701eb6
0,datasets\raw\Rice\Healthy Rice Leaf\Healthy_rice_leaf (6).jpg,datasets\raw\Rice\Healthy Rice Leaf\Healthy_rice_leaf (7).jpg,fceb9048f6d8e490,fceb9048f6d8e490
0,datasets\raw\Rice\Healthy Rice Leaf\Healthy_rice_leaf (8).jpg,datasets\raw\Rice\Healthy Rice Leaf\Healthy_rice_leaf (9).jpg,d52712256cd39c3b,d52712256cd39c3b
0,datasets\raw\Rice\Leaf Blast\IMG_20231018_143750 - Copy.jpg,datasets\raw\Rice\Leaf Blast\IMG_20231018_143750.jpg,f552aba3cb480a6d,f552aba3cb480a6d
0,datasets\raw\Rice\Leaf Blast\IMG_20231018_143753 - Copy.jpg,datasets\raw\Rice\Leaf Blast\IMG_20231018_143753.jpg,f7422aabce4c2da4,f7422aabce4c2da4
0,datasets\raw\Rice\Leaf Blast\IMG_20231018_143802_1 - Copy.jpg,datasets\raw\Rice\Leaf Blast\IMG_20231018_143802_1.jpg,f44549b5e85d2b8a,f44549b5e85d2b8a
0,datasets\raw\Rice\Leaf Blast\IMG_20231018_143803 - Copy.jpg,datasets\raw\Rice\Leaf Blast\IMG_20231018_143803.jpg,fb1214e2b55155b6,fb1214e2b55155b6
0,datasets\raw\Rice\Leaf Blast\IMG_20231018_143838 - Copy.jpg,datasets\raw\Rice\Leaf Blast\IMG_20231018_143838.jpg,f565632353542b9a,f565632353542b9a
0,datasets\raw\Rice\Leaf Blast\IMG_20231018_143839 - Copy.jpg,datasets\raw\Rice\Leaf Blast\IMG_20231018_143839.jpg,dd64a66256b42b53,dd64a66256b42b53
0,datasets\raw\Rice\Leaf Blast\IMG_20231018_143840 - Copy.jpg,datasets\raw\Rice\Leaf Blast\IMG_20231018_143840.jpg,dd646e6286a46ed2,dd646e6286a46ed2
0,datasets\raw\Rice\Leaf Blast\IMG_20231018_143841 - Copy.jpg,datasets\raw\Rice\Leaf Blast\IMG_20231018_143841.jpg,fd45462ea6a44e36,fd45462ea6a44e36
0,datasets\raw\Rice\Leaf Blast\IMG_20231018_143842_1 - Copy.jpg,datasets\raw\Rice\Leaf Blast\IMG_20231018_143842_1.jpg,fd644768a2a66cd2,fd644768a2a66cd2
0,datasets\raw\Rice\Leaf Blast\IMG_20231018_143843 - Copy.jpg,datasets\raw\Rice\Leaf Blast\IMG_20231018_143843.jpg,f5666744b2b26651,f5666744b2b26651
0,datasets\raw\Rice\Leaf Blast\IMG_20231018_143844 - Copy.jpg,datasets\raw\Rice\Leaf Blast\IMG_20231018_143844.jpg,f66239c95e86ca2c,f66239c95e86ca2c
0,datasets\raw\Rice\Leaf Blast\IMG_20231018_143855 - Copy.jpg,datasets\raw\Rice\Leaf Blast\IMG_20231018_143855.jpg,f2255a15abd6652a,f2255a15abd6652a
0,datasets\raw\Rice\Leaf Blast\IMG_20231018_143856 - Copy.jpg,datasets\raw\Rice\Leaf Blast\IMG_20231018_143856.jpg,f2255a15abd67522,f2255a15abd67522
0,datasets\raw\Rice\Leaf Blast\IMG_20231018_143856_1 - Copy.jpg,datasets\raw\Rice\Leaf Blast\IMG_20231018_143856_1.jpg,f3254a15abf66522,f3254a15abf66522
0,datasets\raw\Rice\Leaf Blast\IMG_20231018_143857 - Copy.jpg,datasets\raw\Rice\Leaf Blast\IMG_20231018_143857.jpg,f2254a95abf66922,f2254a95abf66922
0,datasets\raw\Rice\Leaf scald\Leaf_scald (18).jpg,datasets\raw\Rice\Leaf scald\Leaf_scald (19).jpg,ce4e66d3e3a09172,ce4e66d3e3a09172
0,datasets\raw\Rice\Leaf scald\Leaf_scald (24).jpg,datasets\raw\Rice\Leaf scald\Leaf_scald (25).jpg,d76a31998ed3e111,d76a31998ed3e111
0,datasets\raw\Rice\Leaf scald\Leaf_scald (27).jpg,datasets\raw\Rice\Leaf scald\Leaf_scald (31).jpg,d76830998ed7c331,d76830998ed7c331
0,datasets\raw\Rice\Leaf scald\Leaf_scald (27).jpg,datasets\raw\Rice\Leaf scald\Leaf_scald (32).jpg,d76830998ed7c331,d76830998ed7c331
0,datasets\raw\Rice\Leaf scald\Leaf_scald (31).jpg,datasets\raw\Rice\Leaf scald\Leaf_scald (32).jpg,d76830998ed7c331,d76830998ed7c331
0,datasets\raw\Rice\Sheath Blight\IMG_20231006_163217 - Copy.jpg,datasets\raw\Rice\Sheath Blight\IMG_20231006_163217.jpg,b4d512bbc45339ac,b4d512bbc45339ac
0,datasets\raw\Rice\Sheath Blight\IMG_20231006_163218 - Copy.jpg,datasets\raw\Rice\Sheath Blight\IMG_20231006_163218.jpg,a5d317b281877671,a5d317b281877671
0,datasets\raw\Rice\Sheath Blight\IMG_20231006_163221 - Copy.jpg,datasets\raw\Rice\Sheath Blight\IMG_20231006_163221.jpg,b948d663d1594c7a,b948d663d1594c7a
0,datasets\raw\Rice\Sheath Blight\IMG_20231014_172039 - Copy.jpg,datasets\raw\Rice\Sheath Blight\IMG_20231014_172039.jpg,c16031fc741ebe35,c16031fc741ebe35
0,datasets\raw\Rice\Sheath Blight\IMG_20231018_144301_1.jpg,datasets\raw\Rice\Sheath Blight\IMG_20231018_144301_2.jpg,f5c0608f9f672293,f5c0608f9f672293
0,datasets\raw\Rice\Sheath Blight\Sheath_Blight (19).jpg,datasets\raw\Rice\Sheath Blight\Sheath_Blight (54).jpg,c1c060b87c7eb9b5,c1c060b87c7eb9b5
0,datasets\raw\Rice\Sheath Blight\Sheath_Blight (91).jpg,datasets\raw\Rice\Sheath Blight\Sheath_Blight (92).jpg,8c3bd3916c7878b8,8c3bd3916c7878b8
2,datasets\raw\Banana\AugmentedSet\cordana\133_aug.jpeg,datasets\raw\Banana\AugmentedSet\cordana\136_aug.jpeg,d52bca6e1a6d3434,d52bca6e1a6d3036
2,datasets\raw\Banana\AugmentedSet\cordana\136_aug.jpeg,datasets\raw\Banana\OriginalSet\cordana\88.jpeg,d52bca6e1a6d3036,d52bca6e1a6d3434
2,datasets\raw\Banana\AugmentedSet\cordana\309_aug.jpeg,datasets\raw\Banana\AugmentedSet\cordana\310_aug.jpeg,98639973c74ce70c,98639973c74ce30e
2,datasets\raw\Banana\AugmentedSet\healthy\290_aug.jpeg,datasets\raw\Banana\AugmentedSet\healthy\293_aug.jpeg,af5474b6a0a54f61,af5474b6a0a54f43
2,datasets\raw\Banana\AugmentedSet\pestalotiopsis\171_aug.jpeg,datasets\raw\Banana\OriginalSet\pestalotiopsis\30.jpeg,eba20d52e2c7cce8,eba20d52e2c5cee8
2,datasets\raw\Banana\AugmentedSet\pestalotiopsis\175_aug.jpeg,datasets\raw\Banana\AugmentedSet\pestalotiopsis\176_aug.jpeg,be01a5a5cb1e356a,be01a5a5cb5c356a
2,datasets\raw\Banana\AugmentedSet\pestalotiopsis\210_aug.jpeg,datasets\raw\Banana\OriginalSet\pestalotiopsis\43.jpeg,ad5a55a92a5255ad,ad5a55a9aa5255a5
2,datasets\raw\Banana\AugmentedSet\pestalotiopsis\21_aug.jpeg,datasets\raw\Banana\OriginalSet\pestalotiopsis\104.jpeg,aaaa9e626bcee308,aaaa9e626bcee188
2,datasets\raw\Banana\AugmentedSet\pestalotiopsis\32_aug.jpeg,datasets\raw\Banana\AugmentedSet\pestalotiopsis\35_aug.jpeg,f33eca6a99e01d03,f33eca6a99e00d13
2,datasets\raw\Banana\AugmentedSet\pestalotiopsis\38_aug.jpeg,datasets\raw\Banana\OriginalSet\pestalotiopsis\110.jpeg,a93751af1ca386a9,a93751af5ca386a1
2,datasets\raw\Banana\AugmentedSet\pestalotiopsis\95_aug.jpeg,datasets\raw\Banana\OriginalSet\pestalotiopsis\129.jpeg,fdeaa5aca895a054,fdeaa5acac94a054
2,datasets\raw\Banana\AugmentedSet\sigatoka\202_aug.jpeg,datasets\raw\Banana\OriginalSet\sigatoka\296.jpeg,80b708dfde85d3c2,80b708dfdf85d3c0
2,datasets\raw\Banana\AugmentedSet\sigatoka\214_aug.jpeg,datasets\raw\Banana\OriginalSet\sigatoka\306.jpeg,a280388dc7dcdec7,a280388dc7d6dec7
2,datasets\raw\Banana\OriginalSet\cordana\144.jpeg,datasets\raw\Banana\OriginalSet\cordana\148.jpeg,aa55a12ad5abe255,aa55a12ad5aae275
2,datasets\raw\Banana\OriginalSet\sigatoka\346.jpeg,datasets\raw\Banana\OriginalSet\sigatoka\347.jpeg,aa9228fb6a683d1d,aa9228fb6b683d15
2,datasets\raw\Cotton\bacterial_blight\bact10.jpg,datasets\raw\Cotton\bacterial_blight\bact9.jpg,ffd3e083c0788c0f,ffd3e083c0388c1f
2,datasets\raw\Cotton\bacterial_blight\bact102.jpg,datasets\raw\Cotton\bacterial_blight\bact287.jpg,f0f731b4612cea29,f0f731b4212cea2d
2,datasets\raw\Cotton\bacterial_blight\bact104.jpg,datasets\raw\Cotton\bacterial_blight\bact289.jpg,a55d641e3486bf83,a55d641e5486bf83
2,datasets\raw\Cotton\bacterial_blight\bact112.jpg,datasets\raw\Cotton\bacterial_blight\bact116.jpg,b9774c936606e1e2,b9774c932606e1e6
2,datasets\raw\Cotton\bacterial_blight\bact113.jpg,datasets\raw\Cotton\bacterial_blight\bact117.jpg,d6369e8575350c87,d6369e85753d0487
2,datasets\raw\Cotton\bacterial_blight\bact12.jpg,datasets\raw\Cotton\bacterial_blight\bact7.jpg,aa79b52991d2c935,aa79b5299192c9b5
2,datasets\raw\Cotton\bacterial_blight\bact156.jpg,datasets\raw\Cotton\bacterial_blight\bact2.jpg,fc0177e2079ce907,fc0177e207dce903
2,datasets\raw\Cotton\bacterial_blight\bact159.jpg,datasets\raw\Cotton\bacterial_blight\bact163.jpg,d43c6a1f6d093369,d43c6a1f6d01336b
2,datasets\raw\Cotton\bacterial_blight\bact189.png,datasets\raw\Cotton\bacterial_blight\bact193.png,b0c15f4b056a572f,b0c15f4b076a472f
2,datasets\raw\Cotton\bacterial_blight\bact189.png,datasets\raw\Cotton\bacterial_blight\bact262.png,b0c15f4b056a572f,b0c15f4b076a472f
2,datasets\raw\Cotton\bacterial_blight\bact193.png,datasets\raw\Cotton\bacterial_blight\bact258.png,b0c15f4b076a472f,b0c15f4b056a572f
2,datasets\raw\Cotton\bacterial_blight\bact258.png,datasets\raw\Cotton\bacterial_blight\bact262.png,b0c15f4b056a572f,b0c15f4b076a472f
2,datasets\raw\Cotton\bacterial_blight\bact194.jpg,datasets\raw\Cotton\bacterial_blight\bact198.jpg,ade4cccb851d7131,ade4cccb851b7131
2,datasets\raw\Cotton\bacterial_blight\bact195.jpg,datasets\raw\Cotton\bacterial_blight\bact199.jpg,ad279652e1b945ca,ad279652e1bd41ca
2,datasets\raw\Cotton\bacterial_blight\bact202.png,datasets\raw\Cotton\bacterial_blight\bact206.png,c334adbf424059de,c334adbf42405bdc
2,datasets\raw\Cotton\bacterial_blight\bact204.png,datasets\raw\Cotton\bacterial_blight\bact208.png,969ef81517ea0c74,969ef81517ea0876
2,datasets\raw\Cotton\bacterial_blight\bact218.jpg,datasets\raw\Cotton\bacterial_blight\bact222.jpg,d8f83324cc7d7426,d8f83324c47d7466
2,datasets\raw\Cotton\bacterial_blight\bact233.jpg,datasets\raw\Cotton\bacterial_blight\P1010086jpg - Copy.jpg,fee69fec828a6084,fee69fecc2886084
2,datasets\raw\Cotton\bacterial_blight\bact233.jpg,datasets\raw\Cotton\bacterial_blight\P1010086jpg.jpg,fee69fec828a6084,fee69fecc2886084
2,datasets\raw\Cotton\bacterial_blight\bact264.jpg,datasets\raw\Cotton\bacterial_blight\bact268.jpg,dc0b703721f523b6,dc0b703761b523b6
2,datasets\raw\Cotton\bacterial_blight\bact265.jpg,datasets\raw\Cotton\bacterial_blight\bact269.jpg,d0ff6ae095c1069b,d0ff6ae0b5c0069b
2,datasets\raw\Cotton\bacterial_blight\bact300.jpg,datasets\raw\Cotton\bacterial_blight\bact305.jpg,9a7279b42ac310fb,9a7279b42a6310fb
2,datasets\raw\Cotton\bacterial_blight\bact308.jpg,datasets\raw\Cotton\bacterial_blight\bact313.jpg,a51ae6993e64529d,a51ae6993e64429f
2,datasets\raw\Cotton\bacterial_blight\bact323.jpg,datasets\raw\Cotton\bacterial_blight\bact328.jpg,d20933166bf0be2b,d20933166bf29e2b
2,datasets\raw\Cotton\bacterial_blight\bact332.jpg,datasets\raw\Cotton\bacterial_blight\bact336.jpg,bf727225da1a0939,bf727225da1a09b8
2,datasets\raw\Cotton\bacterial_blight\bact357.jpg,datasets\raw\Cotton\bacterial_blight\bact361.jpg,8d0a4bebb6a581b6,8d0a4bebbea581a6
2,datasets\raw\Cotton\bacterial_blight\bact363.jpg,datasets\raw\Cotton\bacterial_blight\bact367.jpg,a52a96551b928bdb,a52a96551b9389db
2,datasets\raw\Cotton\bacterial_blight\bact364.jpg,datasets\raw\Cotton\bacterial_blight\bact368.jpg,f24495681ee53ace,f24495681ee539ce
2,datasets\raw\Cotton\bacterial_blight\bact38.jpg,datasets\raw\Cotton\bacterial_blight\bact42.jpg,ad86d05a996d9363,ad86d05a992dd363
2,datasets\raw\Cotton\bacterial_blight\bact380.png,datasets\raw\Cotton\bacterial_blight\bact384.png,ed4a2d0b2c6d7a61,ed4a2d0b386d7a61
2,datasets\raw\Cotton\bacterial_blight\bact385.jpg,datasets\raw\Cotton\bacterial_blight\bact389.jpg,fdbd620af2a5e101,fdbd620afa85e101
2,datasets\raw\Cotton\bacterial_blight\bact387.jpg,datasets\raw\Cotton\bacterial_blight\bact391.jpg,a85737a0af07a4ab,a85737a0af0fa4a9
2,datasets\raw\Cotton\bacterial_blight\bact40.jpg,datasets\raw\Cotton\bacterial_blight\bact44.jpg,f82c85f0ccc786cd,f82c85f0cc8787cd
2,datasets\raw\Cotton\bacterial_blight\bact405.jpg,datasets\raw\Cotton\bacterial_blight\bact409.jpg,c1cf297ea07d0366,c1cf297eb0750366
2,datasets\raw\Cotton\bacterial_blight\bact421.jpg,datasets\raw\Cotton\bacterial_blight\bact425.jpg,ed0ef2e74e1ed001,ed0ef2e74e1cd101
2,datasets\raw\Cotton\bacterial_blight\bact423.jpg,datasets\raw\Cotton\bacterial_blight\bact427.jpg,b8a4a74d1bb494ab,b8a4a74d1bb684ab
2,datasets\raw\Cotton\bacterial_blight\bact71.jpg,datasets\raw\Cotton\bacterial_blight\bact76.jpg,d1d71ad05d22f19a,d1d71ad05c62f19a
2,datasets\raw\Cotton\bacterial_blight\bact88.jpg,datasets\raw\Cotton\bacterial_blight\bact92.jpg,d072969e3696d0f4,d072969e3692d1f4
2,datasets\raw\Cotton\bacterial_blight\bact89.jpg,datasets\raw\Cotton\bacterial_blight\bact93.jpg,e2961cab456c29d7,e2961cab4d6c2957
2,datasets\raw\Cotton\curl_virus\cotton-leaf-curl-virus-cotton-1595427323.jpg,datasets\raw\Cotton\curl_virus\curl331.jpg,e4b7b4ec07a11aa6,e4b7b4ec07a15aa2
2,datasets\raw\Cotton\curl_virus\cotton-leaf-curl-virus-cotton-1595427323.jpg,datasets\raw\Cotton\curl_virus\curl391.jpg,e4b7b4ec07a11aa6,e4b7b4ec07a15aa2
2,datasets\raw\Cotton\curl_virus\curl327.jpg,datasets\raw\Cotton\curl_virus\curl331.jpg,e4b7b4ec07a11aa6,e4b7b4ec07a15aa2
2,datasets\raw\Cotton\curl_virus\curl327.jpg,datasets\raw\Cotton\curl_virus\curl391.jpg,e4b7b4ec07a11aa6,e4b7b4ec07a15aa2
2,datasets\raw\Cotton\curl_virus\curl331.jpg,datasets\raw\Cotton\curl_virus\curl387.jpg,e4b7b4ec07a15aa2,e4b7b4ec07a11aa6
2,datasets\raw\Cotton\curl_virus\curl387.jpg,datasets\raw\Cotton\curl_virus\curl391.jpg,e4b7b4ec07a11aa6,e4b7b4ec07a15aa2
2,datasets\raw\Cotton\curl_virus\curl01.jpg,datasets\raw\Cotton\curl_virus\curl351.jpg,afc4944e986bf161,afc4944e986bf461
2,datasets\raw\Cotton\curl_virus\curl109.jpg,datasets\raw\Cotton\curl_virus\curl114.jpg,aa7fc070c7528755,aa7fc070c7528575
2,datasets\raw\Cotton\curl_virus\curl109.jpg,datasets\raw\Cotton\curl_virus\curl118.jpg,aa7fc070c7528755,aa7fc070c7528575
2,datasets\raw\Cotton\curl_virus\curl15.jpg,datasets\raw\Cotton\curl_virus\curl241.jpg,876d0ab0bf0b49d5,876d0ab0bf1b49d4
2,datasets\raw\Cotton\curl_virus\curl155.jpg,datasets\raw\Cotton\curl_virus\curl160.jpg,96fa70127aa17ab1,96fa701272a17ab3
2,datasets\raw\Cotton\curl_virus\curl160.jpg,datasets\raw\Cotton\curl_virus\curl214.jpg,96fa701272a17ab3,96fa70127aa17ab1
2,datasets\raw\Cotton\curl_virus\curl17.jpg,datasets\raw\Cotton\curl_virus\curl271.jpg,d5091f3524a07ede,d5091f3524a25ede
2,datasets\raw\Cotton\curl_virus\curl267.jpg,datasets\raw\Cotton\curl_virus\curl271.jpg,d5091f3524a07ede,d5091f3524a25ede
2,datasets\raw\Cotton\curl_virus\curl170.jpg,datasets\raw\Cotton\curl_virus\curl173.jpg,bb2eb07086b09ad7,bb2eb070c6909ad7
2,datasets\raw\Cotton\curl_virus\curl171.jpg,datasets\raw\Cotton\curl_virus\curl172.jpg,fa44a1e2871c9ed6,fa44a1e2971c9ed4
2,datasets\raw\Cotton\curl_virus\Curl176.png,datasets\raw\Cotton\curl_virus\Curl181.png,d4940b1e3d5a764b,d4940b1e3d5b744b
2,datasets\raw\Cotton\curl_virus\curl217.jpg,datasets\raw\Cotton\curl_virus\curl221.jpg,d471f820e131973f,d471f820e125973f
2,datasets\raw\Cotton\curl_virus\curl259.png,datasets\raw\Cotton\curl_virus\curl324.jpg,bfc0d04992879d57,bfc0d04992878d77
2,datasets\raw\Cotton\curl_virus\curl285.jpg,datasets\raw\Cotton\curl_virus\curl289.jpg,d62d4dc43a477683,d62d4dc43b457683
2,datasets\raw\Cotton\curl_virus\curl315.jpg,datasets\raw\Cotton\curl_virus\curl319.jpg,d3ac3c6236c25cb3,d3ac3c6236e24cb3
2,datasets\raw\Cotton\curl_virus\curl62.png,datasets\raw\Cotton\curl_virus\curl72.png,bfc0d04bd2978157,bfc0d04bd0978557
2,datasets\raw\Cotton\curl_virus\curl67.png,datasets\raw\Cotton\curl_virus\curl70.png,ea4a85e1873dd0bc,ea4a85e1853dd0bd
2,datasets\raw\Cotton\curl_virus\curl80.jpg,datasets\raw\Cotton\curl_virus\curl86.jpg,ee99842ed8c71a6a,ee99842ed8e51a6a
2,datasets\raw\Cotton\curl_virus\curl85.jpg,datasets\raw\Cotton\curl_virus\curl86.jpg,ee99842ed8c71a6a,ee99842ed8e51a6a
2,datasets\raw\Cotton\curl_virus\curl83.jpg,datasets\raw\Cotton\curl_virus\curl88.jpg,bb33d1948d6d0fc0,bb33d1948d4d0fc4
2,datasets\raw\Cotton\curl_virus\curl88.jpg,datasets\raw\Cotton\curl_virus\curl89.jpg,bb33d1948d4d0fc4,bb33d1948d6d0fc0
2,datasets\raw\Cotton\fussarium_wilt\done12.jpg,datasets\raw\Cotton\fussarium_wilt\fus124.jpg,d1d34e3af86c64c1,d1d34e3af86c44c5
2,datasets\raw\Cotton\fussarium_wilt\fus120.jpg,datasets\raw\Cotton\fussarium_wilt\fus124.jpg,d1d34e3af86c64c1,d1d34e3af86c44c5
2,datasets\raw\Cotton\fussarium_wilt\fus124.jpg,datasets\raw\Cotton\fussarium_wilt\fus_oxy_plant.jpg,d1d34e3af86c44c5,d1d34e3af86c64c1
2,datasets\raw\Cotton\fussarium_wilt\done18.jpg,datasets\raw\Cotton\fussarium_wilt\fus171.jpg,f9ec0b70968b095d,f9ec0b70968f095c
2,datasets\raw\Cotton\fussarium_wilt\fus167.jpg,datasets\raw\Cotton\fussarium_wilt\fus171.jpg,f9ec0b70968b095d,f9ec0b70968f095c
2,datasets\raw\Cotton\fussarium_wilt\done8 (2).jpg,datasets\raw\Cotton\fussarium_wilt\fus68.jpg,aba19256eb245a7a,aba19256eb2c5a78
2,datasets\raw\Cotton\fussarium_wilt\fus64.jpg,datasets\raw\Cotton\fussarium_wilt\fus68.jpg,aba19256eb245a7a,aba19256eb2c5a78
2,datasets\raw\Cotton\fussarium_wilt\fus102.jpg,datasets\raw\Cotton\fussarium_wilt\fus106.jpg,96e15a096a97e2d6,96e15a096a97e3d4
2,datasets\raw\Cotton\fussarium_wilt\fus169.jpg,datasets\raw\Cotton\fussarium_wilt\fus173.jpg,ac465edac32158f6,ac465edac32518f6
2,datasets\raw\Cotton\fussarium_wilt\fus170.jpg,datasets\raw\Cotton\fussarium_wilt\fus174.jpg,cc2ed066e7b62c58,cc2ed066e7b22c59
2,datasets\raw\Cotton\fussarium_wilt\fus236.jpg,datasets\raw\Cotton\fussarium_wilt\fus240.jpg,903d626f033cf0f5,903d626f0b1cf0f5
2,datasets\raw\Cotton\fussarium_wilt\fus243.jpg,datasets\raw\Cotton\fussarium_wilt\fus247.jpg,8671332c8eb7398d,8671332caeb6398d
2,datasets\raw\Cotton\fussarium_wilt\fus244.jpg,datasets\raw\Cotton\fussarium_wilt\fus248.jpg,d81523334eccfd32,d81523334eccf936
2,datasets\raw\Cotton\fussarium_wilt\fus245.jpg,datasets\raw\Cotton\fussarium_wilt\fus249.jpg,d3db66845b186c27,d3db6684db086c27
2,datasets\raw\Cotton\fussarium_wilt\fus264.jpg,datasets\raw\Cotton\fussarium_wilt\fus268.jpg,a08df8e01935f6ce,a08df8e0193776ce
2,datasets\raw\Cotton\fussarium_wilt\fus265.jpg,datasets\raw\Cotton\fussarium_wilt\fus269.jpg,a666e37b3e325218,a666e37b3c325219
2,datasets\raw\Cotton\fussarium_wilt\fus266.jpg,datasets\raw\Cotton\fussarium_wilt\fus270.jpg,f527a94a4c9daa64,f527a94a4c9da364
2,datasets\raw\Cotton\fussarium_wilt\fus273.jpg,datasets\raw\Cotton\fussarium_wilt\fus277.jpg,bb0b83e4cdc26e52,bb0b83e4cdc26e16
2,datasets\raw\Cotton\fussarium_wilt\fus28.jpg,datasets\raw\Cotton\fussarium_wilt\fus32.jpg,8f1ec0699ecd38e8,8f1ec0699ecd386c
2,datasets\raw\Cotton\fussarium_wilt\fus287.jpg,datasets\raw\Cotton\fussarium_wilt\fus291.jpg,c04f1a3f3d743874,c04f1a3f3df43834
2,datasets\raw\Cotton\fussarium_wilt\fus34.jpg,datasets\raw\Cotton\fussarium_wilt\fus38.jpg,bf0dd2f2c837c160,bf0dd2f2cc37c060
2,datasets\raw\Cotton\fussarium_wilt\fus350.jpg,datasets\raw\Cotton\fussarium_wilt\fus354.jpg,b8836cd24f3b2cd2,b8836cd24f7b2c52
2,datasets\raw\Cotton\fussarium_wilt\fus36.jpg,datasets\raw\Cotton\fussarium_wilt\fus40.jpg,eaa783589d9c94ca,eaa78358999c95ca
2,datasets\raw\Cotton\fussarium_wilt\fus361.jpg,datasets\raw\Cotton\fussarium_wilt\fus365.jpg,f09fe069bc8b888d,f09fe069bc9b8889
2,datasets\raw\Cotton\fussarium_wilt\fus42.jpg,datasets\raw\Cotton\fussarium_wilt\fus46.jpg,accc1911f553e7c4,accc1911f543f7c4
2,datasets\raw\Cotton\fussarium_wilt\fus58.jpg,datasets\raw\Cotton\fussarium_wilt\fus62.jpg,90be74ecddf83081,90be74ecddd83089
2,datasets\raw\Cotton\healthy\h178.jpg,datasets\raw\Cotton\healthy\h199.jpg,8d2c4ee07a2736d3,8d2c4ee07a2734d7
2,datasets\raw\Cotton\healthy\h178.jpg,datasets\raw\Cotton\healthy\h200.jpg,8d2c4ee07a2736d3,8d2c4ee07a2734d7
2,datasets\raw\Cotton\healthy\h178.jpg,datasets\raw\Cotton\healthy\h201.jpg,8d2c4ee07a2736d3,8d2c4ee07a2734d7
2,datasets\raw\Cotton\healthy\h178.jpg,datasets\raw\Cotton\healthy\h202.jpg,8d2c4ee07a2736d3,8d2c4ee07a2734d7
2,datasets\raw\Cotton\healthy\h178.jpg,datasets\raw\Cotton\healthy\h205.jpg,8d2c4ee07a2736d3,8d2c4ee07a2734d7
2,datasets\raw\Cotton\healthy\h196.jpg,datasets\raw\Cotton\healthy\h199.jpg,8d2c4ee07a2736d3,8d2c4ee07a2734d7
2,datasets\raw\Cotton\healthy\h196.jpg,datasets\raw\Cotton\healthy\h200.jpg,8d2c4ee07a2736d3,8d2c4ee07a2734d7
2,datasets\raw\Cotton\healthy\h196.jpg,datasets\raw\Cotton\healthy\h201.jpg,8d2c4ee07a2736d3,8d2c4ee07a2734d7
2,datasets\raw\Cotton\healthy\h196.jpg,datasets\raw\Cotton\healthy\h202.jpg,8d2c4ee07a2736d3,8d2c4ee07a2734d7
2,datasets\raw\Cotton\healthy\h196.jpg,datasets\raw\Cotton\healthy\h205.jpg,8d2c4ee07a2736d3,8d2c4ee07a2734d7
2,datasets\raw\Cotton\healthy\h197.jpg,datasets\raw\Cotton\healthy\h199.jpg,8d2c4ee07a2736d3,8d2c4ee07a2734d7
2,datasets\raw\Cotton\healthy\h197.jpg,datasets\raw\Cotton\healthy\h200.jpg,8d2c4ee07a2736d3,8d2c4ee07a2734d7
2,datasets\raw\Cotton\healthy\h197.jpg,datasets\raw\Cotton\healthy\h201.jpg,8d2c4ee07a2736d3,8d2c4ee07a2734d7
2,datasets\raw\Cotton\healthy\h197.jpg,datasets\raw\Cotton\healthy\h202.jpg,8d2c4ee07a2736d3,8d2c4ee07a2734d7
2,datasets\raw\Cotton\healthy\h197.jpg,datasets\raw\Cotton\healthy\h205.jpg,8d2c4ee07a2736d3,8d2c4ee07a2734d7
2,datasets\raw\Cotton\healthy\h198.jpg,datasets\raw\Cotton\healthy\h199.jpg,8d2c4ee07a2736d3,8d2c4ee07a2734d7
2,datasets\raw\Cotton\healthy\h198.jpg,datasets\raw\Cotton\healthy\h200.jpg,8d2c4ee07a2736d3,8d2c4ee07a2734d7
2,datasets\raw\Cotton\healthy\h198.jpg,datasets\raw\Cotton\healthy\h201.jpg,8d2c4ee07a2736d3,8d2c4ee07a2734d7
2,datasets\raw\Cotton\healthy\h198.jpg,datasets\raw\Cotton\healthy\h202.jpg,8d2c4ee07a2736d3,8d2c4ee07a2734d7
2,datasets\raw\Cotton\healthy\h198.jpg,datasets\raw\Cotton\healthy\h205.jpg,8d2c4ee07a2736d3,8d2c4ee07a2734d7
2,datasets\raw\Cotton\healthy\h214.png,datasets\raw\Cotton\healthy\h219.png,9c1d60ad9623975b,9c1d60ad9627965b
2,datasets\raw\Cotton\healthy\h214.png,datasets\raw\Cotton\healthy\h220.png,9c1d60ad9623975b,9c1d60ad9627965b
2,datasets\raw\Cotton\healthy\h216.png,datasets\raw\Cotton\healthy\h217.png,c9b73507c389c2f1,c9b73507c38dc2f0
2,datasets\raw\Cotton\healthy\h84.jpg,datasets\raw\Cotton\healthy\h88.jpg,d87a3d356542c55c,d87a3d354542c5dc
2,datasets\raw\Cotton\healthy\h84.jpg,datasets\raw\Cotton\healthy\h89.jpg,d87a3d356542c55c,d87a3d354542c5dc
2,datasets\raw\Cotton\healthy\h84.jpg,datasets\raw\Cotton\healthy\h90.jpg,d87a3d356542c55c,d87a3d354542c5dc
2,datasets\raw\Cotton\healthy\h84.jpg,datasets\raw\Cotton\healthy\h91.jpg,d87a3d356542c55c,d87a3d354542c5dc
2,datasets\raw\Cotton\healthy\h84.jpg,datasets\raw\Cotton\healthy\h95.jpg,d87a3d356542c55c,d87a3d354542c5dc
2,datasets\raw\Cotton\healthy\h86.jpg,datasets\raw\Cotton\healthy\h88.jpg,d87a3d356542c55c,d87a3d354542c5dc
2,datasets\raw\Cotton\healthy\h86.jpg,datasets\raw\Cotton\healthy\h89.jpg,d87a3d356542c55c,d87a3d354542c5dc
2,datasets\raw\Cotton\healthy\h86.jpg,datasets\raw\Cotton\healthy\h90.jpg,d87a3d356542c55c,d87a3d354542c5dc
2,datasets\raw\Cotton\healthy\h86.jpg,datasets\raw\Cotton\healthy\h91.jpg,d87a3d356542c55c,d87a3d354542c5dc
2,datasets\raw\Cotton\healthy\h86.jpg,datasets\raw\Cotton\healthy\h95.jpg,d87a3d356542c55c,d87a3d354542c5dc
2,datasets\raw\Cotton\healthy\h87.jpg,datasets\raw\Cotton\healthy\h88.jpg,d87a3d356542c55c,d87a3d354542c5dc
2,datasets\raw\Cotton\healthy\h87.jpg,datasets\raw\Cotton\healthy\h89.jpg,d87a3d356542c55c,d87a3d354542c5dc
2,datasets\raw\Cotton\healthy\h87.jpg,datasets\raw\Cotton\healthy\h90.jpg,d87a3d356542c55c,d87a3d354542c5dc
2,datasets\raw\Cotton\healthy\h87.jpg,datasets\raw\Cotton\healthy\h91.jpg,d87a3d356542c55c,d87a3d354542c5dc
2,datasets\raw\Cotton\healthy\h87.jpg,datasets\raw\Cotton\healthy\h95.jpg,d87a3d356542c55c,d87a3d354542c5dc
2,datasets\raw\Mango\Anthracnose\20211011_133200 (Custom).jpg,datasets\raw\Mango\Anthracnose\20211011_133201 (Custom).jpg,fb3f9442301f0fe0,fb3f9442201f0fe1
2,datasets\raw\Mango\Anthracnose\20211011_170703 (Custom).jpg,datasets\raw\Mango\Anthracnose\20211011_170704 (Custom).jpg,fc9cce6691496694,fc9cce6691496698
2,datasets\raw\Mango\Cutting Weevil\20211011_161244 (Custom) (Custom).jpg,datasets\raw\Mango\Cutting Weevil\20211011_161244 (Custom).jpg,e69893667364925b,e698936663e4925b
2,datasets\raw\Mango\Cutting Weevil\20211011_161828 (Custom) (Custom).jpg,datasets\raw\Mango\Cutting Weevil\20211011_161828 (Custom).jpg,e7c9b394096a19e6,e7c9b394096b09e6
2,datasets\raw\Mango\Cutting Weevil\20211011_162121 (Custom) (Custom).jpg,datasets\raw\Mango\Cutting Weevil\20211011_162121 (Custom).jpg,e373d18616f0e04f,e373d18616b0e0cf
2,datasets\raw\Mango\Cutting Weevil\20211011_170533 (Custom) (Custom).jpg,datasets\raw\Mango\Cutting Weevil\20211011_170533 (Custom).jpg,e0b29f6d8884877b,e0b29f6d8a84867b
2,datasets\raw\Mango\Cutting Weevil\20211011_170533 (Custom) (Custom).jpg,datasets\raw\Mango\Cutting Weevil\20211011_170534 (Custom) (Custom).jpg,e0b29f6d8884877b,e0b29f6d8a84837b
2,datasets\raw\Mango\Cutting Weevil\20211011_170533 (Custom) (Custom).jpg,datasets\raw\Mango\Cutting Weevil\20211011_170534 (Custom).jpg,e0b29f6d8884877b,e0b29f6d8a84837b
2,datasets\raw\Mango\Cutting Weevil\20211011_170533 (Custom).jpg,datasets\raw\Mango\Cutting Weevil\20211011_170534 (Custom) (Custom).jpg,e0b29f6d8a84867b,e0b29f6d8a84837b
2,datasets\raw\Mango\Cutting Weevil\20211011_170533 (Custom).jpg,datasets\raw\Mango\Cutting Weevil\20211011_170534 (Custom).jpg,e0b29f6d8a84867b,e0b29f6d8a84837b
2,datasets\raw\Mango\Sooty Mould\IMG_20211211_154853 (Custom).jpg,datasets\raw\Mango\Sooty Mould\IMG_20211211_154853_1 (Custom).jpg,fe3697c1c0a90d8d,fe3697c1c0a94d85
2,datasets\raw\PlantDoc\train\Bell_pepper leaf spot\Bell_pepper leaf spot (58).jpg,datasets\raw\PlantDoc\train\Tomato Septoria leaf spot\Tomato Septoria leaf spot (113).jpg,aa88551eafeee828,aa88551ea7efe828
2,datasets\raw\PlantDoc\train\Potato leaf early blight\Potato leaf early blight (2).jpg,datasets\raw\PlantDoc\train\Tomato Early blight leaf\Tomato Early blight leaf (25).jpg,c2470afc169879f5,c2470afc169979b5
2,datasets\raw\PlantDoc\train\Tomato leaf yellow virus\Tomato leaf yellow virus (43).jpg,datasets\raw\PlantDoc\train\Tomato leaf yellow virus\Tomato leaf yellow virus (62).jpg,86c8f1c1fd710756,86c8f1c1fd710772
2,datasets\raw\PlantVillage\Pepper__bell___healthy\1b574484-60cd-4ae4-83ed-511a5ae07ea8___JR_HL 7849.JPG,datasets\raw\PlantVillage\Pepper__bell___healthy\565744a9-b6ab-46c2-bc42-f92731c6ff4c___JR_HL 7850.JPG,aae0b593929bcac9,aae0b593909bdac9
2,datasets\raw\PlantVillage\Potato___Early_blight\5aee3e9f-0469-42e7-8ae7-56f7a1900fd5___RS_Early.B 9091.JPG,datasets\raw\PlantVillage\Potato___Early_blight\bc378ba0-533d-42db-a8b2-82decc73f4d5___RS_Early.B 9092.JPG,8a3dbd70e0c3c48f,8a3dbd70f0c3c48e
2,datasets\raw\PlantVillage\Tomato_Spider_mites_Two_spotted_spider_mite\a75666ed-91d1-4f47-bcf2-554c8a5a3fd5___Com.G_SpM_FL 9551.JPG,datasets\raw\PlantVillage\Tomato_Spider_mites_Two_spotted_spider_mite\f7b7b4c8-1420-4ffe-ba64-97be026edeb4___Com.G_SpM_FL 8978.JPG,e116ce699c69926d,e116ce69946d926d
2,datasets\raw\Rice\Brown Spot\20231006_165550.jpg,datasets\raw\Rice\Brown Spot\20231006_165551(0).jpg,d912bd95144aebc6,d912bd95144a6bce
2,datasets\raw\Rice\Brown Spot\aug_0_5638.jpg,datasets\raw\Rice\Brown Spot\Brown_spot (172).jpg,87626370387c1e9f,87626370787c1e9e
2,datasets\raw\Rice\Brown Spot\IMG_20231014_171715.jpg,datasets\raw\Rice\Brown Spot\IMG_20231014_171716.jpg,f63676a2906187cb,f63676a2b06183cb
2,datasets\raw\Rice\Healthy Rice Leaf\Healthy_rice_leaf (52).jpg,datasets\raw\Rice\Healthy Rice Leaf\Healthy_rice_leaf (53).jpg,d4cb23d92e9317b0,d4cb23d92e9316b8
2,datasets\raw\Rice\Leaf Blast\aug_0_229.jpg,datasets\raw\Rice\Leaf Blast\aug_0_9047.jpg,91d5a5c86e194db3,91d5a5c86c394db3
2,datasets\raw\Rice\Leaf Blast\IMG_20231018_143855 - Copy.jpg,datasets\raw\Rice\Leaf Blast\IMG_20231018_143856 - Copy.jpg,f2255a15abd6652a,f2255a15abd67522
2,datasets\raw\Rice\Leaf Blast\IMG_20231018_143855 - Copy.jpg,datasets\raw\Rice\Leaf Blast\IMG_20231018_143856.jpg,f2255a15abd6652a,f2255a15abd67522
2,datasets\raw\Rice\Leaf Blast\IMG_20231018_143855.jpg,datasets\raw\Rice\Leaf Blast\IMG_20231018_143856 - Copy.jpg,f2255a15abd6652a,f2255a15abd67522
2,datasets\raw\Rice\Leaf Blast\IMG_20231018_143855.jpg,datasets\raw\Rice\Leaf Blast\IMG_20231018_143856.jpg,f2255a15abd6652a,f2255a15abd67522
2,datasets\raw\Rice\Leaf scald\Leaf_scald (22).jpg,datasets\raw\Rice\Leaf scald\Leaf_scald (23).jpg,d76831998cd7c331,d76831998e57c331
2,datasets\raw\Rice\Leaf scald\Leaf_scald (22).jpg,datasets\raw\Rice\Leaf scald\Leaf_scald (29).jpg,d76831998cd7c331,d76831998ed7c311
2,datasets\raw\Rice\Leaf scald\Leaf_scald (23).jpg,datasets\raw\Rice\Leaf scald\Leaf_scald (29).jpg,d76831998e57c331,d76831998ed7c311
2,datasets\raw\Rice\Leaf scald\Leaf_scald (24).jpg,datasets\raw\Rice\Leaf scald\Leaf_scald (26).jpg,d76a31998ed3e111,d76a31998ed3c311
2,datasets\raw\Rice\Leaf scald\Leaf_scald (25).jpg,datasets\raw\Rice\Leaf scald\Leaf_scald (26).jpg,d76a31998ed3e111,d76a31998ed3c311
2,datasets\raw\Rice\Leaf scald\Leaf_scald (26).jpg,datasets\raw\Rice\Leaf scald\Leaf_scald (28).jpg,d76a31998ed3c311,d76a31998cd7c311
2,datasets\raw\Rice\Leaf scald\Leaf_scald (26).jpg,datasets\raw\Rice\Leaf scald\Leaf_scald (30).jpg,d76a31998ed3c311,d76a31998ed78311
2,datasets\raw\Rice\Leaf scald\Leaf_scald (28).jpg,datasets\raw\Rice\Leaf scald\Leaf_scald (30).jpg,d76a31998cd7c311,d76a31998ed78311
2,datasets\raw\Rice\Sheath Blight\Sheath_Blight (46).jpg,datasets\raw\Rice\Sheath Blight\Sheath_Blight (47).jpg,c298631b9e43eba5,c298631b9647eba5
4,datasets\raw\Banana\AugmentedSet\pestalotiopsis\351_aug.jpeg,datasets\raw\Banana\OriginalSet\pestalotiopsis\8.jpeg,fa09c8396473236f,fa09c839647b23ec
4,datasets\raw\Cotton\bacterial_blight\bact120.jpg,datasets\raw\Cotton\bacterial_blight\bact131.jpg,c1ca3f596ca82cd3,c1ca3f596ca83c56
4,datasets\raw\Cotton\bacterial_blight\bact133.png,datasets\raw\Cotton\bacterial_blight\bact138.png,905b524daaaafcf0,905b524da96afcf0
4,datasets\raw\Cotton\bacterial_blight\bact135.png,datasets\raw\Cotton\bacterial_blight\bact140.png,c5f107e7fe00a952,c5f107e7fcc08952
4,datasets\raw\Cotton\bacterial_blight\bact398.png,datasets\raw\Cotton\bacterial_blight\bact402.png,c3e51144b74cf23b,c3e51144e7ccf239
4,datasets\raw\Cotton\bacterial_blight\bact441.jpg,datasets\raw\Cotton\bacterial_blight\bact447 - Copy.jpg,81793ec76c9b6c14,81793ec7689b2cb4
4,datasets\raw\Cotton\bacterial_blight\bact441.jpg,datasets\raw\Cotton\bacterial_blight\bact447.jpg,81793ec76c9b6c14,81793ec7689b2cb4
4,datasets\raw\Cotton\bacterial_blight\bact69.jpg,datasets\raw\Cotton\bacterial_blight\bact74.jpg,847d4f7a88caa574,847d4f7a0bcaa474
4,datasets\raw\Cotton\curl_virus\curl103.jpg,datasets\raw\Cotton\curl_virus\curl107.jpg,a738e88f6cc18d36,a738e88f68c38d96
4,datasets\raw\Cotton\curl_virus\curl105.jpg,datasets\raw\Cotton\curl_virus\curl107.jpg,a738e88f6cc18d36,a738e88f68c38d96
4,datasets\raw\Cotton\fussarium_wilt\fus368.jpg,datasets\raw\Cotton\fussarium_wilt\fus372.jpg,a15eae65a246fe06,a15eae6582667f06
4,datasets\raw\Mango\Anthracnose\20211011_170717 (Custom).jpg,datasets\raw\Mango\Anthracnose\20211011_170718 (Custom).jpg,edc912e60a7a833e,edc912e61a72837c
4,datasets\raw\Mango\Anthracnose\20211011_170717 - Copy - Copy - Copy (Custom).jpg,datasets\raw\Mango\Anthracnose\20211011_170718 (Custom).jpg,edc912e60a7a833e,edc912e61a72837c
4,datasets\raw\Mango\Cutting Weevil\20211011_161559 (Custom) (Custom).jpg,datasets\raw\Mango\Cutting Weevil\20211011_161600 (Custom) (Custom).jpg,d35a9c6666a9b158,d35a9c6664a5b1d8
4,datasets\raw\Mango\Cutting Weevil\20211011_161559 (Custom) (Custom).jpg,datasets\raw\Mango\Cutting Weevil\20211011_161600 (Custom).jpg,d35a9c6666a9b158,d35a9c6664a5b1d8
4,datasets\raw\Mango\Powdery Mildew\IMG_20211107_125813 (Custom).jpg,datasets\raw\Mango\Powdery Mildew\IMG_20211107_125839 (Custom).jpg,b3e6cc998c999899,b3e6cc9998999998
4,datasets\raw\Mango\Powdery Mildew\IMG_20211107_125839 (Custom).jpg,datasets\raw\Mango\Powdery Mildew\IMG_20211107_125842 (Custom).jpg,b3e6cc9998999998,b3e6cc9998cc9998
4,datasets\raw\PlantVillage\Pepper__bell___Bacterial_spot\21556c18-1833-43a9-86b2-8e7130b4dbce___JR_B.Spot 3230.JPG,datasets\raw\PlantVillage\Pepper__bell___Bacterial_spot\d0776882-b233-48b9-a7dc-a426ffc7cd0e___JR_B.Spot 3227.JPG,c26527793e935899,c26527793db35898
4,datasets\raw\PlantVillage\Pepper__bell___healthy\8ba4d183-e33e-4333-b839-2626bd0f450b___JR_HL 8049.JPG,datasets\raw\PlantVillage\Tomato_Bacterial_spot\4f844956-b7ab-4a05-80cf-20ac61fa91c8___GCREC_Bact.Sp 3038.JPG,ebe4c48f9c189939,ebe4c48f961a9839
4,datasets\raw\PlantVillage\Tomato_Bacterial_spot\741e2f09-1b62-42c2-b218-6504d57c0f27___GCREC_Bact.Sp 3302.JPG,datasets\raw\PlantVillage\Tomato_Bacterial_spot\e2286f6d-1e30-4528-ab51-84c18a16b7e1___GCREC_Bact.Sp 3503.JPG,eae5841e9ab84bb1,eae5841e92f80bb3
4,datasets\raw\PlantVillage\Tomato__Tomato_YellowLeaf__Curl_Virus\3661efa4-82dc-488c-bade-d11056803e75___UF.GRC_YLCV_Lab 01760.JPG,datasets\raw\PlantVillage\Tomato__Tomato_YellowLeaf__Curl_Virus\45f05974-1b81-455b-8264-539c45ca1f75___UF.GRC_YLCV_Lab 01761.JPG,c23a2fddd0aa8533,c23a2fdd92aa8572
4,datasets\raw\Rice\Bacterial Leaf Blight\IMG_20231014_173727.jpg,datasets\raw\Rice\Bacterial Leaf Blight\IMG_20231014_173727_1.jpg,ff0563b6cc62a151,ff0563b6dc42a511
4,datasets\raw\Rice\Healthy Rice Leaf\Healthy_rice_leaf (47).jpg,datasets\raw\Rice\Healthy Rice Leaf\Healthy_rice_leaf (48).jpg,d9ea315867344af1,d9ea315865144ff1
4,datasets\raw\Rice\Leaf scald\aug_0_5285.jpg,datasets\raw\Rice\Leaf scald\aug_0_5829.jpg,c6cd4a0c271d86fb,c6cd4a0c2715cef9
4,datasets\raw\Rice\Leaf scald\Leaf_scald (24).jpg,datasets\raw\Rice\Leaf scald\Leaf_scald (28).jpg,d76a31998ed3e111,d76a31998cd7c311
4,datasets\raw\Rice\Leaf scald\Leaf_scald (24).jpg,datasets\raw\Rice\Leaf scald\Leaf_scald (30).jpg,d76a31998ed3e111,d76a31998ed78311
4,datasets\raw\Rice\Leaf scald\Leaf_scald (25).jpg,datasets\raw\Rice\Leaf scald\Leaf_scald (28).jpg,d76a31998ed3e111,d76a31998cd7c311
4,datasets\raw\Rice\Leaf scald\Leaf_scald (25).jpg,datasets\raw\Rice\Leaf scald\Leaf_scald (30).jpg,d76a31998ed3e111,d76a31998ed78311
4,datasets\raw\Rice\Sheath Blight\aug_0_657.jpg,datasets\raw\Rice\Sheath Blight\aug_0_8122.jpg,c9893193b6b6aaa6,c9893193b6b69ba2
