distance,image_a,image_b,crop_a,crop_b,dataset_a,dataset_b,review_priority
0,datasets\raw\Banana\AugmentedSet\cordana\110_aug.jpeg,datasets\raw\Banana\OriginalSet\cordana\65.jpeg,Banana,Banana,augmented,original,HIGH
0,datasets\raw\Banana\AugmentedSet\cordana\119_aug.jpeg,datasets\raw\Banana\OriginalSet\cordana\10.jpeg,Banana,Banana,augmented,original,HIGH
0,datasets\raw\Banana\AugmentedSet\cordana\128_aug.jpeg,datasets\raw\Banana\AugmentedSet\cordana\129_aug.jpeg,Banana,Banana,augmented,augmented,HIGH
0,datasets\raw\Banana\AugmentedSet\cordana\133_aug.jpeg,datasets\raw\Banana\OriginalSet\cordana\88.jpeg,Banana,Banana,augmented,original,HIGH
0,datasets\raw\Banana\AugmentedSet\cordana\169_aug.jpeg,datasets\raw\Banana\AugmentedSet\cordana\171_aug.jpeg,Banana,Banana,augmented,augmented,HIGH
0,datasets\raw\Banana\AugmentedSet\cordana\173_aug.jpeg,datasets\raw\Banana\OriginalSet\cordana\119.jpeg,Banana,Banana,augmented,original,HIGH
0,datasets\raw\Banana\AugmentedSet\cordana\1_aug.jpeg,datasets\raw\Banana\OriginalSet\cordana\45.jpeg,Banana,Banana,augmented,original,HIGH
0,datasets\raw\Banana\AugmentedSet\cordana\20_aug.jpeg,datasets\raw\Banana\AugmentedSet\cordana\21_aug.jpeg,Banana,Banana,augmented,augmented,HIGH
0,datasets\raw\Banana\AugmentedSet\cordana\211_aug.jpeg,datasets\raw\Banana\OriginalSet\cordana\9.jpeg,Banana,Banana,augmented,original,HIGH
0,datasets\raw\Banana\AugmentedSet\cordana\224_aug.jpeg,datasets\raw\Banana\OriginalSet\cordana\30.jpeg,Banana,Banana,augmented,original,HIGH
0,datasets\raw\Banana\AugmentedSet\cordana\226_aug.jpeg,datasets\raw\Banana\OriginalSet\cordana\110.jpeg,Banana,Banana,augmented,original,HIGH
0,datasets\raw\Banana\AugmentedSet\cordana\229_aug.jpeg,datasets\raw\Banana\OriginalSet\cordana\35.jpeg,Banana,Banana,augmented,original,HIGH
0,datasets\raw\Banana\AugmentedSet\cordana\271_aug.jpeg,datasets\raw\Banana\OriginalSet\cordana\31.jpeg,Banana,Banana,augmented,original,HIGH
0,datasets\raw\Banana\AugmentedSet\cordana\284_aug.jpeg,datasets\raw\Banana\OriginalSet\cordana\16.jpeg,Banana,Banana,augmented,original,HIGH
0,datasets\raw\Banana\AugmentedSet\cordana\292_aug.jpeg,datasets\raw\Banana\AugmentedSet\cordana\293_aug.jpeg,Banana,Banana,augmented,augmented,HIGH
0,datasets\raw\Banana\AugmentedSet\cordana\323_aug.jpeg,datasets\raw\Banana\OriginalSet\cordana\12.jpeg,Banana,Banana,augmented,original,HIGH
0,datasets\raw\Banana\AugmentedSet\cordana\331_aug.jpeg,datasets\raw\Banana\OriginalSet\cordana\15.jpeg,Banana,Banana,augmented,original,HIGH
0,datasets\raw\Banana\AugmentedSet\cordana\360_aug.jpeg,datasets\raw\Banana\OriginalSet\cordana\91.jpeg,Banana,Banana,augmented,original,HIGH
0,datasets\raw\Banana\AugmentedSet\cordana\366_aug.jpeg,datasets\raw\Banana\OriginalSet\cordana\4.jpeg,Banana,Banana,augmented,original,HIGH
0,datasets\raw\Banana\AugmentedSet\cordana\376_aug.jpeg,datasets\raw\Banana\OriginalSet\cordana\83.jpeg,Banana,Banana,augmented,original,HIGH
0,datasets\raw\Banana\AugmentedSet\cordana\6_aug.jpeg,datasets\raw\Banana\AugmentedSet\cordana\8_aug.jpeg,Banana,Banana,augmented,augmented,HIGH
0,datasets\raw\Banana\AugmentedSet\cordana\6_aug.jpeg,datasets\raw\Banana\OriginalSet\cordana\1.jpeg,Banana,Banana,augmented,original,HIGH
0,datasets\raw\Banana\AugmentedSet\cordana\8_aug.jpeg,datasets\raw\Banana\OriginalSet\cordana\1.jpeg,Banana,Banana,augmented,original,HIGH
0,datasets\raw\Banana\AugmentedSet\cordana\83_aug.jpeg,datasets\raw\Banana\OriginalSet\cordana\90.jpeg,Banana,Banana,augmented,original,HIGH
0,datasets\raw\Banana\AugmentedSet\cordana\95_aug.jpeg,datasets\raw\Banana\OriginalSet\cordana\107.jpeg,Banana,Banana,augmented,original,HIGH
0,datasets\raw\Banana\AugmentedSet\healthy\127_aug.jpeg,datasets\raw\Banana\OriginalSet\healthy\32.jpeg,Banana,Banana,augmented,original,HIGH
0,datasets\raw\Banana\AugmentedSet\healthy\127_aug.jpeg,datasets\raw\Banana\OriginalSet\healthy\38.jpeg,Banana,Banana,augmented,original,HIGH
0,datasets\raw\Banana\OriginalSet\healthy\32.jpeg,datasets\raw\Banana\OriginalSet\healthy\38.jpeg,Banana,Banana,original,original,HIGH
0,datasets\raw\Banana\AugmentedSet\healthy\130_aug.jpeg,datasets\raw\Banana\AugmentedSet\healthy\150_aug.jpeg,Banana,Banana,augmented,augmented,HIGH
0,datasets\raw\Banana\AugmentedSet\healthy\130_aug.jpeg,datasets\raw\Banana\AugmentedSet\healthy\151_aug.jpeg,Banana,Banana,augmented,augmented,HIGH
0,datasets\raw\Banana\AugmentedSet\healthy\130_aug.jpeg,datasets\raw\Banana\OriginalSet\healthy\33.jpeg,Banana,Banana,augmented,original,HIGH
0,datasets\raw\Banana\AugmentedSet\healthy\130_aug.jpeg,datasets\raw\Banana\OriginalSet\healthy\36.jpeg,Banana,Banana,augmented,original,HIGH
0,datasets\raw\Banana\AugmentedSet\healthy\150_aug.jpeg,datasets\raw\Banana\AugmentedSet\healthy\151_aug.jpeg,Banana,Banana,augmented,augmented,HIGH
0,datasets\raw\Banana\AugmentedSet\healthy\150_aug.jpeg,datasets\raw\Banana\OriginalSet\healthy\33.jpeg,Banana,Banana,augmented,original,HIGH
0,datasets\raw\Banana\AugmentedSet\healthy\150_aug.jpeg,datasets\raw\Banana\OriginalSet\healthy\36.jpeg,Banana,Banana,augmented,original,HIGH
0,datasets\raw\Banana\AugmentedSet\healthy\151_aug.jpeg,datasets\raw\Banana\OriginalSet\healthy\33.jpeg,Banana,Banana,augmented,original,HIGH
0,datasets\raw\Banana\AugmentedSet\healthy\151_aug.jpeg,datasets\raw\Banana\OriginalSet\healthy\36.jpeg,Banana,Banana,augmented,original,HIGH
0,datasets\raw\Banana\OriginalSet\healthy\33.jpeg,datasets\raw\Banana\OriginalSet\healthy\36.jpeg,Banana,Banana,original,original,HIGH
0,datasets\raw\Banana\AugmentedSet\healthy\136_aug.jpeg,datasets\raw\Banana\AugmentedSet\healthy\145_aug.jpeg,Banana,Banana,augmented,augmented,HIGH
0,datasets\raw\Banana\AugmentedSet\healthy\154_aug.jpeg,datasets\raw\Banana\OriginalSet\healthy\37.jpeg,Banana,Banana,augmented,original,HIGH
0,datasets\raw\Banana\AugmentedSet\healthy\181_aug.jpeg,datasets\raw\Banana\AugmentedSet\healthy\269_aug.jpeg,Banana,Banana,augmented,augmented,HIGH
0,datasets\raw\Banana\AugmentedSet\healthy\181_aug.jpeg,datasets\raw\Banana\OriginalSet\healthy\42.jpeg,Banana,Banana,augmented,original,HIGH
0,datasets\raw\Banana\AugmentedSet\healthy\181_aug.jpeg,datasets\raw\Banana\OriginalSet\healthy\6.jpeg,Banana,Banana,augmented,original,HIGH
0,datasets\raw\Banana\AugmentedSet\healthy\269_aug.jpeg,datasets\raw\Banana\OriginalSet\healthy\42.jpeg,Banana,Banana,augmented,original,HIGH
0,datasets\raw\Banana\AugmentedSet\healthy\269_aug.jpeg,datasets\raw\Banana\OriginalSet\healthy\6.jpeg,Banana,Banana,augmented,original,HIGH
0,datasets\raw\Banana\OriginalSet\healthy\42.jpeg,datasets\raw\Banana\OriginalSet\healthy\6.jpeg,Banana,Banana,original,original,HIGH
0,datasets\raw\Banana\AugmentedSet\healthy\190_aug.jpeg,datasets\raw\Banana\AugmentedSet\healthy\31_aug.jpeg,Banana,Banana,augmented,augmented,HIGH
0,datasets\raw\Banana\AugmentedSet\healthy\22_aug.jpeg,datasets\raw\Banana\OriginalSet\healthy\13.jpeg,Banana,Banana,augmented,original,HIGH
0,datasets\raw\Banana\AugmentedSet\healthy\22_aug.jpeg,datasets\raw\Banana\OriginalSet\healthy\43.jpeg,Banana,Banana,augmented,original,HIGH
0,datasets\raw\Banana\OriginalSet\healthy\13.jpeg,datasets\raw\Banana\OriginalSet\healthy\43.jpeg,Banana,Banana,original,original,HIGH
0,datasets\raw\Banana\AugmentedSet\healthy\233_aug.jpeg,datasets\raw\Banana\OriginalSet\healthy\53.jpeg,Banana,Banana,augmented,original,HIGH
0,datasets\raw\Banana\AugmentedSet\healthy\236_aug.jpeg,datasets\raw\Banana\AugmentedSet\healthy\77_aug.jpeg,Banana,Banana,augmented,augmented,HIGH
0,datasets\raw\Banana\AugmentedSet\healthy\236_aug.jpeg,datasets\raw\Banana\OriginalSet\healthy\23.jpeg,Banana,Banana,augmented,original,HIGH
0,datasets\raw\Banana\AugmentedSet\healthy\236_aug.jpeg,datasets\raw\Banana\OriginalSet\healthy\54.jpeg,Banana,Banana,augmented,original,HIGH
0,datasets\raw\Banana\AugmentedSet\healthy\77_aug.jpeg,datasets\raw\Banana\OriginalSet\healthy\23.jpeg,Banana,Banana,augmented,original,HIGH
0,datasets\raw\Banana\AugmentedSet\healthy\77_aug.jpeg,datasets\raw\Banana\OriginalSet\healthy\54.jpeg,Banana,Banana,augmented,original,HIGH
0,datasets\raw\Banana\OriginalSet\healthy\23.jpeg,datasets\raw\Banana\OriginalSet\healthy\54.jpeg,Banana,Banana,original,original,HIGH
0,datasets\raw\Banana\AugmentedSet\healthy\257_aug.jpeg,datasets\raw\Banana\AugmentedSet\healthy\258_aug.jpeg,Banana,Banana,augmented,augmented,HIGH
0,datasets\raw\Banana\AugmentedSet\healthy\257_aug.jpeg,datasets\raw\Banana\OriginalSet\healthy\19.jpeg,Banana,Banana,augmented,original,HIGH
0,datasets\raw\Banana\AugmentedSet\healthy\257_aug.jpeg,datasets\raw\Banana\OriginalSet\healthy\58.jpeg,Banana,Banana,augmented,original,HIGH
0,datasets\raw\Banana\AugmentedSet\healthy\258_aug.jpeg,datasets\raw\Banana\OriginalSet\healthy\19.jpeg,Banana,Banana,augmented,original,HIGH
0,datasets\raw\Banana\AugmentedSet\healthy\258_aug.jpeg,datasets\raw\Banana\OriginalSet\healthy\58.jpeg,Banana,Banana,augmented,original,HIGH
0,datasets\raw\Banana\OriginalSet\healthy\19.jpeg,datasets\raw\Banana\OriginalSet\healthy\58.jpeg,Banana,Banana,original,original,HIGH
0,datasets\raw\Banana\AugmentedSet\healthy\280_aug.jpeg,datasets\raw\Banana\AugmentedSet\healthy\281_aug.jpeg,Banana,Banana,augmented,augmented,HIGH
0,datasets\raw\Banana\AugmentedSet\healthy\314_aug.jpeg,datasets\raw\Banana\OriginalSet\healthy\40.jpeg,Banana,Banana,augmented,original,HIGH
0,datasets\raw\Banana\AugmentedSet\healthy\314_aug.jpeg,datasets\raw\Banana\OriginalSet\healthy\7.jpeg,Banana,Banana,augmented,original,HIGH
0,datasets\raw\Banana\OriginalSet\healthy\40.jpeg,datasets\raw\Banana\OriginalSet\healthy\7.jpeg,Banana,Banana,original,original,HIGH
0,datasets\raw\Banana\AugmentedSet\healthy\342_aug.jpeg,datasets\raw\Banana\OriginalSet\healthy\75.jpeg,Banana,Banana,augmented,original,HIGH
0,datasets\raw\Banana\AugmentedSet\healthy\35_aug.jpeg,datasets\raw\Banana\OriginalSet\healthy\108.jpeg,Banana,Banana,augmented,original,HIGH
0,datasets\raw\Banana\AugmentedSet\healthy\35_aug.jpeg,datasets\raw\Banana\OriginalSet\healthy\16.jpeg,Banana,Banana,augmented,original,HIGH
0,datasets\raw\Banana\OriginalSet\healthy\108.jpeg,datasets\raw\Banana\OriginalSet\healthy\16.jpeg,Banana,Banana,original,original,HIGH
0,datasets\raw\Banana\AugmentedSet\healthy\397_aug.jpeg,datasets\raw\Banana\OriginalSet\healthy\47.jpeg,Banana,Banana,augmented,original,HIGH
0,datasets\raw\Banana\AugmentedSet\healthy\397_aug.jpeg,datasets\raw\Banana\OriginalSet\healthy\9.jpeg,Banana,Banana,augmented,original,HIGH
0,datasets\raw\Banana\OriginalSet\healthy\47.jpeg,datasets\raw\Banana\OriginalSet\healthy\9.jpeg,Banana,Banana,original,original,HIGH
0,datasets\raw\Banana\AugmentedSet\healthy\81_aug.jpeg,datasets\raw\Banana\OriginalSet\healthy\126.jpeg,Banana,Banana,augmented,original,HIGH
0,datasets\raw\Banana\AugmentedSet\healthy\81_aug.jpeg,datasets\raw\Banana\OriginalSet\healthy\24.jpeg,Banana,Banana,augmented,original,HIGH
0,datasets\raw\Banana\OriginalSet\healthy\126.jpeg,datasets\raw\Banana\OriginalSet\healthy\24.jpeg,Banana,Banana,original,original,HIGH
0,datasets\raw\Banana\AugmentedSet\healthy\84_aug.jpeg,datasets\raw\Banana\OriginalSet\healthy\26.jpeg,Banana,Banana,augmented,original,HIGH
0,datasets\raw\Banana\AugmentedSet\healthy\84_aug.jpeg,datasets\raw\Banana\OriginalSet\healthy\56.jpeg,Banana,Banana,augmented,original,HIGH
0,datasets\raw\Banana\OriginalSet\healthy\26.jpeg,datasets\raw\Banana\OriginalSet\healthy\56.jpeg,Banana,Banana,original,original,HIGH
0,datasets\raw\Banana\AugmentedSet\healthy\86_aug.jpeg,datasets\raw\Banana\AugmentedSet\healthy\90_aug.jpeg,Banana,Banana,augmented,augmented,HIGH
0,datasets\raw\Banana\AugmentedSet\healthy\97_aug.jpeg,datasets\raw\Banana\OriginalSet\healthy\27.jpeg,Banana,Banana,augmented,original,HIGH
0,datasets\raw\Banana\AugmentedSet\healthy\97_aug.jpeg,datasets\raw\Banana\OriginalSet\healthy\57.jpeg,Banana,Banana,augmented,original,HIGH
0,datasets\raw\Banana\OriginalSet\healthy\27.jpeg,datasets\raw\Banana\OriginalSet\healthy\57.jpeg,Banana,Banana,original,original,HIGH
0,datasets\raw\Banana\AugmentedSet\pestalotiopsis\129_aug.jpeg,datasets\raw\Banana\OriginalSet\pestalotiopsis\18.jpeg,Banana,Banana,augmented,original,HIGH
0,datasets\raw\Banana\AugmentedSet\pestalotiopsis\164_aug.jpeg,datasets\raw\Banana\OriginalSet\pestalotiopsis\28.jpeg,Banana,Banana,augmented,original,HIGH
0,datasets\raw\Banana\AugmentedSet\pestalotiopsis\167_aug.jpeg,datasets\raw\Banana\OriginalSet\pestalotiopsis\29.jpeg,Banana,Banana,augmented,original,HIGH
0,datasets\raw\Banana\AugmentedSet\pestalotiopsis\201_aug.jpeg,datasets\raw\Banana\OriginalSet\pestalotiopsis\40.jpeg,Banana,Banana,augmented,original,HIGH
0,datasets\raw\Banana\AugmentedSet\pestalotiopsis\217_aug.jpeg,datasets\raw\Banana\OriginalSet\pestalotiopsis\44.jpeg,Banana,Banana,augmented,original,HIGH
0,datasets\raw\Banana\AugmentedSet\pestalotiopsis\240_aug.jpeg,datasets\raw\Banana\OriginalSet\pestalotiopsis\51.jpeg,Banana,Banana,augmented,original,HIGH
0,datasets\raw\Banana\AugmentedSet\pestalotiopsis\297_aug.jpeg,datasets\raw\Banana\OriginalSet\pestalotiopsis\67.jpeg,Banana,Banana,augmented,original,HIGH
0,datasets\raw\Banana\AugmentedSet\pestalotiopsis\363_aug.jpeg,datasets\raw\Banana\OriginalSet\pestalotiopsis\84.jpeg,Banana,Banana,augmented,original,HIGH
0,datasets\raw\Banana\AugmentedSet\pestalotiopsis\392_aug.jpeg,datasets\raw\Banana\OriginalSet\pestalotiopsis\95.jpeg,Banana,Banana,augmented,original,HIGH
0,datasets\raw\Banana\AugmentedSet\pestalotiopsis\41_aug.jpeg,datasets\raw\Banana\OriginalSet\pestalotiopsis\112.jpeg,Banana,Banana,augmented,original,HIGH
0,datasets\raw\Banana\AugmentedSet\pestalotiopsis\43_aug.jpeg,datasets\raw\Banana\OriginalSet\pestalotiopsis\113.jpeg,Banana,Banana,augmented,original,HIGH
0,datasets\raw\Banana\AugmentedSet\pestalotiopsis\60_aug.jpeg,datasets\raw\Banana\OriginalSet\pestalotiopsis\118.jpeg,Banana,Banana,augmented,original,HIGH
0,datasets\raw\Banana\AugmentedSet\pestalotiopsis\99_aug.jpeg,datasets\raw\Banana\OriginalSet\pestalotiopsis\13.jpeg,Banana,Banana,augmented,original,HIGH
0,datasets\raw\Banana\AugmentedSet\sigatoka\102_aug.jpeg,datasets\raw\Banana\OriginalSet\sigatoka\197.jpeg,Banana,Banana,augmented,original,HIGH
0,datasets\raw\Banana\AugmentedSet\sigatoka\132_aug.jpeg,datasets\raw\Banana\OriginalSet\sigatoka\219.jpeg,Banana,Banana,augmented,original,HIGH
0,datasets\raw\Banana\AugmentedSet\sigatoka\144_aug.jpeg,datasets\raw\Banana\OriginalSet\sigatoka\227.jpeg,Banana,Banana,augmented,original,HIGH
0,datasets\raw\Banana\AugmentedSet\sigatoka\310_aug.jpeg,datasets\raw\Banana\OriginalSet\sigatoka\402.jpeg,Banana,Banana,augmented,original,HIGH
0,datasets\raw\Banana\AugmentedSet\sigatoka\317_aug.jpeg,datasets\raw\Banana\OriginalSet\sigatoka\406.jpeg,Banana,Banana,augmented,original,HIGH
0,datasets\raw\Banana\AugmentedSet\sigatoka\325_aug.jpeg,datasets\raw\Banana\OriginalSet\sigatoka\416.jpeg,Banana,Banana,augmented,original,HIGH
0,datasets\raw\Banana\AugmentedSet\sigatoka\373_aug.jpeg,datasets\raw\Banana\OriginalSet\sigatoka\74.jpeg,Banana,Banana,augmented,original,HIGH
0,datasets\raw\Banana\AugmentedSet\sigatoka\379_aug.jpeg,datasets\raw\Banana\OriginalSet\sigatoka\8.jpeg,Banana,Banana,augmented,original,HIGH
0,datasets\raw\Banana\AugmentedSet\sigatoka\382_aug.jpeg,datasets\raw\Banana\OriginalSet\sigatoka\81.jpeg,Banana,Banana,augmented,original,HIGH
0,datasets\raw\Banana\AugmentedSet\sigatoka\51_aug.jpeg,datasets\raw\Banana\OriginalSet\sigatoka\144.jpeg,Banana,Banana,augmented,original,HIGH
0,datasets\raw\Banana\AugmentedSet\sigatoka\97_aug.jpeg,datasets\raw\Banana\OriginalSet\sigatoka\193.jpeg,Banana,Banana,augmented,original,HIGH
0,datasets\raw\Banana\AugmentedSet\sigatoka\99_aug.jpeg,datasets\raw\Banana\OriginalSet\sigatoka\195.jpeg,Banana,Banana,augmented,original,HIGH
0,datasets\raw\Banana\OriginalSet\healthy\0.jpeg,datasets\raw\Banana\OriginalSet\healthy\104.jpeg,Banana,Banana,original,original,HIGH
0,datasets\raw\Banana\OriginalSet\healthy\1.jpeg,datasets\raw\Banana\OriginalSet\healthy\109.jpeg,Banana,Banana,original,original,HIGH
0,datasets\raw\Banana\OriginalSet\healthy\10.jpeg,datasets\raw\Banana\OriginalSet\healthy\106.jpeg,Banana,Banana,original,original,HIGH
0,datasets\raw\Banana\OriginalSet\healthy\101.jpeg,datasets\raw\Banana\OriginalSet\healthy\46.jpeg,Banana,Banana,original,original,HIGH
0,datasets\raw\Banana\OriginalSet\healthy\102.jpeg,datasets\raw\Banana\OriginalSet\healthy\39.jpeg,Banana,Banana,original,original,HIGH
0,datasets\raw\Banana\OriginalSet\healthy\103.jpeg,datasets\raw\Banana\OriginalSet\healthy\110.jpeg,Banana,Banana,original,original,HIGH
0,datasets\raw\Banana\OriginalSet\healthy\105.jpeg,datasets\raw\Banana\OriginalSet\healthy\11.jpeg,Banana,Banana,original,original,HIGH
0,datasets\raw\Banana\OriginalSet\healthy\107.jpeg,datasets\raw\Banana\OriginalSet\healthy\14.jpeg,Banana,Banana,original,original,HIGH
0,datasets\raw\Banana\OriginalSet\healthy\111.jpeg,datasets\raw\Banana\OriginalSet\healthy\18.jpeg,Banana,Banana,original,original,HIGH
0,datasets\raw\Banana\OriginalSet\healthy\112.jpeg,datasets\raw\Banana\OriginalSet\healthy\62.jpeg,Banana,Banana,original,original,HIGH
0,datasets\raw\Banana\OriginalSet\healthy\12.jpeg,datasets\raw\Banana\OriginalSet\healthy\45.jpeg,Banana,Banana,original,original,HIGH
0,datasets\raw\Banana\OriginalSet\healthy\122.jpeg,datasets\raw\Banana\OriginalSet\pestalotiopsis\78.jpeg,Banana,Banana,original,original,HIGH
0,datasets\raw\Banana\OriginalSet\healthy\123.jpeg,datasets\raw\Banana\OriginalSet\healthy\4.jpeg,Banana,Banana,original,original,HIGH
0,datasets\raw\Banana\OriginalSet\healthy\124.jpeg,datasets\raw\Banana\OriginalSet\healthy\30.jpeg,Banana,Banana,original,original,HIGH
0,datasets\raw\Banana\OriginalSet\healthy\125.jpeg,datasets\raw\Banana\OriginalSet\healthy\31.jpeg,Banana,Banana,original,original,HIGH
0,datasets\raw\Banana\OriginalSet\healthy\127.jpeg,datasets\raw\Banana\OriginalSet\healthy\22.jpeg,Banana,Banana,original,original,HIGH
0,datasets\raw\Banana\OriginalSet\healthy\128.jpeg,datasets\raw\Banana\OriginalSet\healthy\21.jpeg,Banana,Banana,original,original,HIGH
0,datasets\raw\Banana\OriginalSet\healthy\15.jpeg,datasets\raw\Banana\OriginalSet\healthy\44.jpeg,Banana,Banana,original,original,HIGH
0,datasets\raw\Banana\OriginalSet\healthy\17.jpeg,datasets\raw\Banana\OriginalSet\healthy\63.jpeg,Banana,Banana,original,original,HIGH
0,datasets\raw\Banana\OriginalSet\healthy\2.jpeg,datasets\raw\Banana\OriginalSet\healthy\34.jpeg,Banana,Banana,original,original,HIGH
0,datasets\raw\Banana\OriginalSet\healthy\20.jpeg,datasets\raw\Banana\OriginalSet\healthy\59.jpeg,Banana,Banana,original,original,HIGH
0,datasets\raw\Banana\OriginalSet\healthy\25.jpeg,datasets\raw\Banana\OriginalSet\healthy\55.jpeg,Banana,Banana,original,original,HIGH
0,datasets\raw\Banana\OriginalSet\healthy\29.jpeg,datasets\raw\Banana\OriginalSet\healthy\51.jpeg,Banana,Banana,original,original,HIGH
0,datasets\raw\Banana\OriginalSet\healthy\3.jpeg,datasets\raw\Banana\OriginalSet\healthy\92.jpeg,Banana,Banana,original,original,HIGH
0,datasets\raw\Banana\OriginalSet\healthy\41.jpeg,datasets\raw\Banana\OriginalSet\healthy\8.jpeg,Banana,Banana,original,original,HIGH
0,datasets\raw\Banana\OriginalSet\healthy\48.jpeg,datasets\raw\Banana\OriginalSet\healthy\89.jpeg,Banana,Banana,original,original,HIGH
0,datasets\raw\Banana\OriginalSet\healthy\49.jpeg,datasets\raw\Banana\OriginalSet\healthy\5.jpeg,Banana,Banana,original,original,HIGH
0,datasets\raw\Cotton\bacterial_blight\2015-angular-leaf-spot-colquitt-county-2.jpg,datasets\raw\Cotton\bacterial_blight\bact355.jpg,Cotton,Cotton,other,other,HIGH
0,datasets\raw\Cotton\bacterial_blight\2015-angular-leaf-spot-colquitt-county-2.jpg,datasets\raw\Cotton\bacterial_blight\bact359.jpg,Cotton,Cotton,other,other,HIGH
0,datasets\raw\Cotton\bacterial_blight\bact355.jpg,datasets\raw\Cotton\bacterial_blight\bact359.jpg,Cotton,Cotton,other,other,HIGH
0,datasets\raw\Cotton\bacterial_blight\5586201.jpg,datasets\raw\Cotton\bacterial_blight\bact436.jpg,Cotton,Cotton,other,other,HIGH
0,datasets\raw\Cotton\bacterial_blight\bact0.jpg,datasets\raw\Cotton\bacterial_blight\bact1.jpg,Cotton,Cotton,other,other,HIGH
0,datasets\raw\Cotton\bacterial_blight\bact107.jpg,datasets\raw\Cotton\bacterial_blight\bact288.jpg,Cotton,Cotton,other,other,HIGH
0,datasets\raw\Cotton\bacterial_blight\bact136.png,datasets\raw\Cotton\bacterial_blight\bact137.png,Cotton,Cotton,other,other,HIGH
0,datasets\raw\Cotton\bacterial_blight\bact142.png,datasets\raw\Cotton\bacterial_blight\bact147.png,Cotton,Cotton,other,other,HIGH
0,datasets\raw\Cotton\bacterial_blight\bact143.png,datasets\raw\Cotton\bacterial_blight\bact148.png,Cotton,Cotton,other,other,HIGH
0,datasets\raw\Cotton\bacterial_blight\bact149.png,datasets\raw\Cotton\bacterial_blight\bact150.png,Cotton,Cotton,other,other,HIGH
0,datasets\raw\Cotton\bacterial_blight\bact151.png,datasets\raw\Cotton\bacterial_blight\bact3.png,Cotton,Cotton,other,other,HIGH
0,datasets\raw\Cotton\bacterial_blight\bact152.png,datasets\raw\Cotton\bacterial_blight\bact4.png,Cotton,Cotton,other,other,HIGH
0,datasets\raw\Cotton\bacterial_blight\bact153.png,datasets\raw\Cotton\bacterial_blight\bact5.png,Cotton,Cotton,other,other,HIGH
0,datasets\raw\Cotton\bacterial_blight\bact158.jpg,datasets\raw\Cotton\bacterial_blight\bact162.jpg,Cotton,Cotton,other,other,HIGH
0,datasets\raw\Cotton\bacterial_blight\bact170.jpg,datasets\raw\Cotton\bacterial_blight\bact174.jpg,Cotton,Cotton,other,other,HIGH
0,datasets\raw\Cotton\bacterial_blight\bact178.png,datasets\raw\Cotton\bacterial_blight\bact247.png,Cotton,Cotton,other,other,HIGH
0,datasets\raw\Cotton\bacterial_blight\bact179.png,datasets\raw\Cotton\bacterial_blight\bact183.png,Cotton,Cotton,other,other,HIGH
0,datasets\raw\Cotton\bacterial_blight\bact179.png,datasets\raw\Cotton\bacterial_blight\bact248.png,Cotton,Cotton,other,other,HIGH
0,datasets\raw\Cotton\bacterial_blight\bact179.png,datasets\raw\Cotton\bacterial_blight\bact252.png,Cotton,Cotton,other,other,HIGH
0,datasets\raw\Cotton\bacterial_blight\bact183.png,datasets\raw\Cotton\bacterial_blight\bact248.png,Cotton,Cotton,other,other,HIGH
0,datasets\raw\Cotton\bacterial_blight\bact183.png,datasets\raw\Cotton\bacterial_blight\bact252.png,Cotton,Cotton,other,other,HIGH
0,datasets\raw\Cotton\bacterial_blight\bact248.png,datasets\raw\Cotton\bacterial_blight\bact252.png,Cotton,Cotton,other,other,HIGH
0,datasets\raw\Cotton\bacterial_blight\bact180.png,datasets\raw\Cotton\bacterial_blight\bact184.png,Cotton,Cotton,other,other,HIGH
0,datasets\raw\Cotton\bacterial_blight\bact180.png,datasets\raw\Cotton\bacterial_blight\bact249.png,Cotton,Cotton,other,other,HIGH
0,datasets\raw\Cotton\bacterial_blight\bact180.png,datasets\raw\Cotton\bacterial_blight\bact253.png,Cotton,Cotton,other,other,HIGH
0,datasets\raw\Cotton\bacterial_blight\bact184.png,datasets\raw\Cotton\bacterial_blight\bact249.png,Cotton,Cotton,other,other,HIGH
0,datasets\raw\Cotton\bacterial_blight\bact184.png,datasets\raw\Cotton\bacterial_blight\bact253.png,Cotton,Cotton,other,other,HIGH
0,datasets\raw\Cotton\bacterial_blight\bact249.png,datasets\raw\Cotton\bacterial_blight\bact253.png,Cotton,Cotton,other,other,HIGH
0,datasets\raw\Cotton\bacterial_blight\bact181.png,datasets\raw\Cotton\bacterial_blight\bact185.png,Cotton,Cotton,other,other,HIGH
0,datasets\raw\Cotton\bacterial_blight\bact181.png,datasets\raw\Cotton\bacterial_blight\bact250.png,Cotton,Cotton,other,other,HIGH
0,datasets\raw\Cotton\bacterial_blight\bact181.png,datasets\raw\Cotton\bacterial_blight\bact254.png,Cotton,Cotton,other,other,HIGH
0,datasets\raw\Cotton\bacterial_blight\bact185.png,datasets\raw\Cotton\bacterial_blight\bact250.png,Cotton,Cotton,other,other,HIGH
0,datasets\raw\Cotton\bacterial_blight\bact185.png,datasets\raw\Cotton\bacterial_blight\bact254.png,Cotton,Cotton,other,other,HIGH
0,datasets\raw\Cotton\bacterial_blight\bact250.png,datasets\raw\Cotton\bacterial_blight\bact254.png,Cotton,Cotton,other,other,HIGH
0,datasets\raw\Cotton\bacterial_blight\bact186.png,datasets\raw\Cotton\bacterial_blight\bact190.png,Cotton,Cotton,other,other,HIGH
0,datasets\raw\Cotton\bacterial_blight\bact186.png,datasets\raw\Cotton\bacterial_blight\bact255.png,Cotton,Cotton,other,other,HIGH
0,datasets\raw\Cotton\bacterial_blight\bact186.png,datasets\raw\Cotton\bacterial_blight\bact259.png,Cotton,Cotton,other,other,HIGH
0,datasets\raw\Cotton\bacterial_blight\bact190.png,datasets\raw\Cotton\bacterial_blight\bact255.png,Cotton,Cotton,other,other,HIGH
0,datasets\raw\Cotton\bacterial_blight\bact190.png,datasets\raw\Cotton\bacterial_blight\bact259.png,Cotton,Cotton,other,other,HIGH
0,datasets\raw\Cotton\bacterial_blight\bact255.png,datasets\raw\Cotton\bacterial_blight\bact259.png,Cotton,Cotton,other,other,HIGH
0,datasets\raw\Cotton\bacterial_blight\bact187.png,datasets\raw\Cotton\bacterial_blight\bact256.png,Cotton,Cotton,other,other,HIGH
0,datasets\raw\Cotton\bacterial_blight\bact188.png,datasets\raw\Cotton\bacterial_blight\bact257.png,Cotton,Cotton,other,other,HIGH
0,datasets\raw\Cotton\bacterial_blight\bact189.png,datasets\raw\Cotton\bacterial_blight\bact258.png,Cotton,Cotton,other,other,HIGH
0,datasets\raw\Cotton\bacterial_blight\bact193.png,datasets\raw\Cotton\bacterial_blight\bact262.png,Cotton,Cotton,other,other,HIGH
0,datasets\raw\Cotton\bacterial_blight\bact191.png,datasets\raw\Cotton\bacterial_blight\bact260.png,Cotton,Cotton,other,other,HIGH
0,datasets\raw\Cotton\bacterial_blight\bact192.png,datasets\raw\Cotton\bacterial_blight\bact261.png,Cotton,Cotton,other,other,HIGH
0,datasets\raw\Cotton\bacterial_blight\bact205.png,datasets\raw\Cotton\bacterial_blight\bact209.png,Cotton,Cotton,other,other,HIGH
0,datasets\raw\Cotton\bacterial_blight\bact211.jpg,datasets\raw\Cotton\bacterial_blight\bact215.jpg,Cotton,Cotton,other,other,HIGH
0,datasets\raw\Cotton\bacterial_blight\bact219.jpg,datasets\raw\Cotton\bacterial_blight\bact223.jpg,Cotton,Cotton,other,other,HIGH
0,datasets\raw\Cotton\bacterial_blight\bact225.jpg,datasets\raw\Cotton\bacterial_blight\bact229.jpg,Cotton,Cotton,other,other,HIGH
0,datasets\raw\Cotton\bacterial_blight\bact225.jpg,datasets\raw\Cotton\bacterial_blight\leaf-blight-7-13-16-225x300 - Copy.jpg,Cotton,Cotton,other,other,HIGH
0,datasets\raw\Cotton\bacterial_blight\bact225.jpg,datasets\raw\Cotton\bacterial_blight\leaf-blight-7-13-16-225x300.jpg,Cotton,Cotton,other,other,HIGH
0,datasets\raw\Cotton\bacterial_blight\bact229.jpg,datasets\raw\Cotton\bacterial_blight\leaf-blight-7-13-16-225x300 - Copy.jpg,Cotton,Cotton,other,other,HIGH
0,datasets\raw\Cotton\bacterial_blight\bact229.jpg,datasets\raw\Cotton\bacterial_blight\leaf-blight-7-13-16-225x300.jpg,Cotton,Cotton,other,other,HIGH
0,datasets\raw\Cotton\bacterial_blight\leaf-blight-7-13-16-225x300 - Copy.jpg,datasets\raw\Cotton\bacterial_blight\leaf-blight-7-13-16-225x300.jpg,Cotton,Cotton,other,other,HIGH
0,datasets\raw\Cotton\bacterial_blight\bact228.jpg,datasets\raw\Cotton\bacterial_blight\bact232.jpg,Cotton,Cotton,other,other,HIGH
0,datasets\raw\Cotton\bacterial_blight\P1010086jpg - Copy.jpg,datasets\raw\Cotton\bacterial_blight\P1010086jpg.jpg,Cotton,Cotton,other,other,HIGH
0,datasets\raw\Cotton\bacterial_blight\bact266.jpg,datasets\raw\Cotton\bacterial_blight\bact270.jpg,Cotton,Cotton,other,other,HIGH
0,datasets\raw\Cotton\bacterial_blight\bact280.jpg,datasets\raw\Cotton\bacterial_blight\bact284.jpg,Cotton,Cotton,other,other,HIGH
0,datasets\raw\Cotton\bacterial_blight\bact281.jpg,datasets\raw\Cotton\bacterial_blight\bact285.jpg,Cotton,Cotton,other,other,HIGH
0,datasets\raw\Cotton\bacterial_blight\bact282.jpg,datasets\raw\Cotton\bacterial_blight\bact286.jpg,Cotton,Cotton,other,other,HIGH
0,datasets\raw\Cotton\bacterial_blight\bact291.jpg,datasets\raw\Cotton\bacterial_blight\bact295.jpg,Cotton,Cotton,other,other,HIGH
0,datasets\raw\Cotton\bacterial_blight\bact292.jpg,datasets\raw\Cotton\bacterial_blight\bact296.jpg,Cotton,Cotton,other,other,HIGH
0,datasets\raw\Cotton\bacterial_blight\bact293.jpg,datasets\raw\Cotton\bacterial_blight\bact297.jpg,Cotton,Cotton,other,other,HIGH
0,datasets\raw\Cotton\bacterial_blight\bact301.jpg,datasets\raw\Cotton\bacterial_blight\bact306.jpg,Cotton,Cotton,other,other,HIGH
0,datasets\raw\Cotton\bacterial_blight\bact317.jpg,datasets\raw\Cotton\bacterial_blight\bact321.jpg,Cotton,Cotton,other,other,HIGH
0,datasets\raw\Cotton\bacterial_blight\bact325.jpg,datasets\raw\Cotton\bacterial_blight\bact330.jpg,Cotton,Cotton,other,other,HIGH
0,datasets\raw\Cotton\bacterial_blight\bact331.jpg,datasets\raw\Cotton\bacterial_blight\bact335.jpg,Cotton,Cotton,other,other,HIGH
0,datasets\raw\Cotton\bacterial_blight\bact333.jpg,datasets\raw\Cotton\bacterial_blight\bact337.jpg,Cotton,Cotton,other,other,HIGH
0,datasets\raw\Cotton\bacterial_blight\bact334.jpg,datasets\raw\Cotton\bacterial_blight\bact338.jpg,Cotton,Cotton,other,other,HIGH
0,datasets\raw\Cotton\bacterial_blight\bact339.jpg,datasets\raw\Cotton\bacterial_blight\bact343.jpg,Cotton,Cotton,other,other,HIGH
0,datasets\raw\Cotton\bacterial_blight\bact340.jpg,datasets\raw\Cotton\bacterial_blight\bact344.jpg,Cotton,Cotton,other,other,HIGH
0,datasets\raw\Cotton\bacterial_blight\bact356.jpg,datasets\raw\Cotton\bacterial_blight\bact360.jpg,Cotton,Cotton,other,other,HIGH
0,datasets\raw\Cotton\bacterial_blight\bact362.jpg,datasets\raw\Cotton\bacterial_blight\bact366.jpg,Cotton,Cotton,other,other,HIGH
0,datasets\raw\Cotton\bacterial_blight\bact369.jpg,datasets\raw\Cotton\bacterial_blight\bact373.jpg,Cotton,Cotton,other,other,HIGH
0,datasets\raw\Cotton\bacterial_blight\bact370.jpg,datasets\raw\Cotton\bacterial_blight\bact374.jpg,Cotton,Cotton,other,other,HIGH
0,datasets\raw\Cotton\bacterial_blight\bact371.jpg,datasets\raw\Cotton\bacterial_blight\bact375.jpg,Cotton,Cotton,other,other,HIGH
0,datasets\raw\Cotton\bacterial_blight\bact372.jpg,datasets\raw\Cotton\bacterial_blight\bact376.jpg,Cotton,Cotton,other,other,HIGH
0,datasets\raw\Cotton\bacterial_blight\bact378.png,datasets\raw\Cotton\bacterial_blight\bact382.png,Cotton,Cotton,other,other,HIGH
0,datasets\raw\Cotton\bacterial_blight\bact379.png,datasets\raw\Cotton\bacterial_blight\bact383.png,Cotton,Cotton,other,other,HIGH
0,datasets\raw\Cotton\bacterial_blight\bact386.jpg,datasets\raw\Cotton\bacterial_blight\bact390.jpg,Cotton,Cotton,other,other,HIGH
0,datasets\raw\Cotton\bacterial_blight\bact395.png,datasets\raw\Cotton\bacterial_blight\bact396.png,Cotton,Cotton,other,other,HIGH
0,datasets\raw\Cotton\bacterial_blight\bact397.png,datasets\raw\Cotton\bacterial_blight\bact401.png,Cotton,Cotton,other,other,HIGH
0,datasets\raw\Cotton\bacterial_blight\bact399.png,datasets\raw\Cotton\bacterial_blight\bact403.png,Cotton,Cotton,other,other,HIGH
0,datasets\raw\Cotton\bacterial_blight\bact407.jpg,datasets\raw\Cotton\bacterial_blight\bact411.jpg,Cotton,Cotton,other,other,HIGH
0,datasets\raw\Cotton\bacterial_blight\bact429.jpg,datasets\raw\Cotton\bacterial_blight\bact433.jpg,Cotton,Cotton,other,other,HIGH
0,datasets\raw\Cotton\bacterial_blight\bact439.jpg,datasets\raw\Cotton\bacterial_blight\bb - Copy.jpg,Cotton,Cotton,other,other,HIGH
0,datasets\raw\Cotton\bacterial_blight\bact439.jpg,datasets\raw\Cotton\bacterial_blight\bb.jpg,Cotton,Cotton,other,other,HIGH
0,datasets\raw\Cotton\bacterial_blight\bb - Copy.jpg,datasets\raw\Cotton\bacterial_blight\bb.jpg,Cotton,Cotton,other,other,HIGH
0,datasets\raw\Cotton\bacterial_blight\bact447 - Copy.jpg,datasets\raw\Cotton\bacterial_blight\bact447.jpg,Cotton,Cotton,other,other,HIGH
0,datasets\raw\Cotton\bacterial_blight\bact443.jpg,datasets\raw\Cotton\bacterial_blight\bact445.jpg,Cotton,Cotton,other,other,HIGH
0,datasets\raw\Cotton\bacterial_blight\bact45.png,datasets\raw\Cotton\bacterial_blight\bact50.png,Cotton,Cotton,other,other,HIGH
0,datasets\raw\Cotton\bacterial_blight\bact46.png,datasets\raw\Cotton\bacterial_blight\bact51.png,Cotton,Cotton,other,other,HIGH
0,datasets\raw\Cotton\bacterial_blight\bact48.png,datasets\raw\Cotton\bacterial_blight\bact49.png,Cotton,Cotton,other,other,HIGH
0,datasets\raw\Cotton\bacterial_blight\bact55.jpg,datasets\raw\Cotton\bacterial_blight\bact60.jpg,Cotton,Cotton,other,other,HIGH
0,datasets\raw\Cotton\bacterial_blight\bact56.jpg,datasets\raw\Cotton\bacterial_blight\bact57.jpg,Cotton,Cotton,other,other,HIGH
0,datasets\raw\Cotton\bacterial_blight\bact61.jpg,datasets\raw\Cotton\bacterial_blight\bact66.jpg,Cotton,Cotton,other,other,HIGH
0,datasets\raw\Cotton\bacterial_blight\bact63.jpg,datasets\raw\Cotton\bacterial_blight\bact68.jpg,Cotton,Cotton,other,other,HIGH
0,datasets\raw\Cotton\bacterial_blight\bact77.jpg,datasets\raw\Cotton\bacterial_blight\bact82.jpg,Cotton,Cotton,other,other,HIGH
0,datasets\raw\Cotton\bacterial_blight\bact81.jpg,datasets\raw\Cotton\bacterial_blight\bact85.jpg,Cotton,Cotton,other,other,HIGH
0,datasets\raw\Cotton\bacterial_blight\bact86.jpg,datasets\raw\Cotton\bacterial_blight\bact90.jpg,Cotton,Cotton,other,other,HIGH
0,datasets\raw\Cotton\bacterial_blight\bact87.jpg,datasets\raw\Cotton\bacterial_blight\bact91.jpg,Cotton,Cotton,other,other,HIGH
0,datasets\raw\Cotton\curl_virus\cotton-leaf-curl-virus-cotton-1595427323.jpg,datasets\raw\Cotton\curl_virus\curl327.jpg,Cotton,Cotton,other,other,HIGH
0,datasets\raw\Cotton\curl_virus\cotton-leaf-curl-virus-cotton-1595427323.jpg,datasets\raw\Cotton\curl_virus\curl387.jpg,Cotton,Cotton,other,other,HIGH
0,datasets\raw\Cotton\curl_virus\curl327.jpg,datasets\raw\Cotton\curl_virus\curl387.jpg,Cotton,Cotton,other,other,HIGH
0,datasets\raw\Cotton\curl_virus\curl331.jpg,datasets\raw\Cotton\curl_virus\curl391.jpg,Cotton,Cotton,other,other,HIGH
0,datasets\raw\Cotton\curl_virus\curl0.jpg,datasets\raw\Cotton\curl_virus\curl310.jpg,Cotton,Cotton,other,other,HIGH
0,datasets\raw\Cotton\curl_virus\curl0.jpg,datasets\raw\Cotton\curl_virus\curl45 - Copy.jpg,Cotton,Cotton,other,other,HIGH
0,datasets\raw\Cotton\curl_virus\curl0.jpg,datasets\raw\Cotton\curl_virus\curl45.jpg,Cotton,Cotton,other,other,HIGH
0,datasets\raw\Cotton\curl_virus\curl0.jpg,datasets\raw\Cotton\curl_virus\curl96.jpg,Cotton,Cotton,other,other,HIGH
0,datasets\raw\Cotton\curl_virus\curl310.jpg,datasets\raw\Cotton\curl_virus\curl45 - Copy.jpg,Cotton,Cotton,other,other,HIGH
0,datasets\raw\Cotton\curl_virus\curl310.jpg,datasets\raw\Cotton\curl_virus\curl45.jpg,Cotton,Cotton,other,other,HIGH
0,datasets\raw\Cotton\curl_virus\curl310.jpg,datasets\raw\Cotton\curl_virus\curl96.jpg,Cotton,Cotton,other,other,HIGH
0,datasets\raw\Cotton\curl_virus\curl45 - Copy.jpg,datasets\raw\Cotton\curl_virus\curl45.jpg,Cotton,Cotton,other,other,HIGH
0,datasets\raw\Cotton\curl_virus\curl45 - Copy.jpg,datasets\raw\Cotton\curl_virus\curl96.jpg,Cotton,Cotton,other,other,HIGH
0,datasets\raw\Cotton\curl_virus\curl45.jpg,datasets\raw\Cotton\curl_virus\curl96.jpg,Cotton,Cotton,other,other,HIGH
0,datasets\raw\Cotton\curl_virus\curl00.jpg,datasets\raw\Cotton\curl_virus\curl123.jpg,Cotton,Cotton,other,other,HIGH
0,datasets\raw\Cotton\curl_virus\curl00.jpg,datasets\raw\Cotton\curl_virus\curl128.jpg,Cotton,Cotton,other,other,HIGH
0,datasets\raw\Cotton\curl_virus\curl123.jpg,datasets\raw\Cotton\curl_virus\curl128.jpg,Cotton,Cotton,other,other,HIGH
0,datasets\raw\Cotton\curl_virus\curl1 (2).jpg,datasets\raw\Cotton\curl_virus\curl112.jpg,Cotton,Cotton,other,other,HIGH
0,datasets\raw\Cotton\curl_virus\curl1 (2).jpg,datasets\raw\Cotton\curl_virus\curl113.jpg,Cotton,Cotton,other,other,HIGH
0,datasets\raw\Cotton\curl_virus\curl1 (2).jpg,datasets\raw\Cotton\curl_virus\images.jpg,Cotton,Cotton,other,other,HIGH
0,datasets\raw\Cotton\curl_virus\curl112.jpg,datasets\raw\Cotton\curl_virus\curl113.jpg,Cotton,Cotton,other,other,HIGH
0,datasets\raw\Cotton\curl_virus\curl112.jpg,datasets\raw\Cotton\curl_virus\images.jpg,Cotton,Cotton,other,other,HIGH
0,datasets\raw\Cotton\curl_virus\curl113.jpg,datasets\raw\Cotton\curl_virus\images.jpg,Cotton,Cotton,other,other,HIGH
0,datasets\raw\Cotton\curl_virus\curl103.jpg,datasets\raw\Cotton\curl_virus\curl105.jpg,Cotton,Cotton,other,other,HIGH
0,datasets\raw\Cotton\curl_virus\curl104.jpg,datasets\raw\Cotton\curl_virus\curl108.jpg,Cotton,Cotton,other,other,HIGH
0,datasets\raw\Cotton\curl_virus\curl114.jpg,datasets\raw\Cotton\curl_virus\curl118.jpg,Cotton,Cotton,other,other,HIGH
0,datasets\raw\Cotton\curl_virus\curl110.jpg,datasets\raw\Cotton\curl_virus\curl115.jpg,Cotton,Cotton,other,other,HIGH
0,datasets\raw\Cotton\curl_virus\curl110.jpg,datasets\raw\Cotton\curl_virus\curl117.jpg,Cotton,Cotton,other,other,HIGH
0,datasets\raw\Cotton\curl_virus\curl115.jpg,datasets\raw\Cotton\curl_virus\curl117.jpg,Cotton,Cotton,other,other,HIGH
0,datasets\raw\Cotton\curl_virus\curl121.jpg,datasets\raw\Cotton\curl_virus\curl122.jpg,Cotton,Cotton,other,other,HIGH
0,datasets\raw\Cotton\curl_virus\curl121.jpg,datasets\raw\Cotton\curl_virus\curl127.jpg,Cotton,Cotton,other,other,HIGH
0,datasets\raw\Cotton\curl_virus\curl121.jpg,datasets\raw\Cotton\curl_virus\curl131.jpg,Cotton,Cotton,other,other,HIGH
0,datasets\raw\Cotton\curl_virus\curl122.jpg,datasets\raw\Cotton\curl_virus\curl127.jpg,Cotton,Cotton,other,other,HIGH
0,datasets\raw\Cotton\curl_virus\curl122.jpg,datasets\raw\Cotton\curl_virus\curl131.jpg,Cotton,Cotton,other,other,HIGH
0,datasets\raw\Cotton\curl_virus\curl127.jpg,datasets\raw\Cotton\curl_virus\curl131.jpg,Cotton,Cotton,other,other,HIGH
0,datasets\raw\Cotton\curl_virus\curl124.jpg,datasets\raw\Cotton\curl_virus\curl129.jpg,Cotton,Cotton,other,other,HIGH
0,datasets\raw\Cotton\curl_virus\curl125.jpg,datasets\raw\Cotton\curl_virus\curl126.jpg,Cotton,Cotton,other,other,HIGH
0,datasets\raw\Cotton\curl_virus\curl125.jpg,datasets\raw\Cotton\curl_virus\curl130.jpg,Cotton,Cotton,other,other,HIGH
0,datasets\raw\Cotton\curl_virus\curl126.jpg,datasets\raw\Cotton\curl_virus\curl130.jpg,Cotton,Cotton,other,other,HIGH
0,datasets\raw\Cotton\curl_virus\curl132.jpg,datasets\raw\Cotton\curl_virus\curl138.jpg,Cotton,Cotton,other,other,HIGH
0,datasets\raw\Cotton\curl_virus\curl133.jpg,datasets\raw\Cotton\curl_virus\curl134.jpg,Cotton,Cotton,other,other,HIGH
0,datasets\raw\Cotton\curl_virus\curl137.jpg,datasets\raw\Cotton\curl_virus\curl6.jpg,Cotton,Cotton,other,other,HIGH
0,datasets\raw\Cotton\curl_virus\curl139.jpg,datasets\raw\Cotton\curl_virus\curl144.jpg,Cotton,Cotton,other,other,HIGH
0,datasets\raw\Cotton\curl_virus\curl14.jpg,datasets\raw\Cotton\curl_virus\curl250 - Copy.jpg,Cotton,Cotton,other,other,HIGH
0,datasets\raw\Cotton\curl_virus\curl14.jpg,datasets\raw\Cotton\curl_virus\curl250.jpg,Cotton,Cotton,other,other,HIGH
0,datasets\raw\Cotton\curl_virus\curl250 - Copy.jpg,datasets\raw\Cotton\curl_virus\curl250.jpg,Cotton,Cotton,other,other,HIGH
0,datasets\raw\Cotton\curl_virus\curl140.jpg,datasets\raw\Cotton\curl_virus\curl145.jpg,Cotton,Cotton,other,other,HIGH
0,datasets\raw\Cotton\curl_virus\curl141.jpg,datasets\raw\Cotton\curl_virus\curl142.jpg,Cotton,Cotton,other,other,HIGH
0,datasets\raw\Cotton\curl_virus\curl143.jpg,datasets\raw\Cotton\curl_virus\curl146.jpg,Cotton,Cotton,other,other,HIGH
0,datasets\raw\Cotton\curl_virus\curl147.jpg,datasets\raw\Cotton\curl_virus\curl148.jpg,Cotton,Cotton,other,other,HIGH
0,datasets\raw\Cotton\curl_virus\curl155.jpg,datasets\raw\Cotton\curl_virus\curl214.jpg,Cotton,Cotton,other,other,HIGH
0,datasets\raw\Cotton\curl_virus\curl156.jpg,datasets\raw\Cotton\curl_virus\curl215.jpg,Cotton,Cotton,other,other,HIGH
0,datasets\raw\Cotton\curl_virus\curl157.jpg,datasets\raw\Cotton\curl_virus\curl158.jpg,Cotton,Cotton,other,other,HIGH
0,datasets\raw\Cotton\curl_virus\curl157.jpg,datasets\raw\Cotton\curl_virus\curl216.jpg,Cotton,Cotton,other,other,HIGH
0,datasets\raw\Cotton\curl_virus\curl158.jpg,datasets\raw\Cotton\curl_virus\curl216.jpg,Cotton,Cotton,other,other,HIGH
0,datasets\raw\Cotton\curl_virus\curl162.jpg,datasets\raw\Cotton\curl_virus\curl371.jpg,Cotton,Cotton,other,other,HIGH
0,datasets\raw\Cotton\curl_virus\curl163.jpg,datasets\raw\Cotton\curl_virus\curl372.jpg,Cotton,Cotton,other,other,HIGH
0,datasets\raw\Cotton\curl_virus\curl164.jpg,datasets\raw\Cotton\curl_virus\curl373.jpg,Cotton,Cotton,other,other,HIGH
0,datasets\raw\Cotton\curl_virus\curl164.jpg,datasets\raw\Cotton\curl_virus\curl374.jpg,Cotton,Cotton,other,other,HIGH
0,datasets\raw\Cotton\curl_virus\curl373.jpg,datasets\raw\Cotton\curl_virus\curl374.jpg,Cotton,Cotton,other,other,HIGH
0,datasets\raw\Cotton\curl_virus\curl165.jpg,datasets\raw\Cotton\curl_virus\curl174.jpg,Cotton,Cotton,other,other,HIGH
0,datasets\raw\Cotton\curl_virus\curl17.jpg,datasets\raw\Cotton\curl_virus\curl267.jpg,Cotton,Cotton,other,other,HIGH
0,datasets\raw\Cotton\curl_virus\Curl175.png,datasets\raw\Cotton\curl_virus\Curl180.png,Cotton,Cotton,other,other,HIGH
0,datasets\raw\Cotton\curl_virus\Curl177.png,datasets\raw\Cotton\curl_virus\Curl178.png,Cotton,Cotton,other,other,HIGH
0,datasets\raw\Cotton\curl_virus\Curl179.png,datasets\raw\Cotton\curl_virus\curl182.png,Cotton,Cotton,other,other,HIGH
0,datasets\raw\Cotton\curl_virus\curl186.jpg,datasets\raw\Cotton\curl_virus\curl190.jpg,Cotton,Cotton,other,other,HIGH
0,datasets\raw\Cotton\curl_virus\curl186.jpg,datasets\raw\Cotton\curl_virus\curl192.jpg,Cotton,Cotton,other,other,HIGH
0,datasets\raw\Cotton\curl_virus\curl190.jpg,datasets\raw\Cotton\curl_virus\curl192.jpg,Cotton,Cotton,other,other,HIGH
0,datasets\raw\Cotton\curl_virus\curl187.jpg,datasets\raw\Cotton\curl_virus\curl189.jpg,Cotton,Cotton,other,other,HIGH
0,datasets\raw\Cotton\curl_virus\curl188.jpg,datasets\raw\Cotton\curl_virus\curl194.jpg,Cotton,Cotton,other,other,HIGH
0,datasets\raw\Cotton\curl_virus\curl191.jpg,datasets\raw\Cotton\curl_virus\curl195.jpg,Cotton,Cotton,other,other,HIGH
0,datasets\raw\Cotton\curl_virus\curl196.jpg,datasets\raw\Cotton\curl_virus\curl201.jpg,Cotton,Cotton,other,other,HIGH
0,datasets\raw\Cotton\curl_virus\curl198.jpg,datasets\raw\Cotton\curl_virus\curl203.jpg,Cotton,Cotton,other,other,HIGH
0,datasets\raw\Cotton\curl_virus\curl199.jpg,datasets\raw\Cotton\curl_virus\curl204.jpg,Cotton,Cotton,other,other,HIGH
0,datasets\raw\Cotton\curl_virus\curl205.jpg,datasets\raw\Cotton\curl_virus\curl207.jpg,Cotton,Cotton,other,other,HIGH
0,datasets\raw\Cotton\curl_virus\curl205.jpg,datasets\raw\Cotton\curl_virus\curl212.jpg,Cotton,Cotton,other,other,HIGH
0,datasets\raw\Cotton\curl_virus\curl207.jpg,datasets\raw\Cotton\curl_virus\curl212.jpg,Cotton,Cotton,other,other,HIGH
0,datasets\raw\Cotton\curl_virus\curl208.jpg,datasets\raw\Cotton\curl_virus\curl209.jpg,Cotton,Cotton,other,other,HIGH
0,datasets\raw\Cotton\curl_virus\curl218.jpg,datasets\raw\Cotton\curl_virus\curl220.jpg,Cotton,Cotton,other,other,HIGH
0,datasets\raw\Cotton\curl_virus\curl219.jpg,datasets\raw\Cotton\curl_virus\curl222.jpg,Cotton,Cotton,other,other,HIGH
0,datasets\raw\Cotton\curl_virus\curl24.jpg,datasets\raw\Cotton\curl_virus\curl339.jpg,Cotton,Cotton,other,other,HIGH
0,datasets\raw\Cotton\curl_virus\curl249 - Copy.jpg,datasets\raw\Cotton\curl_virus\curl249.jpg,Cotton,Cotton,other,other,HIGH
0,datasets\raw\Cotton\curl_virus\curl255.jpg,datasets\raw\Cotton\curl_virus\curl258.jpg,Cotton,Cotton,other,other,HIGH
0,datasets\raw\Cotton\curl_virus\curl28.jpg,datasets\raw\Cotton\curl_virus\curl76.jpg,Cotton,Cotton,other,other,HIGH
0,datasets\raw\Cotton\curl_virus\curl284.jpg,datasets\raw\Cotton\curl_virus\curl288.jpg,Cotton,Cotton,other,other,HIGH
0,datasets\raw\Cotton\curl_virus\curl286.jpg,datasets\raw\Cotton\curl_virus\curl290.jpg,Cotton,Cotton,other,other,HIGH
0,datasets\raw\Cotton\curl_virus\curl299.jpg,datasets\raw\Cotton\curl_virus\curl379.jpg,Cotton,Cotton,other,other,HIGH
0,datasets\raw\Cotton\curl_virus\curl299.jpg,datasets\raw\Cotton\curl_virus\curlvirus1.jpg,Cotton,Cotton,other,other,HIGH
0,datasets\raw\Cotton\curl_virus\curl379.jpg,datasets\raw\Cotton\curl_virus\curlvirus1.jpg,Cotton,Cotton,other,other,HIGH
0,datasets\raw\Cotton\curl_virus\curl300.jpg,datasets\raw\Cotton\curl_virus\curl304.jpg,Cotton,Cotton,other,other,HIGH
0,datasets\raw\Cotton\curl_virus\curl300.jpg,datasets\raw\Cotton\curl_virus\curl380.jpg,Cotton,Cotton,other,other,HIGH
0,datasets\raw\Cotton\curl_virus\curl300.jpg,datasets\raw\Cotton\curl_virus\curl384.jpg,Cotton,Cotton,other,other,HIGH
0,datasets\raw\Cotton\curl_virus\curl304.jpg,datasets\raw\Cotton\curl_virus\curl380.jpg,Cotton,Cotton,other,other,HIGH
0,datasets\raw\Cotton\curl_virus\curl304.jpg,datasets\raw\Cotton\curl_virus\curl384.jpg,Cotton,Cotton,other,other,HIGH
0,datasets\raw\Cotton\curl_virus\curl380.jpg,datasets\raw\Cotton\curl_virus\curl384.jpg,Cotton,Cotton,other,other,HIGH
0,datasets\raw\Cotton\curl_virus\curl301.jpg,datasets\raw\Cotton\curl_virus\curl381.jpg,Cotton,Cotton,other,other,HIGH
0,datasets\raw\Cotton\curl_virus\curl302.jpg,datasets\raw\Cotton\curl_virus\curl382.jpg,Cotton,Cotton,other,other,HIGH
0,datasets\raw\Cotton\curl_virus\curl303.jpg,datasets\raw\Cotton\curl_virus\curl383.jpg,Cotton,Cotton,other,other,HIGH
0,datasets\raw\Cotton\curl_virus\curl305.jpg,datasets\raw\Cotton\curl_virus\curl385.jpg,Cotton,Cotton,other,other,HIGH
0,datasets\raw\Cotton\curl_virus\curl306.jpg,datasets\raw\Cotton\curl_virus\curl386.jpg,Cotton,Cotton,other,other,HIGH
0,datasets\raw\Cotton\curl_virus\curl307.jpg,datasets\raw\Cotton\curl_virus\curl311.jpg,Cotton,Cotton,other,other,HIGH
0,datasets\raw\Cotton\curl_virus\curl307.jpg,datasets\raw\Cotton\curl_virus\curl91.jpg,Cotton,Cotton,other,other,HIGH
0,datasets\raw\Cotton\curl_virus\curl307.jpg,datasets\raw\Cotton\curl_virus\curl97.jpg,Cotton,Cotton,other,other,HIGH
0,datasets\raw\Cotton\curl_virus\curl311.jpg,datasets\raw\Cotton\curl_virus\curl91.jpg,Cotton,Cotton,other,other,HIGH
0,datasets\raw\Cotton\curl_virus\curl311.jpg,datasets\raw\Cotton\curl_virus\curl97.jpg,Cotton,Cotton,other,other,HIGH
0,datasets\raw\Cotton\curl_virus\curl91.jpg,datasets\raw\Cotton\curl_virus\curl97.jpg,Cotton,Cotton,other,other,HIGH
0,datasets\raw\Cotton\curl_virus\curl308.jpg,datasets\raw\Cotton\curl_virus\curl312.jpg,Cotton,Cotton,other,other,HIGH
0,datasets\raw\Cotton\curl_virus\curl308.jpg,datasets\raw\Cotton\curl_virus\curl92.jpg,Cotton,Cotton,other,other,HIGH
0,datasets\raw\Cotton\curl_virus\curl308.jpg,datasets\raw\Cotton\curl_virus\curl98.jpg,Cotton,Cotton,other,other,HIGH
0,datasets\raw\Cotton\curl_virus\curl312.jpg,datasets\raw\Cotton\curl_virus\curl92.jpg,Cotton,Cotton,other,other,HIGH
0,datasets\raw\Cotton\curl_virus\curl312.jpg,datasets\raw\Cotton\curl_virus\curl98.jpg,Cotton,Cotton,other,other,HIGH
0,datasets\raw\Cotton\curl_virus\curl92.jpg,datasets\raw\Cotton\curl_virus\curl98.jpg,Cotton,Cotton,other,other,HIGH
0,datasets\raw\Cotton\curl_virus\curl309.jpg,datasets\raw\Cotton\curl_virus\curl313.jpg,Cotton,Cotton,other,other,HIGH
0,datasets\raw\Cotton\curl_virus\curl309.jpg,datasets\raw\Cotton\curl_virus\curl93.jpg,Cotton,Cotton,other,other,HIGH
0,datasets\raw\Cotton\curl_virus\curl309.jpg,datasets\raw\Cotton\curl_virus\curl94.jpg,Cotton,Cotton,other,other,HIGH
0,datasets\raw\Cotton\curl_virus\curl313.jpg,datasets\raw\Cotton\curl_virus\curl93.jpg,Cotton,Cotton,other,other,HIGH
0,datasets\raw\Cotton\curl_virus\curl313.jpg,datasets\raw\Cotton\curl_virus\curl94.jpg,Cotton,Cotton,other,other,HIGH
0,datasets\raw\Cotton\curl_virus\curl93.jpg,datasets\raw\Cotton\curl_virus\curl94.jpg,Cotton,Cotton,other,other,HIGH
0,datasets\raw\Cotton\curl_virus\curl328.jpg,datasets\raw\Cotton\curl_virus\curl388.jpg,Cotton,Cotton,other,other,HIGH
0,datasets\raw\Cotton\curl_virus\curl329.jpg,datasets\raw\Cotton\curl_virus\curl389.jpg,Cotton,Cotton,other,other,HIGH
0,datasets\raw\Cotton\curl_virus\curl330.jpg,datasets\raw\Cotton\curl_virus\curl390.jpg,Cotton,Cotton,other,other,HIGH
0,datasets\raw\Cotton\curl_virus\curl332.jpg,datasets\raw\Cotton\curl_virus\curl392.jpg,Cotton,Cotton,other,other,HIGH
0,datasets\raw\Cotton\curl_virus\curl333.jpg,datasets\raw\Cotton\curl_virus\curl393.jpg,Cotton,Cotton,other,other,HIGH
0,datasets\raw\Cotton\curl_virus\curl334.jpg,datasets\raw\Cotton\curl_virus\curl394.jpg,Cotton,Cotton,other,other,HIGH
0,datasets\raw\Cotton\curl_virus\curl343.jpg,datasets\raw\Cotton\curl_virus\curl8.jpg,Cotton,Cotton,other,other,HIGH
0,datasets\raw\Cotton\curl_virus\curl346.jpg,datasets\raw\Cotton\curl_virus\curl350.jpg,Cotton,Cotton,other,other,HIGH
0,datasets\raw\Cotton\curl_virus\curl355.jpg,datasets\raw\Cotton\curl_virus\curl359.jpg,Cotton,Cotton,other,other,HIGH
0,datasets\raw\Cotton\curl_virus\curl356.jpg,datasets\raw\Cotton\curl_virus\curl360.jpg,Cotton,Cotton,other,other,HIGH
0,datasets\raw\Cotton\curl_virus\curl357.jpg,datasets\raw\Cotton\curl_virus\curl361.jpg,Cotton,Cotton,other,other,HIGH
0,datasets\raw\Cotton\curl_virus\curl358.jpg,datasets\raw\Cotton\curl_virus\curl362.jpg,Cotton,Cotton,other,other,HIGH
0,datasets\raw\Cotton\curl_virus\curl363.jpg,datasets\raw\Cotton\curl_virus\curl367.jpg,Cotton,Cotton,other,other,HIGH
0,datasets\raw\Cotton\curl_virus\curl363.jpg,datasets\raw\Cotton\curl_virus\curl42.jpg,Cotton,Cotton,other,other,HIGH
0,datasets\raw\Cotton\curl_virus\curl367.jpg,datasets\raw\Cotton\curl_virus\curl42.jpg,Cotton,Cotton,other,other,HIGH
0,datasets\raw\Cotton\curl_virus\curl364.jpg,datasets\raw\Cotton\curl_virus\curl368.jpg,Cotton,Cotton,other,other,HIGH
0,datasets\raw\Cotton\curl_virus\curl365.jpg,datasets\raw\Cotton\curl_virus\curl369.jpg,Cotton,Cotton,other,other,HIGH
0,datasets\raw\Cotton\curl_virus\curl375.jpg,datasets\raw\Cotton\curl_virus\curl47.jpg,Cotton,Cotton,other,other,HIGH
0,datasets\raw\Cotton\curl_virus\curl376.jpg,datasets\raw\Cotton\curl_virus\curl57.jpg,Cotton,Cotton,other,other,HIGH
0,datasets\raw\Cotton\curl_virus\curl397.jpg,datasets\raw\Cotton\curl_virus\curl401.jpg,Cotton,Cotton,other,other,HIGH
0,datasets\raw\Cotton\curl_virus\curl398.jpg,datasets\raw\Cotton\curl_virus\curl402.jpg,Cotton,Cotton,other,other,HIGH
0,datasets\raw\Cotton\curl_virus\curl421.jpg,datasets\raw\Cotton\curl_virus\images (2).jpg,Cotton,Cotton,other,other,HIGH
0,datasets\raw\Cotton\curl_virus\curl43.png,datasets\raw\Cotton\curl_virus\curl50.png,Cotton,Cotton,other,other,HIGH
0,datasets\raw\Cotton\curl_virus\curl73.jpg,datasets\raw\Cotton\curl_virus\curl78.jpg,Cotton,Cotton,other,other,HIGH
0,datasets\raw\Cotton\curl_virus\curl74.jpg,datasets\raw\Cotton\curl_virus\curl77.jpg,Cotton,Cotton,other,other,HIGH
0,datasets\raw\Cotton\curl_virus\curl79.jpg,datasets\raw\Cotton\curl_virus\curl84.jpg,Cotton,Cotton,other,other,HIGH
0,datasets\raw\Cotton\curl_virus\curl79.jpg,datasets\raw\Cotton\curl_virus\curl90.jpg,Cotton,Cotton,other,other,HIGH
0,datasets\raw\Cotton\curl_virus\curl84.jpg,datasets\raw\Cotton\curl_virus\curl90.jpg,Cotton,Cotton,other,other,HIGH
0,datasets\raw\Cotton\curl_virus\curl80.jpg,datasets\raw\Cotton\curl_virus\curl85.jpg,Cotton,Cotton,other,other,HIGH
0,datasets\raw\Cotton\curl_virus\curl83.jpg,datasets\raw\Cotton\curl_virus\curl89.jpg,Cotton,Cotton,other,other,HIGH
0,datasets\raw\Cotton\fussarium_wilt\done.jpg,datasets\raw\Cotton\fussarium_wilt\fus9.jpg,Cotton,Cotton,other,other,HIGH
0,datasets\raw\Cotton\fussarium_wilt\done.jpg,datasets\raw\Cotton\fussarium_wilt\unnamed.jpg,Cotton,Cotton,other,other,HIGH
0,datasets\raw\Cotton\fussarium_wilt\fus9.jpg,datasets\raw\Cotton\fussarium_wilt\unnamed.jpg,Cotton,Cotton,other,other,HIGH
0,datasets\raw\Cotton\fussarium_wilt\done1.jpg,datasets\raw\Cotton\fussarium_wilt\fus16.jpg,Cotton,Cotton,other,other,HIGH
0,datasets\raw\Cotton\fussarium_wilt\done1.jpg,datasets\raw\Cotton\fussarium_wilt\fus20.jpg,Cotton,Cotton,other,other,HIGH
0,datasets\raw\Cotton\fussarium_wilt\done1.jpg,datasets\raw\Cotton\fussarium_wilt\fus24.jpg,Cotton,Cotton,other,other,HIGH
0,datasets\raw\Cotton\fussarium_wilt\fus16.jpg,datasets\raw\Cotton\fussarium_wilt\fus20.jpg,Cotton,Cotton,other,other,HIGH
0,datasets\raw\Cotton\fussarium_wilt\fus16.jpg,datasets\raw\Cotton\fussarium_wilt\fus24.jpg,Cotton,Cotton,other,other,HIGH
0,datasets\raw\Cotton\fussarium_wilt\fus20.jpg,datasets\raw\Cotton\fussarium_wilt\fus24.jpg,Cotton,Cotton,other,other,HIGH
0,datasets\raw\Cotton\fussarium_wilt\done10.jpg,datasets\raw\Cotton\fussarium_wilt\fus84.jpg,Cotton,Cotton,other,other,HIGH
0,datasets\raw\Cotton\fussarium_wilt\done11.jpg,datasets\raw\Cotton\fussarium_wilt\fus116.jpg,Cotton,Cotton,other,other,HIGH
0,datasets\raw\Cotton\fussarium_wilt\done12.jpg,datasets\raw\Cotton\fussarium_wilt\fus120.jpg,Cotton,Cotton,other,other,HIGH
0,datasets\raw\Cotton\fussarium_wilt\done12.jpg,datasets\raw\Cotton\fussarium_wilt\fus_oxy_plant.jpg,Cotton,Cotton,other,other,HIGH
0,datasets\raw\Cotton\fussarium_wilt\fus120.jpg,datasets\raw\Cotton\fussarium_wilt\fus_oxy_plant.jpg,Cotton,Cotton,other,other,HIGH
0,datasets\raw\Cotton\fussarium_wilt\done13.jpg,datasets\raw\Cotton\fussarium_wilt\fus128.jpg,Cotton,Cotton,other,other,HIGH
0,datasets\raw\Cotton\fussarium_wilt\done14.jpg,datasets\raw\Cotton\fussarium_wilt\fus136.jpg,Cotton,Cotton,other,other,HIGH
0,datasets\raw\Cotton\fussarium_wilt\done15.png,datasets\raw\Cotton\fussarium_wilt\fus144.png,Cotton,Cotton,other,other,HIGH
0,datasets\raw\Cotton\fussarium_wilt\done16.jpg,datasets\raw\Cotton\fussarium_wilt\fus153.jpg,Cotton,Cotton,other,other,HIGH
0,datasets\raw\Cotton\fussarium_wilt\done17.jpg,datasets\raw\Cotton\fussarium_wilt\fus159.jpg,Cotton,Cotton,other,other,HIGH
0,datasets\raw\Cotton\fussarium_wilt\done17.jpg,datasets\raw\Cotton\fussarium_wilt\images.jpg,Cotton,Cotton,other,other,HIGH
0,datasets\raw\Cotton\fussarium_wilt\fus159.jpg,datasets\raw\Cotton\fussarium_wilt\images.jpg,Cotton,Cotton,other,other,HIGH
0,datasets\raw\Cotton\fussarium_wilt\done18.jpg,datasets\raw\Cotton\fussarium_wilt\fus167.jpg,Cotton,Cotton,other,other,HIGH
0,datasets\raw\Cotton\fussarium_wilt\done19.jpg,datasets\raw\Cotton\fussarium_wilt\fus175.jpg,Cotton,Cotton,other,other,HIGH
0,datasets\raw\Cotton\fussarium_wilt\done19.jpg,datasets\raw\Cotton\fussarium_wilt\fus179.jpg,Cotton,Cotton,other,other,HIGH
0,datasets\raw\Cotton\fussarium_wilt\fus175.jpg,datasets\raw\Cotton\fussarium_wilt\fus179.jpg,Cotton,Cotton,other,other,HIGH
0,datasets\raw\Cotton\fussarium_wilt\done20.jpg,datasets\raw\Cotton\fussarium_wilt\fus198.jpg,Cotton,Cotton,other,other,HIGH
0,datasets\raw\Cotton\fussarium_wilt\done20.jpg,datasets\raw\Cotton\fussarium_wilt\fus202.jpg,Cotton,Cotton,other,other,HIGH
0,datasets\raw\Cotton\fussarium_wilt\fus198.jpg,datasets\raw\Cotton\fussarium_wilt\fus202.jpg,Cotton,Cotton,other,other,HIGH
0,datasets\raw\Cotton\fussarium_wilt\done21.jpg,datasets\raw\Cotton\fussarium_wilt\FOV4-leaf-symptoms-courtesy-UC-Davis_468x351.jpg,Cotton,Cotton,other,other,HIGH
0,datasets\raw\Cotton\fussarium_wilt\done23.png,datasets\raw\Cotton\fussarium_wilt\Figure-2B.png,Cotton,Cotton,other,other,HIGH
0,datasets\raw\Cotton\fussarium_wilt\done5.jpg,datasets\raw\Cotton\fussarium_wilt\fus33.jpg,Cotton,Cotton,other,other,HIGH
0,datasets\raw\Cotton\fussarium_wilt\done6.jpg,datasets\raw\Cotton\fussarium_wilt\fus41.jpg,Cotton,Cotton,other,other,HIGH
0,datasets\raw\Cotton\fussarium_wilt\done8 (2).jpg,datasets\raw\Cotton\fussarium_wilt\fus64.jpg,Cotton,Cotton,other,other,HIGH
0,datasets\raw\Cotton\fussarium_wilt\done8.jpg,datasets\raw\Cotton\fussarium_wilt\fus57.jpg,Cotton,Cotton,other,other,HIGH
0,datasets\raw\Cotton\fussarium_wilt\done9.jpg,datasets\raw\Cotton\fussarium_wilt\fus72.jpg,Cotton,Cotton,other,other,HIGH
0,datasets\raw\Cotton\fussarium_wilt\done9.jpg,datasets\raw\Cotton\fussarium_wilt\fus76.jpg,Cotton,Cotton,other,other,HIGH
0,datasets\raw\Cotton\fussarium_wilt\fus72.jpg,datasets\raw\Cotton\fussarium_wilt\fus76.jpg,Cotton,Cotton,other,other,HIGH
0,datasets\raw\Cotton\fussarium_wilt\Figure-2A.png,datasets\raw\Cotton\fussarium_wilt\fus222.png,Cotton,Cotton,other,other,HIGH
0,datasets\raw\Cotton\fussarium_wilt\foliar-damage-from-fusarium-oxysporum.png,datasets\raw\Cotton\fussarium_wilt\fus346.png,Cotton,Cotton,other,other,HIGH
0,datasets\raw\Cotton\fussarium_wilt\fus10.jpg,datasets\raw\Cotton\fussarium_wilt\fus13.jpg,Cotton,Cotton,other,other,HIGH
0,datasets\raw\Cotton\fussarium_wilt\fus101.jpg,datasets\raw\Cotton\fussarium_wilt\fus105.jpg,Cotton,Cotton,other,other,HIGH
0,datasets\raw\Cotton\fussarium_wilt\fus103.jpg,datasets\raw\Cotton\fussarium_wilt\fus107.jpg,Cotton,Cotton,other,other,HIGH
0,datasets\raw\Cotton\fussarium_wilt\fus11.jpg,datasets\raw\Cotton\fussarium_wilt\fus14.jpg,Cotton,Cotton,other,other,HIGH
0,datasets\raw\Cotton\fussarium_wilt\fus145.png,datasets\raw\Cotton\fussarium_wilt\fus149.png,Cotton,Cotton,other,other,HIGH
0,datasets\raw\Cotton\fussarium_wilt\fus15.jpg,datasets\raw\Cotton\fussarium_wilt\susariumwilt.jpg,Cotton,Cotton,other,other,HIGH
0,datasets\raw\Cotton\fussarium_wilt\fus151.jpg,datasets\raw\Cotton\fussarium_wilt\fus155.jpg,Cotton,Cotton,other,other,HIGH
0,datasets\raw\Cotton\fussarium_wilt\fus176.jpg,datasets\raw\Cotton\fussarium_wilt\fus180.jpg,Cotton,Cotton,other,other,HIGH
0,datasets\raw\Cotton\fussarium_wilt\fus177.jpg,datasets\raw\Cotton\fussarium_wilt\fus181.jpg,Cotton,Cotton,other,other,HIGH
0,datasets\raw\Cotton\fussarium_wilt\fus178.jpg,datasets\raw\Cotton\fussarium_wilt\fus182.jpg,Cotton,Cotton,other,other,HIGH
0,datasets\raw\Cotton\fussarium_wilt\fus18.jpg,datasets\raw\Cotton\fussarium_wilt\fus22.jpg,Cotton,Cotton,other,other,HIGH
0,datasets\raw\Cotton\fussarium_wilt\fus19.jpg,datasets\raw\Cotton\fussarium_wilt\fus23.jpg,Cotton,Cotton,other,other,HIGH
0,datasets\raw\Cotton\fussarium_wilt\fus199.jpg,datasets\raw\Cotton\fussarium_wilt\fus203.jpg,Cotton,Cotton,other,other,HIGH
0,datasets\raw\Cotton\fussarium_wilt\fus200.jpg,datasets\raw\Cotton\fussarium_wilt\fus204.jpg,Cotton,Cotton,other,other,HIGH
0,datasets\raw\Cotton\fussarium_wilt\fus201.jpg,datasets\raw\Cotton\fussarium_wilt\fus205.jpg,Cotton,Cotton,other,other,HIGH
0,datasets\raw\Cotton\fussarium_wilt\fus227.png,datasets\raw\Cotton\fussarium_wilt\fus231.png,Cotton,Cotton,other,other,HIGH
0,datasets\raw\Cotton\fussarium_wilt\fus230.png,datasets\raw\Cotton\fussarium_wilt\fus234.png,Cotton,Cotton,other,other,HIGH
0,datasets\raw\Cotton\fussarium_wilt\fus237.jpg,datasets\raw\Cotton\fussarium_wilt\fus241.jpg,Cotton,Cotton,other,other,HIGH
0,datasets\raw\Cotton\fussarium_wilt\fus25.jpg,datasets\raw\Cotton\fussarium_wilt\fus29.jpg,Cotton,Cotton,other,other,HIGH
0,datasets\raw\Cotton\fussarium_wilt\fus255.jpg,datasets\raw\Cotton\fussarium_wilt\fus259.jpg,Cotton,Cotton,other,other,HIGH
0,datasets\raw\Cotton\fussarium_wilt\fus26.jpg,datasets\raw\Cotton\fussarium_wilt\fus30.jpg,Cotton,Cotton,other,other,HIGH
0,datasets\raw\Cotton\fussarium_wilt\fus27.jpg,datasets\raw\Cotton\fussarium_wilt\fus31.jpg,Cotton,Cotton,other,other,HIGH
0,datasets\raw\Cotton\fussarium_wilt\fus271.jpg,datasets\raw\Cotton\fussarium_wilt\fus275.jpg,Cotton,Cotton,other,other,HIGH
0,datasets\raw\Cotton\fussarium_wilt\fus272.jpg,datasets\raw\Cotton\fussarium_wilt\fus276.jpg,Cotton,Cotton,other,other,HIGH
0,datasets\raw\Cotton\fussarium_wilt\fus274.jpg,datasets\raw\Cotton\fussarium_wilt\fus278.jpg,Cotton,Cotton,other,other,HIGH
0,datasets\raw\Cotton\fussarium_wilt\fus299.jpg,datasets\raw\Cotton\fussarium_wilt\fus300.jpg,Cotton,Cotton,other,other,HIGH
0,datasets\raw\Cotton\fussarium_wilt\fus309.JPG,datasets\raw\Cotton\fussarium_wilt\fus310.JPG,Cotton,Cotton,other,other,HIGH
0,datasets\raw\Cotton\fussarium_wilt\fus309.JPG,datasets\raw\Cotton\fussarium_wilt\fus314.JPG,Cotton,Cotton,other,other,HIGH
0,datasets\raw\Cotton\fussarium_wilt\fus310.JPG,datasets\raw\Cotton\fussarium_wilt\fus314.JPG,Cotton,Cotton,other,other,HIGH
0,datasets\raw\Cotton\fussarium_wilt\fus311.JPG,datasets\raw\Cotton\fussarium_wilt\fus315.JPG,Cotton,Cotton,other,other,HIGH
0,datasets\raw\Cotton\fussarium_wilt\fus312.JPG,datasets\raw\Cotton\fussarium_wilt\fus316.JPG,Cotton,Cotton,other,other,HIGH
0,datasets\raw\Cotton\fussarium_wilt\fus318.jpg,datasets\raw\Cotton\fussarium_wilt\fus322.jpg,Cotton,Cotton,other,other,HIGH
0,datasets\raw\Cotton\fussarium_wilt\fus334.jpg,datasets\raw\Cotton\fussarium_wilt\fus338.jpg,Cotton,Cotton,other,other,HIGH
0,datasets\raw\Cotton\fussarium_wilt\fus335.jpg,datasets\raw\Cotton\fussarium_wilt\fus339.jpg,Cotton,Cotton,other,other,HIGH
0,datasets\raw\Cotton\fussarium_wilt\fus336.jpg,datasets\raw\Cotton\fussarium_wilt\fus340.jpg,Cotton,Cotton,other,other,HIGH
0,datasets\raw\Cotton\fussarium_wilt\fus337.jpg,datasets\raw\Cotton\fussarium_wilt\fus341.jpg,Cotton,Cotton,other,other,HIGH
0,datasets\raw\Cotton\fussarium_wilt\fus374.jpg,datasets\raw\Cotton\fussarium_wilt\fus378.jpg,Cotton,Cotton,other,other,HIGH
0,datasets\raw\Cotton\fussarium_wilt\fus375.jpg,datasets\raw\Cotton\fussarium_wilt\fus379.jpg,Cotton,Cotton,other,other,HIGH
0,datasets\raw\Cotton\fussarium_wilt\fus376.jpg,datasets\raw\Cotton\fussarium_wilt\fus380.jpg,Cotton,Cotton,other,other,HIGH
0,datasets\raw\Cotton\fussarium_wilt\fus377.jpg,datasets\raw\Cotton\fussarium_wilt\fus381.jpg,Cotton,Cotton,other,other,HIGH
0,datasets\raw\Cotton\fussarium_wilt\fus382.jpg,datasets\raw\Cotton\fussarium_wilt\fus383.jpg,Cotton,Cotton,other,other,HIGH
0,datasets\raw\Cotton\fussarium_wilt\fus44.jpg,datasets\raw\Cotton\fussarium_wilt\fus48.jpg,Cotton,Cotton,other,other,HIGH
0,datasets\raw\Cotton\fussarium_wilt\fus65.jpg,datasets\raw\Cotton\fussarium_wilt\fus69.jpg,Cotton,Cotton,other,other,HIGH
0,datasets\raw\Cotton\fussarium_wilt\fus66.jpg,datasets\raw\Cotton\fussarium_wilt\fus70.jpg,Cotton,Cotton,other,other,HIGH
0,datasets\raw\Cotton\fussarium_wilt\fus67.jpg,datasets\raw\Cotton\fussarium_wilt\fus71.jpg,Cotton,Cotton,other,other,HIGH
0,datasets\raw\Cotton\fussarium_wilt\fus75.jpg,datasets\raw\Cotton\fussarium_wilt\fus79.jpg,Cotton,Cotton,other,other,HIGH
0,datasets\raw\Cotton\healthy\555.jpg,datasets\raw\Cotton\healthy\h484.jpg,Cotton,Cotton,other,other,HIGH
0,datasets\raw\Cotton\healthy\h100.jpg,datasets\raw\Cotton\healthy\h101.jpg,Cotton,Cotton,other,other,HIGH
0,datasets\raw\Cotton\healthy\h100.jpg,datasets\raw\Cotton\healthy\h102.jpg,Cotton,Cotton,other,other,HIGH
0,datasets\raw\Cotton\healthy\h100.jpg,datasets\raw\Cotton\healthy\h99.jpg,Cotton,Cotton,other,other,HIGH
0,datasets\raw\Cotton\healthy\h101.jpg,datasets\raw\Cotton\healthy\h102.jpg,Cotton,Cotton,other,other,HIGH
0,datasets\raw\Cotton\healthy\h101.jpg,datasets\raw\Cotton\healthy\h99.jpg,Cotton,Cotton,other,other,HIGH
0,datasets\raw\Cotton\healthy\h102.jpg,datasets\raw\Cotton\healthy\h99.jpg,Cotton,Cotton,other,other,HIGH
0,datasets\raw\Cotton\healthy\h103.jpg,datasets\raw\Cotton\healthy\h104.jpg,Cotton,Cotton,other,other,HIGH
0,datasets\raw\Cotton\healthy\h103.jpg,datasets\raw\Cotton\healthy\h105.jpg,Cotton,Cotton,other,other,HIGH
0,datasets\raw\Cotton\healthy\h104.jpg,datasets\raw\Cotton\healthy\h105.jpg,Cotton,Cotton,other,other,HIGH
0,datasets\raw\Cotton\healthy\h106.jpg,datasets\raw\Cotton\healthy\h107.jpg,Cotton,Cotton,other,other,HIGH
0,datasets\raw\Cotton\healthy\h106.jpg,datasets\raw\Cotton\healthy\h108.jpg,Cotton,Cotton,other,other,HIGH
0,datasets\raw\Cotton\healthy\h106.jpg,datasets\raw\Cotton\healthy\h109.jpg,Cotton,Cotton,other,other,HIGH
0,datasets\raw\Cotton\healthy\h107.jpg,datasets\raw\Cotton\healthy\h108.jpg,Cotton,Cotton,other,other,HIGH
0,datasets\raw\Cotton\healthy\h107.jpg,datasets\raw\Cotton\healthy\h109.jpg,Cotton,Cotton,other,other,HIGH
0,datasets\raw\Cotton\healthy\h108.jpg,datasets\raw\Cotton\healthy\h109.jpg,Cotton,Cotton,other,other,HIGH
0,datasets\raw\Cotton\healthy\h111.jpg,datasets\raw\Cotton\healthy\h112.jpg,Cotton,Cotton,other,other,HIGH
0,datasets\raw\Cotton\healthy\h111.jpg,datasets\raw\Cotton\healthy\h113.jpg,Cotton,Cotton,other,other,HIGH
0,datasets\raw\Cotton\healthy\h112.jpg,datasets\raw\Cotton\healthy\h113.jpg,Cotton,Cotton,other,other,HIGH
0,datasets\raw\Cotton\healthy\h114.jpg,datasets\raw\Cotton\healthy\h309.jpg,Cotton,Cotton,other,other,HIGH
0,datasets\raw\Cotton\healthy\h115.jpg,datasets\raw\Cotton\healthy\h116.jpg,Cotton,Cotton,other,other,HIGH
0,datasets\raw\Cotton\healthy\h115.jpg,datasets\raw\Cotton\healthy\h118.jpg,Cotton,Cotton,other,other,HIGH
0,datasets\raw\Cotton\healthy\h115.jpg,datasets\raw\Cotton\healthy\h120.jpg,Cotton,Cotton,other,other,HIGH
0,datasets\raw\Cotton\healthy\h116.jpg,datasets\raw\Cotton\healthy\h118.jpg,Cotton,Cotton,other,other,HIGH
0,datasets\raw\Cotton\healthy\h116.jpg,datasets\raw\Cotton\healthy\h120.jpg,Cotton,Cotton,other,other,HIGH
0,datasets\raw\Cotton\healthy\h118.jpg,datasets\raw\Cotton\healthy\h120.jpg,Cotton,Cotton,other,other,HIGH
0,datasets\raw\Cotton\healthy\h125.jpg,datasets\raw\Cotton\healthy\h129.jpg,Cotton,Cotton,other,other,HIGH
0,datasets\raw\Cotton\healthy\h125.jpg,datasets\raw\Cotton\healthy\h130.jpg,Cotton,Cotton,other,other,HIGH
0,datasets\raw\Cotton\healthy\h129.jpg,datasets\raw\Cotton\healthy\h130.jpg,Cotton,Cotton,other,other,HIGH
0,datasets\raw\Cotton\healthy\h126.jpg,datasets\raw\Cotton\healthy\h127.jpg,Cotton,Cotton,other,other,HIGH
0,datasets\raw\Cotton\healthy\h126.jpg,datasets\raw\Cotton\healthy\h128.jpg,Cotton,Cotton,other,other,HIGH
0,datasets\raw\Cotton\healthy\h126.jpg,datasets\raw\Cotton\healthy\h310.jpg,Cotton,Cotton,other,other,HIGH
0,datasets\raw\Cotton\healthy\h127.jpg,datasets\raw\Cotton\healthy\h128.jpg,Cotton,Cotton,other,other,HIGH
0,datasets\raw\Cotton\healthy\h127.jpg,datasets\raw\Cotton\healthy\h310.jpg,Cotton,Cotton,other,other,HIGH
0,datasets\raw\Cotton\healthy\h128.jpg,datasets\raw\Cotton\healthy\h310.jpg,Cotton,Cotton,other,other,HIGH
0,datasets\raw\Cotton\healthy\h133.jpg,datasets\raw\Cotton\healthy\h134.jpg,Cotton,Cotton,other,other,HIGH
0,datasets\raw\Cotton\healthy\h133.jpg,datasets\raw\Cotton\healthy\h135.jpg,Cotton,Cotton,other,other,HIGH
0,datasets\raw\Cotton\healthy\h134.jpg,datasets\raw\Cotton\healthy\h135.jpg,Cotton,Cotton,other,other,HIGH
0,datasets\raw\Cotton\healthy\h136.jpg,datasets\raw\Cotton\healthy\h137.jpg,Cotton,Cotton,other,other,HIGH
0,datasets\raw\Cotton\healthy\h136.jpg,datasets\raw\Cotton\healthy\h140.jpg,Cotton,Cotton,other,other,HIGH
0,datasets\raw\Cotton\healthy\h137.jpg,datasets\raw\Cotton\healthy\h140.jpg,Cotton,Cotton,other,other,HIGH
0,datasets\raw\Cotton\healthy\h138.jpg,datasets\raw\Cotton\healthy\h139.jpg,Cotton,Cotton,other,other,HIGH
0,datasets\raw\Cotton\healthy\h141.jpg,datasets\raw\Cotton\healthy\h142.jpg,Cotton,Cotton,other,other,HIGH
0,datasets\raw\Cotton\healthy\h141.jpg,datasets\raw\Cotton\healthy\h145.jpg,Cotton,Cotton,other,other,HIGH
0,datasets\raw\Cotton\healthy\h142.jpg,datasets\raw\Cotton\healthy\h145.jpg,Cotton,Cotton,other,other,HIGH
0,datasets\raw\Cotton\healthy\h143.jpg,datasets\raw\Cotton\healthy\h144.jpg,Cotton,Cotton,other,other,HIGH
0,datasets\raw\Cotton\healthy\h143.jpg,datasets\raw\Cotton\healthy\h146.jpg,Cotton,Cotton,other,other,HIGH
0,datasets\raw\Cotton\healthy\h143.jpg,datasets\raw\Cotton\healthy\h147.jpg,Cotton,Cotton,other,other,HIGH
0,datasets\raw\Cotton\healthy\h143.jpg,datasets\raw\Cotton\healthy\h155.jpg,Cotton,Cotton,other,other,HIGH
0,datasets\raw\Cotton\healthy\h144.jpg,datasets\raw\Cotton\healthy\h146.jpg,Cotton,Cotton,other,other,HIGH
0,datasets\raw\Cotton\healthy\h144.jpg,datasets\raw\Cotton\healthy\h147.jpg,Cotton,Cotton,other,other,HIGH
0,datasets\raw\Cotton\healthy\h144.jpg,datasets\raw\Cotton\healthy\h155.jpg,Cotton,Cotton,other,other,HIGH
0,datasets\raw\Cotton\healthy\h146.jpg,datasets\raw\Cotton\healthy\h147.jpg,Cotton,Cotton,other,other,HIGH
0,datasets\raw\Cotton\healthy\h146.jpg,datasets\raw\Cotton\healthy\h155.jpg,Cotton,Cotton,other,other,HIGH
0,datasets\raw\Cotton\healthy\h147.jpg,datasets\raw\Cotton\healthy\h155.jpg,Cotton,Cotton,other,other,HIGH
0,datasets\raw\Cotton\healthy\h152.jpg,datasets\raw\Cotton\healthy\h153.jpg,Cotton,Cotton,other,other,HIGH
0,datasets\raw\Cotton\healthy\h152.jpg,datasets\raw\Cotton\healthy\h154.jpg,Cotton,Cotton,other,other,HIGH
0,datasets\raw\Cotton\healthy\h153.jpg,datasets\raw\Cotton\healthy\h154.jpg,Cotton,Cotton,other,other,HIGH
0,datasets\raw\Cotton\healthy\h156.jpg,datasets\raw\Cotton\healthy\h157.jpg,Cotton,Cotton,other,other,HIGH
0,datasets\raw\Cotton\healthy\h156.jpg,datasets\raw\Cotton\healthy\h158.jpg,Cotton,Cotton,other,other,HIGH
0,datasets\raw\Cotton\healthy\h157.jpg,datasets\raw\Cotton\healthy\h158.jpg,Cotton,Cotton,other,other,HIGH
0,datasets\raw\Cotton\healthy\h159.jpg,datasets\raw\Cotton\healthy\h161.jpg,Cotton,Cotton,other,other,HIGH
0,datasets\raw\Cotton\healthy\h159.jpg,datasets\raw\Cotton\healthy\h162.jpg,Cotton,Cotton,other,other,HIGH
0,datasets\raw\Cotton\healthy\h159.jpg,datasets\raw\Cotton\healthy\h163.jpg,Cotton,Cotton,other,other,HIGH
0,datasets\raw\Cotton\healthy\h159.jpg,datasets\raw\Cotton\healthy\h164.jpg,Cotton,Cotton,other,other,HIGH
0,datasets\raw\Cotton\healthy\h159.jpg,datasets\raw\Cotton\healthy\h165.jpg,Cotton,Cotton,other,other,HIGH
0,datasets\raw\Cotton\healthy\h159.jpg,datasets\raw\Cotton\healthy\h166.jpg,Cotton,Cotton,other,other,HIGH
0,datasets\raw\Cotton\healthy\h159.jpg,datasets\raw\Cotton\healthy\h170.jpg,Cotton,Cotton,other,other,HIGH
0,datasets\raw\Cotton\healthy\h161.jpg,datasets\raw\Cotton\healthy\h162.jpg,Cotton,Cotton,other,other,HIGH
0,datasets\raw\Cotton\healthy\h161.jpg,datasets\raw\Cotton\healthy\h163.jpg,Cotton,Cotton,other,other,HIGH
0,datasets\raw\Cotton\healthy\h161.jpg,datasets\raw\Cotton\healthy\h164.jpg,Cotton,Cotton,other,other,HIGH
0,datasets\raw\Cotton\healthy\h161.jpg,datasets\raw\Cotton\healthy\h165.jpg,Cotton,Cotton,other,other,HIGH
0,datasets\raw\Cotton\healthy\h161.jpg,datasets\raw\Cotton\healthy\h166.jpg,Cotton,Cotton,other,other,HIGH
0,datasets\raw\Cotton\healthy\h161.jpg,datasets\raw\Cotton\healthy\h170.jpg,Cotton,Cotton,other,other,HIGH
0,datasets\raw\Cotton\healthy\h162.jpg,datasets\raw\Cotton\healthy\h163.jpg,Cotton,Cotton,other,other,HIGH
0,datasets\raw\Cotton\healthy\h162.jpg,datasets\raw\Cotton\healthy\h164.jpg,Cotton,Cotton,other,other,HIGH
0,datasets\raw\Cotton\healthy\h162.jpg,datasets\raw\Cotton\healthy\h165.jpg,Cotton,Cotton,other,other,HIGH
0,datasets\raw\Cotton\healthy\h162.jpg,datasets\raw\Cotton\healthy\h166.jpg,Cotton,Cotton,other,other,HIGH
0,datasets\raw\Cotton\healthy\h162.jpg,datasets\raw\Cotton\healthy\h170.jpg,Cotton,Cotton,other,other,HIGH
0,datasets\raw\Cotton\healthy\h163.jpg,datasets\raw\Cotton\healthy\h164.jpg,Cotton,Cotton,other,other,HIGH
0,datasets\raw\Cotton\healthy\h163.jpg,datasets\raw\Cotton\healthy\h165.jpg,Cotton,Cotton,other,other,HIGH
0,datasets\raw\Cotton\healthy\h163.jpg,datasets\raw\Cotton\healthy\h166.jpg,Cotton,Cotton,other,other,HIGH
0,datasets\raw\Cotton\healthy\h163.jpg,datasets\raw\Cotton\healthy\h170.jpg,Cotton,Cotton,other,other,HIGH
0,datasets\raw\Cotton\healthy\h164.jpg,datasets\raw\Cotton\healthy\h165.jpg,Cotton,Cotton,other,other,HIGH
0,datasets\raw\Cotton\healthy\h164.jpg,datasets\raw\Cotton\healthy\h166.jpg,Cotton,Cotton,other,other,HIGH
0,datasets\raw\Cotton\healthy\h164.jpg,datasets\raw\Cotton\healthy\h170.jpg,Cotton,Cotton,other,other,HIGH
0,datasets\raw\Cotton\healthy\h165.jpg,datasets\raw\Cotton\healthy\h166.jpg,Cotton,Cotton,other,other,HIGH
0,datasets\raw\Cotton\healthy\h165.jpg,datasets\raw\Cotton\healthy\h170.jpg,Cotton,Cotton,other,other,HIGH
0,datasets\raw\Cotton\healthy\h166.jpg,datasets\raw\Cotton\healthy\h170.jpg,Cotton,Cotton,other,other,HIGH
0,datasets\raw\Cotton\healthy\h174.jpg,datasets\raw\Cotton\healthy\h175.jpg,Cotton,Cotton,other,other,HIGH
0,datasets\raw\Cotton\healthy\h174.jpg,datasets\raw\Cotton\healthy\h176.jpg,Cotton,Cotton,other,other,HIGH
0,datasets\raw\Cotton\healthy\h174.jpg,datasets\raw\Cotton\healthy\h177.jpg,Cotton,Cotton,other,other,HIGH
0,datasets\raw\Cotton\healthy\h174.jpg,datasets\raw\Cotton\healthy\h179.jpg,Cotton,Cotton,other,other,HIGH
0,datasets\raw\Cotton\healthy\h175.jpg,datasets\raw\Cotton\healthy\h176.jpg,Cotton,Cotton,other,other,HIGH
0,datasets\raw\Cotton\healthy\h175.jpg,datasets\raw\Cotton\healthy\h177.jpg,Cotton,Cotton,other,other,HIGH
0,datasets\raw\Cotton\healthy\h175.jpg,datasets\raw\Cotton\healthy\h179.jpg,Cotton,Cotton,other,other,HIGH
0,datasets\raw\Cotton\healthy\h176.jpg,datasets\raw\Cotton\healthy\h177.jpg,Cotton,Cotton,other,other,HIGH
0,datasets\raw\Cotton\healthy\h176.jpg,datasets\raw\Cotton\healthy\h179.jpg,Cotton,Cotton,other,other,HIGH
0,datasets\raw\Cotton\healthy\h177.jpg,datasets\raw\Cotton\healthy\h179.jpg,Cotton,Cotton,other,other,HIGH
0,datasets\raw\Cotton\healthy\h178.jpg,datasets\raw\Cotton\healthy\h196.jpg,Cotton,Cotton,other,other,HIGH
0,datasets\raw\Cotton\healthy\h178.jpg,datasets\raw\Cotton\healthy\h197.jpg,Cotton,Cotton,other,other,HIGH
0,datasets\raw\Cotton\healthy\h178.jpg,datasets\raw\Cotton\healthy\h198.jpg,Cotton,Cotton,other,other,HIGH
0,datasets\raw\Cotton\healthy\h196.jpg,datasets\raw\Cotton\healthy\h197.jpg,Cotton,Cotton,other,other,HIGH
0,datasets\raw\Cotton\healthy\h196.jpg,datasets\raw\Cotton\healthy\h198.jpg,Cotton,Cotton,other,other,HIGH
0,datasets\raw\Cotton\healthy\h197.jpg,datasets\raw\Cotton\healthy\h198.jpg,Cotton,Cotton,other,other,HIGH
0,datasets\raw\Cotton\healthy\h199.jpg,datasets\raw\Cotton\healthy\h200.jpg,Cotton,Cotton,other,other,HIGH
0,datasets\raw\Cotton\healthy\h199.jpg,datasets\raw\Cotton\healthy\h201.jpg,Cotton,Cotton,other,other,HIGH
0,datasets\raw\Cotton\healthy\h199.jpg,datasets\raw\Cotton\healthy\h202.jpg,Cotton,Cotton,other,other,HIGH
0,datasets\raw\Cotton\healthy\h199.jpg,datasets\raw\Cotton\healthy\h205.jpg,Cotton,Cotton,other,other,HIGH
0,datasets\raw\Cotton\healthy\h200.jpg,datasets\raw\Cotton\healthy\h201.jpg,Cotton,Cotton,other,other,HIGH
0,datasets\raw\Cotton\healthy\h200.jpg,datasets\raw\Cotton\healthy\h202.jpg,Cotton,Cotton,other,other,HIGH
0,datasets\raw\Cotton\healthy\h200.jpg,datasets\raw\Cotton\healthy\h205.jpg,Cotton,Cotton,other,other,HIGH
0,datasets\raw\Cotton\healthy\h201.jpg,datasets\raw\Cotton\healthy\h202.jpg,Cotton,Cotton,other,other,HIGH
0,datasets\raw\Cotton\healthy\h201.jpg,datasets\raw\Cotton\healthy\h205.jpg,Cotton,Cotton,other,other,HIGH
0,datasets\raw\Cotton\healthy\h202.jpg,datasets\raw\Cotton\healthy\h205.jpg,Cotton,Cotton,other,other,HIGH
0,datasets\raw\Cotton\healthy\h182.jpg,datasets\raw\Cotton\healthy\h183.jpg,Cotton,Cotton,other,other,HIGH
0,datasets\raw\Cotton\healthy\h182.jpg,datasets\raw\Cotton\healthy\h184.jpg,Cotton,Cotton,other,other,HIGH
0,datasets\raw\Cotton\healthy\h182.jpg,datasets\raw\Cotton\healthy\h185.jpg,Cotton,Cotton,other,other,HIGH
0,datasets\raw\Cotton\healthy\h183.jpg,datasets\raw\Cotton\healthy\h184.jpg,Cotton,Cotton,other,other,HIGH
0,datasets\raw\Cotton\healthy\h183.jpg,datasets\raw\Cotton\healthy\h185.jpg,Cotton,Cotton,other,other,HIGH
0,datasets\raw\Cotton\healthy\h184.jpg,datasets\raw\Cotton\healthy\h185.jpg,Cotton,Cotton,other,other,HIGH
0,datasets\raw\Cotton\healthy\h186.jpg,datasets\raw\Cotton\healthy\h187.jpg,Cotton,Cotton,other,other,HIGH
0,datasets\raw\Cotton\healthy\h186.jpg,datasets\raw\Cotton\healthy\h188.jpg,Cotton,Cotton,other,other,HIGH
0,datasets\raw\Cotton\healthy\h186.jpg,datasets\raw\Cotton\healthy\h189.jpg,Cotton,Cotton,other,other,HIGH
0,datasets\raw\Cotton\healthy\h187.jpg,datasets\raw\Cotton\healthy\h188.jpg,Cotton,Cotton,other,other,HIGH
0,datasets\raw\Cotton\healthy\h187.jpg,datasets\raw\Cotton\healthy\h189.jpg,Cotton,Cotton,other,other,HIGH
0,datasets\raw\Cotton\healthy\h188.jpg,datasets\raw\Cotton\healthy\h189.jpg,Cotton,Cotton,other,other,HIGH
0,datasets\raw\Cotton\healthy\h190.jpg,datasets\raw\Cotton\healthy\h191.jpg,Cotton,Cotton,other,other,HIGH
0,datasets\raw\Cotton\healthy\h190.jpg,datasets\raw\Cotton\healthy\h192.jpg,Cotton,Cotton,other,other,HIGH
0,datasets\raw\Cotton\healthy\h190.jpg,datasets\raw\Cotton\healthy\h193.jpg,Cotton,Cotton,other,other,HIGH
0,datasets\raw\Cotton\healthy\h190.jpg,datasets\raw\Cotton\healthy\h194.jpg,Cotton,Cotton,other,other,HIGH
0,datasets\raw\Cotton\healthy\h190.jpg,datasets\raw\Cotton\healthy\h195.jpg,Cotton,Cotton,other,other,HIGH
0,datasets\raw\Cotton\healthy\h191.jpg,datasets\raw\Cotton\healthy\h192.jpg,Cotton,Cotton,other,other,HIGH
0,datasets\raw\Cotton\healthy\h191.jpg,datasets\raw\Cotton\healthy\h193.jpg,Cotton,Cotton,other,other,HIGH
0,datasets\raw\Cotton\healthy\h191.jpg,datasets\raw\Cotton\healthy\h194.jpg,Cotton,Cotton,other,other,HIGH
0,datasets\raw\Cotton\healthy\h191.jpg,datasets\raw\Cotton\healthy\h195.jpg,Cotton,Cotton,other,other,HIGH
0,datasets\raw\Cotton\healthy\h192.jpg,datasets\raw\Cotton\healthy\h193.jpg,Cotton,Cotton,other,other,HIGH
0,datasets\raw\Cotton\healthy\h192.jpg,datasets\raw\Cotton\healthy\h194.jpg,Cotton,Cotton,other,other,HIGH
0,datasets\raw\Cotton\healthy\h192.jpg,datasets\raw\Cotton\healthy\h195.jpg,Cotton,Cotton,other,other,HIGH
0,datasets\raw\Cotton\healthy\h193.jpg,datasets\raw\Cotton\healthy\h194.jpg,Cotton,Cotton,other,other,HIGH
0,datasets\raw\Cotton\healthy\h193.jpg,datasets\raw\Cotton\healthy\h195.jpg,Cotton,Cotton,other,other,HIGH
0,datasets\raw\Cotton\healthy\h194.jpg,datasets\raw\Cotton\healthy\h195.jpg,Cotton,Cotton,other,other,HIGH
0,datasets\raw\Cotton\healthy\h203.jpg,datasets\raw\Cotton\healthy\h206.jpg,Cotton,Cotton,other,other,HIGH
0,datasets\raw\Cotton\healthy\h203.jpg,datasets\raw\Cotton\healthy\h207.jpg,Cotton,Cotton,other,other,HIGH
0,datasets\raw\Cotton\healthy\h203.jpg,datasets\raw\Cotton\healthy\h208.jpg,Cotton,Cotton,other,other,HIGH
0,datasets\raw\Cotton\healthy\h206.jpg,datasets\raw\Cotton\healthy\h207.jpg,Cotton,Cotton,other,other,HIGH
0,datasets\raw\Cotton\healthy\h206.jpg,datasets\raw\Cotton\healthy\h208.jpg,Cotton,Cotton,other,other,HIGH
0,datasets\raw\Cotton\healthy\h207.jpg,datasets\raw\Cotton\healthy\h208.jpg,Cotton,Cotton,other,other,HIGH
0,datasets\raw\Cotton\healthy\h209.jpg,datasets\raw\Cotton\healthy\h210.jpg,Cotton,Cotton,other,other,HIGH
0,datasets\raw\Cotton\healthy\h209.jpg,datasets\raw\Cotton\healthy\h211.jpg,Cotton,Cotton,other,other,HIGH
0,datasets\raw\Cotton\healthy\h209.jpg,datasets\raw\Cotton\healthy\h212.jpg,Cotton,Cotton,other,other,HIGH
0,datasets\raw\Cotton\healthy\h210.jpg,datasets\raw\Cotton\healthy\h211.jpg,Cotton,Cotton,other,other,HIGH
0,datasets\raw\Cotton\healthy\h210.jpg,datasets\raw\Cotton\healthy\h212.jpg,Cotton,Cotton,other,other,HIGH
0,datasets\raw\Cotton\healthy\h211.jpg,datasets\raw\Cotton\healthy\h212.jpg,Cotton,Cotton,other,other,HIGH
0,datasets\raw\Cotton\healthy\h219.png,datasets\raw\Cotton\healthy\h220.png,Cotton,Cotton,other,other,HIGH
0,datasets\raw\Cotton\healthy\h221.jpg,datasets\raw\Cotton\healthy\h222.jpg,Cotton,Cotton,other,other,HIGH
0,datasets\raw\Cotton\healthy\h221.jpg,datasets\raw\Cotton\healthy\h223.jpg,Cotton,Cotton,other,other,HIGH
0,datasets\raw\Cotton\healthy\h221.jpg,datasets\raw\Cotton\healthy\h225.jpg,Cotton,Cotton,other,other,HIGH
0,datasets\raw\Cotton\healthy\h222.jpg,datasets\raw\Cotton\healthy\h223.jpg,Cotton,Cotton,other,other,HIGH
0,datasets\raw\Cotton\healthy\h222.jpg,datasets\raw\Cotton\healthy\h225.jpg,Cotton,Cotton,other,other,HIGH
0,datasets\raw\Cotton\healthy\h223.jpg,datasets\raw\Cotton\healthy\h225.jpg,Cotton,Cotton,other,other,HIGH
0,datasets\raw\Cotton\healthy\h226.jpg,datasets\raw\Cotton\healthy\h227.jpg,Cotton,Cotton,other,other,HIGH
0,datasets\raw\Cotton\healthy\h226.jpg,datasets\raw\Cotton\healthy\h228.jpg,Cotton,Cotton,other,other,HIGH
0,datasets\raw\Cotton\healthy\h226.jpg,datasets\raw\Cotton\healthy\h229.jpg,Cotton,Cotton,other,other,HIGH
0,datasets\raw\Cotton\healthy\h227.jpg,datasets\raw\Cotton\healthy\h228.jpg,Cotton,Cotton,other,other,HIGH
0,datasets\raw\Cotton\healthy\h227.jpg,datasets\raw\Cotton\healthy\h229.jpg,Cotton,Cotton,other,other,HIGH
0,datasets\raw\Cotton\healthy\h228.jpg,datasets\raw\Cotton\healthy\h229.jpg,Cotton,Cotton,other,other,HIGH
0,datasets\raw\Cotton\healthy\h230.jpg,datasets\raw\Cotton\healthy\h231.jpg,Cotton,Cotton,other,other,HIGH
0,datasets\raw\Cotton\healthy\h230.jpg,datasets\raw\Cotton\healthy\h232.jpg,Cotton,Cotton,other,other,HIGH
0,datasets\raw\Cotton\healthy\h230.jpg,datasets\raw\Cotton\healthy\h235.jpg,Cotton,Cotton,other,other,HIGH
0,datasets\raw\Cotton\healthy\h231.jpg,datasets\raw\Cotton\healthy\h232.jpg,Cotton,Cotton,other,other,HIGH
0,datasets\raw\Cotton\healthy\h231.jpg,datasets\raw\Cotton\healthy\h235.jpg,Cotton,Cotton,other,other,HIGH
0,datasets\raw\Cotton\healthy\h232.jpg,datasets\raw\Cotton\healthy\h235.jpg,Cotton,Cotton,other,other,HIGH
0,datasets\raw\Cotton\healthy\h236.jpg,datasets\raw\Cotton\healthy\h237.jpg,Cotton,Cotton,other,other,HIGH
0,datasets\raw\Cotton\healthy\h236.jpg,datasets\raw\Cotton\healthy\h238.jpg,Cotton,Cotton,other,other,HIGH
0,datasets\raw\Cotton\healthy\h237.jpg,datasets\raw\Cotton\healthy\h238.jpg,Cotton,Cotton,other,other,HIGH
0,datasets\raw\Cotton\healthy\h239.jpg,datasets\raw\Cotton\healthy\h240.jpg,Cotton,Cotton,other,other,HIGH
0,datasets\raw\Cotton\healthy\h239.jpg,datasets\raw\Cotton\healthy\h241.jpg,Cotton,Cotton,other,other,HIGH
0,datasets\raw\Cotton\healthy\h239.jpg,datasets\raw\Cotton\healthy\h245.jpg,Cotton,Cotton,other,other,HIGH
0,datasets\raw\Cotton\healthy\h240.jpg,datasets\raw\Cotton\healthy\h241.jpg,Cotton,Cotton,other,other,HIGH
0,datasets\raw\Cotton\healthy\h240.jpg,datasets\raw\Cotton\healthy\h245.jpg,Cotton,Cotton,other,other,HIGH
0,datasets\raw\Cotton\healthy\h241.jpg,datasets\raw\Cotton\healthy\h245.jpg,Cotton,Cotton,other,other,HIGH
0,datasets\raw\Cotton\healthy\h242.jpg,datasets\raw\Cotton\healthy\h243.jpg,Cotton,Cotton,other,other,HIGH
0,datasets\raw\Cotton\healthy\h242.jpg,datasets\raw\Cotton\healthy\h244.jpg,Cotton,Cotton,other,other,HIGH
0,datasets\raw\Cotton\healthy\h243.jpg,datasets\raw\Cotton\healthy\h244.jpg,Cotton,Cotton,other,other,HIGH
0,datasets\raw\Cotton\healthy\h246.jpg,datasets\raw\Cotton\healthy\h247.jpg,Cotton,Cotton,other,other,HIGH
0,datasets\raw\Cotton\healthy\h246.jpg,datasets\raw\Cotton\healthy\h248.jpg,Cotton,Cotton,other,other,HIGH
0,datasets\raw\Cotton\healthy\h247.jpg,datasets\raw\Cotton\healthy\h248.jpg,Cotton,Cotton,other,other,HIGH
0,datasets\raw\Cotton\healthy\h249.jpg,datasets\raw\Cotton\healthy\h251.jpg,Cotton,Cotton,other,other,HIGH
0,datasets\raw\Cotton\healthy\h249.jpg,datasets\raw\Cotton\healthy\h252.jpg,Cotton,Cotton,other,other,HIGH
0,datasets\raw\Cotton\healthy\h249.jpg,datasets\raw\Cotton\healthy\h253.jpg,Cotton,Cotton,other,other,HIGH
0,datasets\raw\Cotton\healthy\h251.jpg,datasets\raw\Cotton\healthy\h252.jpg,Cotton,Cotton,other,other,HIGH
0,datasets\raw\Cotton\healthy\h251.jpg,datasets\raw\Cotton\healthy\h253.jpg,Cotton,Cotton,other,other,HIGH
0,datasets\raw\Cotton\healthy\h252.jpg,datasets\raw\Cotton\healthy\h253.jpg,Cotton,Cotton,other,other,HIGH
0,datasets\raw\Cotton\healthy\h254.jpg,datasets\raw\Cotton\healthy\h255.jpg,Cotton,Cotton,other,other,HIGH
0,datasets\raw\Cotton\healthy\h254.jpg,datasets\raw\Cotton\healthy\h256.jpg,Cotton,Cotton,other,other,HIGH
0,datasets\raw\Cotton\healthy\h255.jpg,datasets\raw\Cotton\healthy\h256.jpg,Cotton,Cotton,other,other,HIGH
0,datasets\raw\Cotton\healthy\h257.jpg,datasets\raw\Cotton\healthy\h258.jpg,Cotton,Cotton,other,other,HIGH
0,datasets\raw\Cotton\healthy\h257.jpg,datasets\raw\Cotton\healthy\h259.jpg,Cotton,Cotton,other,other,HIGH
0,datasets\raw\Cotton\healthy\h257.jpg,datasets\raw\Cotton\healthy\h261.jpg,Cotton,Cotton,other,other,HIGH
0,datasets\raw\Cotton\healthy\h258.jpg,datasets\raw\Cotton\healthy\h259.jpg,Cotton,Cotton,other,other,HIGH
0,datasets\raw\Cotton\healthy\h258.jpg,datasets\raw\Cotton\healthy\h261.jpg,Cotton,Cotton,other,other,HIGH
0,datasets\raw\Cotton\healthy\h259.jpg,datasets\raw\Cotton\healthy\h261.jpg,Cotton,Cotton,other,other,HIGH
0,datasets\raw\Cotton\healthy\h260.jpg,datasets\raw\Cotton\healthy\h316.jpg,Cotton,Cotton,other,other,HIGH
0,datasets\raw\Cotton\healthy\h260.jpg,datasets\raw\Cotton\healthy\h362.jpg,Cotton,Cotton,other,other,HIGH
0,datasets\raw\Cotton\healthy\h260.jpg,datasets\raw\Cotton\healthy\h363.jpg,Cotton,Cotton,other,other,HIGH
0,datasets\raw\Cotton\healthy\h260.jpg,datasets\raw\Cotton\healthy\h364.jpg,Cotton,Cotton,other,other,HIGH
0,datasets\raw\Cotton\healthy\h316.jpg,datasets\raw\Cotton\healthy\h362.jpg,Cotton,Cotton,other,other,HIGH
0,datasets\raw\Cotton\healthy\h316.jpg,datasets\raw\Cotton\healthy\h363.jpg,Cotton,Cotton,other,other,HIGH
0,datasets\raw\Cotton\healthy\h316.jpg,datasets\raw\Cotton\healthy\h364.jpg,Cotton,Cotton,other,other,HIGH
0,datasets\raw\Cotton\healthy\h362.jpg,datasets\raw\Cotton\healthy\h363.jpg,Cotton,Cotton,other,other,HIGH
0,datasets\raw\Cotton\healthy\h362.jpg,datasets\raw\Cotton\healthy\h364.jpg,Cotton,Cotton,other,other,HIGH
0,datasets\raw\Cotton\healthy\h363.jpg,datasets\raw\Cotton\healthy\h364.jpg,Cotton,Cotton,other,other,HIGH
0,datasets\raw\Cotton\healthy\h262.jpg,datasets\raw\Cotton\healthy\h263.jpg,Cotton,Cotton,other,other,HIGH
0,datasets\raw\Cotton\healthy\h262.jpg,datasets\raw\Cotton\healthy\h264.jpg,Cotton,Cotton,other,other,HIGH
0,datasets\raw\Cotton\healthy\h262.jpg,datasets\raw\Cotton\healthy\h266.jpg,Cotton,Cotton,other,other,HIGH
0,datasets\raw\Cotton\healthy\h263.jpg,datasets\raw\Cotton\healthy\h264.jpg,Cotton,Cotton,other,other,HIGH
0,datasets\raw\Cotton\healthy\h263.jpg,datasets\raw\Cotton\healthy\h266.jpg,Cotton,Cotton,other,other,HIGH
0,datasets\raw\Cotton\healthy\h264.jpg,datasets\raw\Cotton\healthy\h266.jpg,Cotton,Cotton,other,other,HIGH
0,datasets\raw\Cotton\healthy\h27.jpg,datasets\raw\Cotton\healthy\h359.jpg,Cotton,Cotton,other,other,HIGH
0,datasets\raw\Cotton\healthy\h27.jpg,datasets\raw\Cotton\healthy\h360.jpg,Cotton,Cotton,other,other,HIGH
0,datasets\raw\Cotton\healthy\h27.jpg,datasets\raw\Cotton\healthy\h365.jpg,Cotton,Cotton,other,other,HIGH
0,datasets\raw\Cotton\healthy\h359.jpg,datasets\raw\Cotton\healthy\h360.jpg,Cotton,Cotton,other,other,HIGH
0,datasets\raw\Cotton\healthy\h359.jpg,datasets\raw\Cotton\healthy\h365.jpg,Cotton,Cotton,other,other,HIGH
0,datasets\raw\Cotton\healthy\h360.jpg,datasets\raw\Cotton\healthy\h365.jpg,Cotton,Cotton,other,other,HIGH
0,datasets\raw\Cotton\healthy\h272.jpg,datasets\raw\Cotton\healthy\h273.jpg,Cotton,Cotton,other,other,HIGH
0,datasets\raw\Cotton\healthy\h272.jpg,datasets\raw\Cotton\healthy\h274.jpg,Cotton,Cotton,other,other,HIGH
0,datasets\raw\Cotton\healthy\h272.jpg,datasets\raw\Cotton\healthy\h275.jpg,Cotton,Cotton,other,other,HIGH
0,datasets\raw\Cotton\healthy\h273.jpg,datasets\raw\Cotton\healthy\h274.jpg,Cotton,Cotton,other,other,HIGH
0,datasets\raw\Cotton\healthy\h273.jpg,datasets\raw\Cotton\healthy\h275.jpg,Cotton,Cotton,other,other,HIGH
0,datasets\raw\Cotton\healthy\h274.jpg,datasets\raw\Cotton\healthy\h275.jpg,Cotton,Cotton,other,other,HIGH
0,datasets\raw\Cotton\healthy\h276.jpg,datasets\raw\Cotton\healthy\h277.jpg,Cotton,Cotton,other,other,HIGH
0,datasets\raw\Cotton\healthy\h276.jpg,datasets\raw\Cotton\healthy\h279.jpg,Cotton,Cotton,other,other,HIGH
0,datasets\raw\Cotton\healthy\h276.jpg,datasets\raw\Cotton\healthy\h341.jpg,Cotton,Cotton,other,other,HIGH
0,datasets\raw\Cotton\healthy\h276.jpg,datasets\raw\Cotton\healthy\h395.jpg,Cotton,Cotton,other,other,HIGH
0,datasets\raw\Cotton\healthy\h276.jpg,datasets\raw\Cotton\healthy\h397.jpg,Cotton,Cotton,other,other,HIGH
0,datasets\raw\Cotton\healthy\h276.jpg,datasets\raw\Cotton\healthy\h398.jpg,Cotton,Cotton,other,other,HIGH
0,datasets\raw\Cotton\healthy\h276.jpg,datasets\raw\Cotton\healthy\h399.jpg,Cotton,Cotton,other,other,HIGH
0,datasets\raw\Cotton\healthy\h277.jpg,datasets\raw\Cotton\healthy\h279.jpg,Cotton,Cotton,other,other,HIGH
0,datasets\raw\Cotton\healthy\h277.jpg,datasets\raw\Cotton\healthy\h341.jpg,Cotton,Cotton,other,other,HIGH
0,datasets\raw\Cotton\healthy\h277.jpg,datasets\raw\Cotton\healthy\h395.jpg,Cotton,Cotton,other,other,HIGH
0,datasets\raw\Cotton\healthy\h277.jpg,datasets\raw\Cotton\healthy\h397.jpg,Cotton,Cotton,other,other,HIGH
0,datasets\raw\Cotton\healthy\h277.jpg,datasets\raw\Cotton\healthy\h398.jpg,Cotton,Cotton,other,other,HIGH
0,datasets\raw\Cotton\healthy\h277.jpg,datasets\raw\Cotton\healthy\h399.jpg,Cotton,Cotton,other,other,HIGH
0,datasets\raw\Cotton\healthy\h279.jpg,datasets\raw\Cotton\healthy\h341.jpg,Cotton,Cotton,other,other,HIGH
0,datasets\raw\Cotton\healthy\h279.jpg,datasets\raw\Cotton\healthy\h395.jpg,Cotton,Cotton,other,other,HIGH
0,datasets\raw\Cotton\healthy\h279.jpg,datasets\raw\Cotton\healthy\h397.jpg,Cotton,Cotton,other,other,HIGH
0,datasets\raw\Cotton\healthy\h279.jpg,datasets\raw\Cotton\healthy\h398.jpg,Cotton,Cotton,other,other,HIGH
0,datasets\raw\Cotton\healthy\h279.jpg,datasets\raw\Cotton\healthy\h399.jpg,Cotton,Cotton,other,other,HIGH
0,datasets\raw\Cotton\healthy\h341.jpg,datasets\raw\Cotton\healthy\h395.jpg,Cotton,Cotton,other,other,HIGH
0,datasets\raw\Cotton\healthy\h341.jpg,datasets\raw\Cotton\healthy\h397.jpg,Cotton,Cotton,other,other,HIGH
0,datasets\raw\Cotton\healthy\h341.jpg,datasets\raw\Cotton\healthy\h398.jpg,Cotton,Cotton,other,other,HIGH
0,datasets\raw\Cotton\healthy\h341.jpg,datasets\raw\Cotton\healthy\h399.jpg,Cotton,Cotton,other,other,HIGH
0,datasets\raw\Cotton\healthy\h395.jpg,datasets\raw\Cotton\healthy\h397.jpg,Cotton,Cotton,other,other,HIGH
0,datasets\raw\Cotton\healthy\h395.jpg,datasets\raw\Cotton\healthy\h398.jpg,Cotton,Cotton,other,other,HIGH
0,datasets\raw\Cotton\healthy\h395.jpg,datasets\raw\Cotton\healthy\h399.jpg,Cotton,Cotton,other,other,HIGH
0,datasets\raw\Cotton\healthy\h397.jpg,datasets\raw\Cotton\healthy\h398.jpg,Cotton,Cotton,other,other,HIGH
0,datasets\raw\Cotton\healthy\h397.jpg,datasets\raw\Cotton\healthy\h399.jpg,Cotton,Cotton,other,other,HIGH
0,datasets\raw\Cotton\healthy\h398.jpg,datasets\raw\Cotton\healthy\h399.jpg,Cotton,Cotton,other,other,HIGH
0,datasets\raw\Cotton\healthy\h280.jpg,datasets\raw\Cotton\healthy\h281.jpg,Cotton,Cotton,other,other,HIGH
0,datasets\raw\Cotton\healthy\h280.jpg,datasets\raw\Cotton\healthy\h282.jpg,Cotton,Cotton,other,other,HIGH
0,datasets\raw\Cotton\healthy\h280.jpg,datasets\raw\Cotton\healthy\h283.jpg,Cotton,Cotton,other,other,HIGH
0,datasets\raw\Cotton\healthy\h281.jpg,datasets\raw\Cotton\healthy\h282.jpg,Cotton,Cotton,other,other,HIGH
0,datasets\raw\Cotton\healthy\h281.jpg,datasets\raw\Cotton\healthy\h283.jpg,Cotton,Cotton,other,other,HIGH
0,datasets\raw\Cotton\healthy\h282.jpg,datasets\raw\Cotton\healthy\h283.jpg,Cotton,Cotton,other,other,HIGH
0,datasets\raw\Cotton\healthy\h284.jpg,datasets\raw\Cotton\healthy\h285.jpg,Cotton,Cotton,other,other,HIGH
0,datasets\raw\Cotton\healthy\h284.jpg,datasets\raw\Cotton\healthy\h286.jpg,Cotton,Cotton,other,other,HIGH
0,datasets\raw\Cotton\healthy\h284.jpg,datasets\raw\Cotton\healthy\h287.jpg,Cotton,Cotton,other,other,HIGH
0,datasets\raw\Cotton\healthy\h284.jpg,datasets\raw\Cotton\healthy\h288.jpg,Cotton,Cotton,other,other,HIGH
0,datasets\raw\Cotton\healthy\h284.jpg,datasets\raw\Cotton\healthy\h289.jpg,Cotton,Cotton,other,other,HIGH
0,datasets\raw\Cotton\healthy\h284.jpg,datasets\raw\Cotton\healthy\h304.jpg,Cotton,Cotton,other,other,HIGH
0,datasets\raw\Cotton\healthy\h284.jpg,datasets\raw\Cotton\healthy\h305.jpg,Cotton,Cotton,other,other,HIGH
0,datasets\raw\Cotton\healthy\h285.jpg,datasets\raw\Cotton\healthy\h286.jpg,Cotton,Cotton,other,other,HIGH
0,datasets\raw\Cotton\healthy\h285.jpg,datasets\raw\Cotton\healthy\h287.jpg,Cotton,Cotton,other,other,HIGH
0,datasets\raw\Cotton\healthy\h285.jpg,datasets\raw\Cotton\healthy\h288.jpg,Cotton,Cotton,other,other,HIGH
0,datasets\raw\Cotton\healthy\h285.jpg,datasets\raw\Cotton\healthy\h289.jpg,Cotton,Cotton,other,other,HIGH
0,datasets\raw\Cotton\healthy\h285.jpg,datasets\raw\Cotton\healthy\h304.jpg,Cotton,Cotton,other,other,HIGH
0,datasets\raw\Cotton\healthy\h285.jpg,datasets\raw\Cotton\healthy\h305.jpg,Cotton,Cotton,other,other,HIGH
0,datasets\raw\Cotton\healthy\h286.jpg,datasets\raw\Cotton\healthy\h287.jpg,Cotton,Cotton,other,other,HIGH
0,datasets\raw\Cotton\healthy\h286.jpg,datasets\raw\Cotton\healthy\h288.jpg,Cotton,Cotton,other,other,HIGH
0,datasets\raw\Cotton\healthy\h286.jpg,datasets\raw\Cotton\healthy\h289.jpg,Cotton,Cotton,other,other,HIGH
0,datasets\raw\Cotton\healthy\h286.jpg,datasets\raw\Cotton\healthy\h304.jpg,Cotton,Cotton,other,other,HIGH
0,datasets\raw\Cotton\healthy\h286.jpg,datasets\raw\Cotton\healthy\h305.jpg,Cotton,Cotton,other,other,HIGH
0,datasets\raw\Cotton\healthy\h287.jpg,datasets\raw\Cotton\healthy\h288.jpg,Cotton,Cotton,other,other,HIGH
0,datasets\raw\Cotton\healthy\h287.jpg,datasets\raw\Cotton\healthy\h289.jpg,Cotton,Cotton,other,other,HIGH
0,datasets\raw\Cotton\healthy\h287.jpg,datasets\raw\Cotton\healthy\h304.jpg,Cotton,Cotton,other,other,HIGH
0,datasets\raw\Cotton\healthy\h287.jpg,datasets\raw\Cotton\healthy\h305.jpg,Cotton,Cotton,other,other,HIGH
0,datasets\raw\Cotton\healthy\h288.jpg,datasets\raw\Cotton\healthy\h289.jpg,Cotton,Cotton,other,other,HIGH
0,datasets\raw\Cotton\healthy\h288.jpg,datasets\raw\Cotton\healthy\h304.jpg,Cotton,Cotton,other,other,HIGH
0,datasets\raw\Cotton\healthy\h288.jpg,datasets\raw\Cotton\healthy\h305.jpg,Cotton,Cotton,other,other,HIGH
0,datasets\raw\Cotton\healthy\h289.jpg,datasets\raw\Cotton\healthy\h304.jpg,Cotton,Cotton,other,other,HIGH
0,datasets\raw\Cotton\healthy\h289.jpg,datasets\raw\Cotton\healthy\h305.jpg,Cotton,Cotton,other,other,HIGH
0,datasets\raw\Cotton\healthy\h304.jpg,datasets\raw\Cotton\healthy\h305.jpg,Cotton,Cotton,other,other,HIGH
0,datasets\raw\Cotton\healthy\h291.jpg,datasets\raw\Cotton\healthy\h292.jpg,Cotton,Cotton,other,other,HIGH
0,datasets\raw\Cotton\healthy\h291.jpg,datasets\raw\Cotton\healthy\h293.jpg,Cotton,Cotton,other,other,HIGH
0,datasets\raw\Cotton\healthy\h292.jpg,datasets\raw\Cotton\healthy\h293.jpg,Cotton,Cotton,other,other,HIGH
0,datasets\raw\Cotton\healthy\h294.jpg,datasets\raw\Cotton\healthy\h296.jpg,Cotton,Cotton,other,other,HIGH
0,datasets\raw\Cotton\healthy\h295.jpg,datasets\raw\Cotton\healthy\h300.jpg,Cotton,Cotton,other,other,HIGH
0,datasets\raw\Cotton\healthy\h295.jpg,datasets\raw\Cotton\healthy\h302.jpg,Cotton,Cotton,other,other,HIGH
0,datasets\raw\Cotton\healthy\h300.jpg,datasets\raw\Cotton\healthy\h302.jpg,Cotton,Cotton,other,other,HIGH
0,datasets\raw\Cotton\healthy\h297.jpg,datasets\raw\Cotton\healthy\h298.jpg,Cotton,Cotton,other,other,HIGH
0,datasets\raw\Cotton\healthy\h297.jpg,datasets\raw\Cotton\healthy\h315.jpg,Cotton,Cotton,other,other,HIGH
0,datasets\raw\Cotton\healthy\h298.jpg,datasets\raw\Cotton\healthy\h315.jpg,Cotton,Cotton,other,other,HIGH
0,datasets\raw\Cotton\healthy\h301.jpg,datasets\raw\Cotton\healthy\h303.jpg,Cotton,Cotton,other,other,HIGH
0,datasets\raw\Cotton\healthy\h306.jpg,datasets\raw\Cotton\healthy\h307.jpg,Cotton,Cotton,other,other,HIGH
0,datasets\raw\Cotton\healthy\h306.jpg,datasets\raw\Cotton\healthy\h308.jpg,Cotton,Cotton,other,other,HIGH
0,datasets\raw\Cotton\healthy\h307.jpg,datasets\raw\Cotton\healthy\h308.jpg,Cotton,Cotton,other,other,HIGH
0,datasets\raw\Cotton\healthy\h312.jpg,datasets\raw\Cotton\healthy\h313.jpg,Cotton,Cotton,other,other,HIGH
0,datasets\raw\Cotton\healthy\h312.jpg,datasets\raw\Cotton\healthy\h314..jpg,Cotton,Cotton,other,other,HIGH
0,datasets\raw\Cotton\healthy\h312.jpg,datasets\raw\Cotton\healthy\h361.jpg,Cotton,Cotton,other,other,HIGH
0,datasets\raw\Cotton\healthy\h313.jpg,datasets\raw\Cotton\healthy\h314..jpg,Cotton,Cotton,other,other,HIGH
0,datasets\raw\Cotton\healthy\h313.jpg,datasets\raw\Cotton\healthy\h361.jpg,Cotton,Cotton,other,other,HIGH
0,datasets\raw\Cotton\healthy\h314..jpg,datasets\raw\Cotton\healthy\h361.jpg,Cotton,Cotton,other,other,HIGH
0,datasets\raw\Cotton\healthy\h317.jpg,datasets\raw\Cotton\healthy\h318.jpg,Cotton,Cotton,other,other,HIGH
0,datasets\raw\Cotton\healthy\h317.jpg,datasets\raw\Cotton\healthy\h319.jpg,Cotton,Cotton,other,other,HIGH
0,datasets\raw\Cotton\healthy\h317.jpg,datasets\raw\Cotton\healthy\h321.jpg,Cotton,Cotton,other,other,HIGH
0,datasets\raw\Cotton\healthy\h318.jpg,datasets\raw\Cotton\healthy\h319.jpg,Cotton,Cotton,other,other,HIGH
0,datasets\raw\Cotton\healthy\h318.jpg,datasets\raw\Cotton\healthy\h321.jpg,Cotton,Cotton,other,other,HIGH
0,datasets\raw\Cotton\healthy\h319.jpg,datasets\raw\Cotton\healthy\h321.jpg,Cotton,Cotton,other,other,HIGH
0,datasets\raw\Cotton\healthy\h322.jpg,datasets\raw\Cotton\healthy\h323.jpg,Cotton,Cotton,other,other,HIGH
0,datasets\raw\Cotton\healthy\h322.jpg,datasets\raw\Cotton\healthy\h324.jpg,Cotton,Cotton,other,other,HIGH
0,datasets\raw\Cotton\healthy\h323.jpg,datasets\raw\Cotton\healthy\h324.jpg,Cotton,Cotton,other,other,HIGH
0,datasets\raw\Cotton\healthy\h325.jpg,datasets\raw\Cotton\healthy\h326.jpg,Cotton,Cotton,other,other,HIGH
0,datasets\raw\Cotton\healthy\h325.jpg,datasets\raw\Cotton\healthy\h327.jpg,Cotton,Cotton,other,other,HIGH
0,datasets\raw\Cotton\healthy\h325.jpg,datasets\raw\Cotton\healthy\h337.jpg,Cotton,Cotton,other,other,HIGH
0,datasets\raw\Cotton\healthy\h326.jpg,datasets\raw\Cotton\healthy\h327.jpg,Cotton,Cotton,other,other,HIGH
0,datasets\raw\Cotton\healthy\h326.jpg,datasets\raw\Cotton\healthy\h337.jpg,Cotton,Cotton,other,other,HIGH
0,datasets\raw\Cotton\healthy\h327.jpg,datasets\raw\Cotton\healthy\h337.jpg,Cotton,Cotton,other,other,HIGH
0,datasets\raw\Cotton\healthy\h328.jpg,datasets\raw\Cotton\healthy\h343.jpg,Cotton,Cotton,other,other,HIGH
0,datasets\raw\Cotton\healthy\h328.jpg,datasets\raw\Cotton\healthy\h344.jpg,Cotton,Cotton,other,other,HIGH
0,datasets\raw\Cotton\healthy\h343.jpg,datasets\raw\Cotton\healthy\h344.jpg,Cotton,Cotton,other,other,HIGH
0,datasets\raw\Cotton\healthy\h330.jpg,datasets\raw\Cotton\healthy\h331.jpg,Cotton,Cotton,other,other,HIGH
0,datasets\raw\Cotton\healthy\h330.jpg,datasets\raw\Cotton\healthy\h332.jpg,Cotton,Cotton,other,other,HIGH
0,datasets\raw\Cotton\healthy\h331.jpg,datasets\raw\Cotton\healthy\h332.jpg,Cotton,Cotton,other,other,HIGH
0,datasets\raw\Cotton\healthy\h333.jpg,datasets\raw\Cotton\healthy\h393.jpg,Cotton,Cotton,other,other,HIGH
0,datasets\raw\Cotton\healthy\h333.jpg,datasets\raw\Cotton\healthy\h394.jpg,Cotton,Cotton,other,other,HIGH
0,datasets\raw\Cotton\healthy\h333.jpg,datasets\raw\Cotton\healthy\h396.jpg,Cotton,Cotton,other,other,HIGH
0,datasets\raw\Cotton\healthy\h333.jpg,datasets\raw\Cotton\healthy\h401.jpg,Cotton,Cotton,other,other,HIGH
0,datasets\raw\Cotton\healthy\h333.jpg,datasets\raw\Cotton\healthy\h4201.jpg,Cotton,Cotton,other,other,HIGH
0,datasets\raw\Cotton\healthy\h333.jpg,datasets\raw\Cotton\healthy\h426.jpg,Cotton,Cotton,other,other,HIGH
0,datasets\raw\Cotton\healthy\h393.jpg,datasets\raw\Cotton\healthy\h394.jpg,Cotton,Cotton,other,other,HIGH
0,datasets\raw\Cotton\healthy\h393.jpg,datasets\raw\Cotton\healthy\h396.jpg,Cotton,Cotton,other,other,HIGH
0,datasets\raw\Cotton\healthy\h393.jpg,datasets\raw\Cotton\healthy\h401.jpg,Cotton,Cotton,other,other,HIGH
0,datasets\raw\Cotton\healthy\h393.jpg,datasets\raw\Cotton\healthy\h4201.jpg,Cotton,Cotton,other,other,HIGH
0,datasets\raw\Cotton\healthy\h393.jpg,datasets\raw\Cotton\healthy\h426.jpg,Cotton,Cotton,other,other,HIGH
0,datasets\raw\Cotton\healthy\h394.jpg,datasets\raw\Cotton\healthy\h396.jpg,Cotton,Cotton,other,other,HIGH
0,datasets\raw\Cotton\healthy\h394.jpg,datasets\raw\Cotton\healthy\h401.jpg,Cotton,Cotton,other,other,HIGH
0,datasets\raw\Cotton\healthy\h394.jpg,datasets\raw\Cotton\healthy\h4201.jpg,Cotton,Cotton,other,other,HIGH
0,datasets\raw\Cotton\healthy\h394.jpg,datasets\raw\Cotton\healthy\h426.jpg,Cotton,Cotton,other,other,HIGH
0,datasets\raw\Cotton\healthy\h396.jpg,datasets\raw\Cotton\healthy\h401.jpg,Cotton,Cotton,other,other,HIGH
0,datasets\raw\Cotton\healthy\h396.jpg,datasets\raw\Cotton\healthy\h4201.jpg,Cotton,Cotton,other,other,HIGH
0,datasets\raw\Cotton\healthy\h396.jpg,datasets\raw\Cotton\healthy\h426.jpg,Cotton,Cotton,other,other,HIGH
0,datasets\raw\Cotton\healthy\h401.jpg,datasets\raw\Cotton\healthy\h4201.jpg,Cotton,Cotton,other,other,HIGH
0,datasets\raw\Cotton\healthy\h401.jpg,datasets\raw\Cotton\healthy\h426.jpg,Cotton,Cotton,other,other,HIGH
0,datasets\raw\Cotton\healthy\h4201.jpg,datasets\raw\Cotton\healthy\h426.jpg,Cotton,Cotton,other,other,HIGH
0,datasets\raw\Cotton\healthy\h334.jpg,datasets\raw\Cotton\healthy\h404.jpg,Cotton,Cotton,other,other,HIGH
0,datasets\raw\Cotton\healthy\h335.jpg,datasets\raw\Cotton\healthy\h336.jpg,Cotton,Cotton,other,other,HIGH
0,datasets\raw\Cotton\healthy\h335.jpg,datasets\raw\Cotton\healthy\h412.jpg,Cotton,Cotton,other,other,HIGH
0,datasets\raw\Cotton\healthy\h336.jpg,datasets\raw\Cotton\healthy\h412.jpg,Cotton,Cotton,other,other,HIGH
0,datasets\raw\Cotton\healthy\h338.jpg,datasets\raw\Cotton\healthy\h339.jpg,Cotton,Cotton,other,other,HIGH
0,datasets\raw\Cotton\healthy\h338.jpg,datasets\raw\Cotton\healthy\h371.jpg,Cotton,Cotton,other,other,HIGH
0,datasets\raw\Cotton\healthy\h339.jpg,datasets\raw\Cotton\healthy\h371.jpg,Cotton,Cotton,other,other,HIGH
0,datasets\raw\Cotton\healthy\h346.jpg,datasets\raw\Cotton\healthy\h347.jpg,Cotton,Cotton,other,other,HIGH
0,datasets\raw\Cotton\healthy\h346.jpg,datasets\raw\Cotton\healthy\h348.jpg,Cotton,Cotton,other,other,HIGH
0,datasets\raw\Cotton\healthy\h346.jpg,datasets\raw\Cotton\healthy\h349.jpg,Cotton,Cotton,other,other,HIGH
0,datasets\raw\Cotton\healthy\h347.jpg,datasets\raw\Cotton\healthy\h348.jpg,Cotton,Cotton,other,other,HIGH
0,datasets\raw\Cotton\healthy\h347.jpg,datasets\raw\Cotton\healthy\h349.jpg,Cotton,Cotton,other,other,HIGH
0,datasets\raw\Cotton\healthy\h348.jpg,datasets\raw\Cotton\healthy\h349.jpg,Cotton,Cotton,other,other,HIGH
0,datasets\raw\Cotton\healthy\h3488.jpg,datasets\raw\Cotton\healthy\h388.jpg,Cotton,Cotton,other,other,HIGH
0,datasets\raw\Cotton\healthy\h3488.jpg,datasets\raw\Cotton\healthy\h427.jpg,Cotton,Cotton,other,other,HIGH
0,datasets\raw\Cotton\healthy\h3488.jpg,datasets\raw\Cotton\healthy\h498.jpg,Cotton,Cotton,other,other,HIGH
0,datasets\raw\Cotton\healthy\h388.jpg,datasets\raw\Cotton\healthy\h427.jpg,Cotton,Cotton,other,other,HIGH
0,datasets\raw\Cotton\healthy\h388.jpg,datasets\raw\Cotton\healthy\h498.jpg,Cotton,Cotton,other,other,HIGH
0,datasets\raw\Cotton\healthy\h427.jpg,datasets\raw\Cotton\healthy\h498.jpg,Cotton,Cotton,other,other,HIGH
0,datasets\raw\Cotton\healthy\h350.jpg,datasets\raw\Cotton\healthy\h351.jpg,Cotton,Cotton,other,other,HIGH
0,datasets\raw\Cotton\healthy\h350.jpg,datasets\raw\Cotton\healthy\h353.jpg,Cotton,Cotton,other,other,HIGH
0,datasets\raw\Cotton\healthy\h350.jpg,datasets\raw\Cotton\healthy\h354.jpg,Cotton,Cotton,other,other,HIGH
0,datasets\raw\Cotton\healthy\h350.jpg,datasets\raw\Cotton\healthy\h367.jpg,Cotton,Cotton,other,other,HIGH
0,datasets\raw\Cotton\healthy\h351.jpg,datasets\raw\Cotton\healthy\h353.jpg,Cotton,Cotton,other,other,HIGH
0,datasets\raw\Cotton\healthy\h351.jpg,datasets\raw\Cotton\healthy\h354.jpg,Cotton,Cotton,other,other,HIGH
0,datasets\raw\Cotton\healthy\h351.jpg,datasets\raw\Cotton\healthy\h367.jpg,Cotton,Cotton,other,other,HIGH
0,datasets\raw\Cotton\healthy\h353.jpg,datasets\raw\Cotton\healthy\h354.jpg,Cotton,Cotton,other,other,HIGH
0,datasets\raw\Cotton\healthy\h353.jpg,datasets\raw\Cotton\healthy\h367.jpg,Cotton,Cotton,other,other,HIGH
0,datasets\raw\Cotton\healthy\h354.jpg,datasets\raw\Cotton\healthy\h367.jpg,Cotton,Cotton,other,other,HIGH
0,datasets\raw\Cotton\healthy\h355.jpg,datasets\raw\Cotton\healthy\h356.jpg,Cotton,Cotton,other,other,HIGH
0,datasets\raw\Cotton\healthy\h355.jpg,datasets\raw\Cotton\healthy\h357.jpg,Cotton,Cotton,other,other,HIGH
0,datasets\raw\Cotton\healthy\h355.jpg,datasets\raw\Cotton\healthy\h358.jpg,Cotton,Cotton,other,other,HIGH
0,datasets\raw\Cotton\healthy\h356.jpg,datasets\raw\Cotton\healthy\h357.jpg,Cotton,Cotton,other,other,HIGH
0,datasets\raw\Cotton\healthy\h356.jpg,datasets\raw\Cotton\healthy\h358.jpg,Cotton,Cotton,other,other,HIGH
0,datasets\raw\Cotton\healthy\h357.jpg,datasets\raw\Cotton\healthy\h358.jpg,Cotton,Cotton,other,other,HIGH
0,datasets\raw\Cotton\healthy\h36.jpg,datasets\raw\Cotton\healthy\h37.jpg,Cotton,Cotton,other,other,HIGH
0,datasets\raw\Cotton\healthy\h36.jpg,datasets\raw\Cotton\healthy\h38.jpg,Cotton,Cotton,other,other,HIGH
0,datasets\raw\Cotton\healthy\h37.jpg,datasets\raw\Cotton\healthy\h38.jpg,Cotton,Cotton,other,other,HIGH
0,datasets\raw\Cotton\healthy\h366.jpg,datasets\raw\Cotton\healthy\h368.jpg,Cotton,Cotton,other,other,HIGH
0,datasets\raw\Cotton\healthy\h366.jpg,datasets\raw\Cotton\healthy\h369.jpg,Cotton,Cotton,other,other,HIGH
0,datasets\raw\Cotton\healthy\h366.jpg,datasets\raw\Cotton\healthy\h372.jpg,Cotton,Cotton,other,other,HIGH
0,datasets\raw\Cotton\healthy\h368.jpg,datasets\raw\Cotton\healthy\h369.jpg,Cotton,Cotton,other,other,HIGH
0,datasets\raw\Cotton\healthy\h368.jpg,datasets\raw\Cotton\healthy\h372.jpg,Cotton,Cotton,other,other,HIGH
0,datasets\raw\Cotton\healthy\h369.jpg,datasets\raw\Cotton\healthy\h372.jpg,Cotton,Cotton,other,other,HIGH
0,datasets\raw\Cotton\healthy\h370.jpg,datasets\raw\Cotton\healthy\h414.jpg,Cotton,Cotton,other,other,HIGH
0,datasets\raw\Cotton\healthy\h370.jpg,datasets\raw\Cotton\healthy\h415.jpg,Cotton,Cotton,other,other,HIGH
0,datasets\raw\Cotton\healthy\h370.jpg,datasets\raw\Cotton\healthy\h417.jpg,Cotton,Cotton,other,other,HIGH
0,datasets\raw\Cotton\healthy\h414.jpg,datasets\raw\Cotton\healthy\h415.jpg,Cotton,Cotton,other,other,HIGH
0,datasets\raw\Cotton\healthy\h414.jpg,datasets\raw\Cotton\healthy\h417.jpg,Cotton,Cotton,other,other,HIGH
0,datasets\raw\Cotton\healthy\h415.jpg,datasets\raw\Cotton\healthy\h417.jpg,Cotton,Cotton,other,other,HIGH
0,datasets\raw\Cotton\healthy\h373.jpg,datasets\raw\Cotton\healthy\h374.jpg,Cotton,Cotton,other,other,HIGH
0,datasets\raw\Cotton\healthy\h373.jpg,datasets\raw\Cotton\healthy\h375.jpg,Cotton,Cotton,other,other,HIGH
0,datasets\raw\Cotton\healthy\h374.jpg,datasets\raw\Cotton\healthy\h375.jpg,Cotton,Cotton,other,other,HIGH
0,datasets\raw\Cotton\healthy\h378.png,datasets\raw\Cotton\healthy\h484.png,Cotton,Cotton,other,other,HIGH
0,datasets\raw\Cotton\healthy\h379.jpg,datasets\raw\Cotton\healthy\h390.jpg,Cotton,Cotton,other,other,HIGH
0,datasets\raw\Cotton\healthy\h379.jpg,datasets\raw\Cotton\healthy\h488.jpg,Cotton,Cotton,other,other,HIGH
0,datasets\raw\Cotton\healthy\h379.jpg,datasets\raw\Cotton\healthy\h499.jpg,Cotton,Cotton,other,other,HIGH
0,datasets\raw\Cotton\healthy\h390.jpg,datasets\raw\Cotton\healthy\h488.jpg,Cotton,Cotton,other,other,HIGH
0,datasets\raw\Cotton\healthy\h390.jpg,datasets\raw\Cotton\healthy\h499.jpg,Cotton,Cotton,other,other,HIGH
0,datasets\raw\Cotton\healthy\h488.jpg,datasets\raw\Cotton\healthy\h499.jpg,Cotton,Cotton,other,other,HIGH
0,datasets\raw\Cotton\healthy\h383.jpg,datasets\raw\Cotton\healthy\h384.jpg,Cotton,Cotton,other,other,HIGH
0,datasets\raw\Cotton\healthy\h383.jpg,datasets\raw\Cotton\healthy\h386.jpg,Cotton,Cotton,other,other,HIGH
0,datasets\raw\Cotton\healthy\h383.jpg,datasets\raw\Cotton\healthy\h389.jpg,Cotton,Cotton,other,other,HIGH
0,datasets\raw\Cotton\healthy\h384.jpg,datasets\raw\Cotton\healthy\h386.jpg,Cotton,Cotton,other,other,HIGH
0,datasets\raw\Cotton\healthy\h384.jpg,datasets\raw\Cotton\healthy\h389.jpg,Cotton,Cotton,other,other,HIGH
0,datasets\raw\Cotton\healthy\h386.jpg,datasets\raw\Cotton\healthy\h389.jpg,Cotton,Cotton,other,other,HIGH
0,datasets\raw\Cotton\healthy\h387.jpg,datasets\raw\Cotton\healthy\h466.jpg,Cotton,Cotton,other,other,HIGH
0,datasets\raw\Cotton\healthy\h387.jpg,datasets\raw\Cotton\healthy\h467.jpg,Cotton,Cotton,other,other,HIGH
0,datasets\raw\Cotton\healthy\h466.jpg,datasets\raw\Cotton\healthy\h467.jpg,Cotton,Cotton,other,other,HIGH
0,datasets\raw\Cotton\healthy\h39.jpg,datasets\raw\Cotton\healthy\h40.jpg,Cotton,Cotton,other,other,HIGH
0,datasets\raw\Cotton\healthy\h39.jpg,datasets\raw\Cotton\healthy\h41.jpg,Cotton,Cotton,other,other,HIGH
0,datasets\raw\Cotton\healthy\h39.jpg,datasets\raw\Cotton\healthy\h42.jpg,Cotton,Cotton,other,other,HIGH
0,datasets\raw\Cotton\healthy\h40.jpg,datasets\raw\Cotton\healthy\h41.jpg,Cotton,Cotton,other,other,HIGH
0,datasets\raw\Cotton\healthy\h40.jpg,datasets\raw\Cotton\healthy\h42.jpg,Cotton,Cotton,other,other,HIGH
0,datasets\raw\Cotton\healthy\h41.jpg,datasets\raw\Cotton\healthy\h42.jpg,Cotton,Cotton,other,other,HIGH
0,datasets\raw\Cotton\healthy\h391.jpg,datasets\raw\Cotton\healthy\h392.jpg,Cotton,Cotton,other,other,HIGH
0,datasets\raw\Cotton\healthy\h391.jpg,datasets\raw\Cotton\healthy\h416.jpg,Cotton,Cotton,other,other,HIGH
0,datasets\raw\Cotton\healthy\h391.jpg,datasets\raw\Cotton\healthy\h418.jpg,Cotton,Cotton,other,other,HIGH
0,datasets\raw\Cotton\healthy\h391.jpg,datasets\raw\Cotton\healthy\h419.jpg,Cotton,Cotton,other,other,HIGH
0,datasets\raw\Cotton\healthy\h392.jpg,datasets\raw\Cotton\healthy\h416.jpg,Cotton,Cotton,other,other,HIGH
0,datasets\raw\Cotton\healthy\h392.jpg,datasets\raw\Cotton\healthy\h418.jpg,Cotton,Cotton,other,other,HIGH
0,datasets\raw\Cotton\healthy\h392.jpg,datasets\raw\Cotton\healthy\h419.jpg,Cotton,Cotton,other,other,HIGH
0,datasets\raw\Cotton\healthy\h416.jpg,datasets\raw\Cotton\healthy\h418.jpg,Cotton,Cotton,other,other,HIGH
0,datasets\raw\Cotton\healthy\h416.jpg,datasets\raw\Cotton\healthy\h419.jpg,Cotton,Cotton,other,other,HIGH
0,datasets\raw\Cotton\healthy\h418.jpg,datasets\raw\Cotton\healthy\h419.jpg,Cotton,Cotton,other,other,HIGH
0,datasets\raw\Cotton\healthy\h420.jpg,datasets\raw\Cotton\healthy\h424.jpg,Cotton,Cotton,other,other,HIGH
0,datasets\raw\Cotton\healthy\h420.jpg,datasets\raw\Cotton\healthy\h425.jpg,Cotton,Cotton,other,other,HIGH
0,datasets\raw\Cotton\healthy\h424.jpg,datasets\raw\Cotton\healthy\h425.jpg,Cotton,Cotton,other,other,HIGH
0,datasets\raw\Cotton\healthy\h421.jpg,datasets\raw\Cotton\healthy\h422.jpg,Cotton,Cotton,other,other,HIGH
0,datasets\raw\Cotton\healthy\h421.jpg,datasets\raw\Cotton\healthy\h423.jpg,Cotton,Cotton,other,other,HIGH
0,datasets\raw\Cotton\healthy\h422.jpg,datasets\raw\Cotton\healthy\h423.jpg,Cotton,Cotton,other,other,HIGH
0,datasets\raw\Cotton\healthy\h43.jpg,datasets\raw\Cotton\healthy\h44.jpg,Cotton,Cotton,other,other,HIGH
0,datasets\raw\Cotton\healthy\h43.jpg,datasets\raw\Cotton\healthy\h45.jpg,Cotton,Cotton,other,other,HIGH
0,datasets\raw\Cotton\healthy\h43.jpg,datasets\raw\Cotton\healthy\h46.jpg,Cotton,Cotton,other,other,HIGH
0,datasets\raw\Cotton\healthy\h44.jpg,datasets\raw\Cotton\healthy\h45.jpg,Cotton,Cotton,other,other,HIGH
0,datasets\raw\Cotton\healthy\h44.jpg,datasets\raw\Cotton\healthy\h46.jpg,Cotton,Cotton,other,other,HIGH
0,datasets\raw\Cotton\healthy\h45.jpg,datasets\raw\Cotton\healthy\h46.jpg,Cotton,Cotton,other,other,HIGH
0,datasets\raw\Cotton\healthy\h444.jpg,datasets\raw\Cotton\healthy\h447.jpg,Cotton,Cotton,other,other,HIGH
0,datasets\raw\Cotton\healthy\h444.jpg,datasets\raw\Cotton\healthy\h469.jpg,Cotton,Cotton,other,other,HIGH
0,datasets\raw\Cotton\healthy\h444.jpg,datasets\raw\Cotton\healthy\h477.jpg,Cotton,Cotton,other,other,HIGH
0,datasets\raw\Cotton\healthy\h444.jpg,datasets\raw\Cotton\healthy\h497.jpg,Cotton,Cotton,other,other,HIGH
0,datasets\raw\Cotton\healthy\h447.jpg,datasets\raw\Cotton\healthy\h469.jpg,Cotton,Cotton,other,other,HIGH
0,datasets\raw\Cotton\healthy\h447.jpg,datasets\raw\Cotton\healthy\h477.jpg,Cotton,Cotton,other,other,HIGH
0,datasets\raw\Cotton\healthy\h447.jpg,datasets\raw\Cotton\healthy\h497.jpg,Cotton,Cotton,other,other,HIGH
0,datasets\raw\Cotton\healthy\h469.jpg,datasets\raw\Cotton\healthy\h477.jpg,Cotton,Cotton,other,other,HIGH
0,datasets\raw\Cotton\healthy\h469.jpg,datasets\raw\Cotton\healthy\h497.jpg,Cotton,Cotton,other,other,HIGH
0,datasets\raw\Cotton\healthy\h477.jpg,datasets\raw\Cotton\healthy\h497.jpg,Cotton,Cotton,other,other,HIGH
0,datasets\raw\Cotton\healthy\h47.jpg,datasets\raw\Cotton\healthy\h48.jpg,Cotton,Cotton,other,other,HIGH
0,datasets\raw\Cotton\healthy\h47.jpg,datasets\raw\Cotton\healthy\h49.jpg,Cotton,Cotton,other,other,HIGH
0,datasets\raw\Cotton\healthy\h47.jpg,datasets\raw\Cotton\healthy\h50.jpg,Cotton,Cotton,other,other,HIGH
0,datasets\raw\Cotton\healthy\h47.jpg,datasets\raw\Cotton\healthy\h51.jpg,Cotton,Cotton,other,other,HIGH
0,datasets\raw\Cotton\healthy\h48.jpg,datasets\raw\Cotton\healthy\h49.jpg,Cotton,Cotton,other,other,HIGH
0,datasets\raw\Cotton\healthy\h48.jpg,datasets\raw\Cotton\healthy\h50.jpg,Cotton,Cotton,other,other,HIGH
0,datasets\raw\Cotton\healthy\h48.jpg,datasets\raw\Cotton\healthy\h51.jpg,Cotton,Cotton,other,other,HIGH
0,datasets\raw\Cotton\healthy\h49.jpg,datasets\raw\Cotton\healthy\h50.jpg,Cotton,Cotton,other,other,HIGH
0,datasets\raw\Cotton\healthy\h49.jpg,datasets\raw\Cotton\healthy\h51.jpg,Cotton,Cotton,other,other,HIGH
0,datasets\raw\Cotton\healthy\h50.jpg,datasets\raw\Cotton\healthy\h51.jpg,Cotton,Cotton,other,other,HIGH
0,datasets\raw\Cotton\healthy\h52.jpg,datasets\raw\Cotton\healthy\h53.jpg,Cotton,Cotton,other,other,HIGH
0,datasets\raw\Cotton\healthy\h54.jpg,datasets\raw\Cotton\healthy\h55.jpg,Cotton,Cotton,other,other,HIGH
0,datasets\raw\Cotton\healthy\h54.jpg,datasets\raw\Cotton\healthy\h56.jpg,Cotton,Cotton,other,other,HIGH
0,datasets\raw\Cotton\healthy\h54.jpg,datasets\raw\Cotton\healthy\h57.jpg,Cotton,Cotton,other,other,HIGH
0,datasets\raw\Cotton\healthy\h54.jpg,datasets\raw\Cotton\healthy\h58.jpg,Cotton,Cotton,other,other,HIGH
0,datasets\raw\Cotton\healthy\h55.jpg,datasets\raw\Cotton\healthy\h56.jpg,Cotton,Cotton,other,other,HIGH
0,datasets\raw\Cotton\healthy\h55.jpg,datasets\raw\Cotton\healthy\h57.jpg,Cotton,Cotton,other,other,HIGH
0,datasets\raw\Cotton\healthy\h55.jpg,datasets\raw\Cotton\healthy\h58.jpg,Cotton,Cotton,other,other,HIGH
0,datasets\raw\Cotton\healthy\h56.jpg,datasets\raw\Cotton\healthy\h57.jpg,Cotton,Cotton,other,other,HIGH
0,datasets\raw\Cotton\healthy\h56.jpg,datasets\raw\Cotton\healthy\h58.jpg,Cotton,Cotton,other,other,HIGH
0,datasets\raw\Cotton\healthy\h57.jpg,datasets\raw\Cotton\healthy\h58.jpg,Cotton,Cotton,other,other,HIGH
0,datasets\raw\Cotton\healthy\h59.jpg,datasets\raw\Cotton\healthy\h60.jpg,Cotton,Cotton,other,other,HIGH
0,datasets\raw\Cotton\healthy\h59.jpg,datasets\raw\Cotton\healthy\h61.jpg,Cotton,Cotton,other,other,HIGH
0,datasets\raw\Cotton\healthy\h59.jpg,datasets\raw\Cotton\healthy\h62.jpg,Cotton,Cotton,other,other,HIGH
0,datasets\raw\Cotton\healthy\h60.jpg,datasets\raw\Cotton\healthy\h61.jpg,Cotton,Cotton,other,other,HIGH
0,datasets\raw\Cotton\healthy\h60.jpg,datasets\raw\Cotton\healthy\h62.jpg,Cotton,Cotton,other,other,HIGH
0,datasets\raw\Cotton\healthy\h61.jpg,datasets\raw\Cotton\healthy\h62.jpg,Cotton,Cotton,other,other,HIGH
0,datasets\raw\Cotton\healthy\h63.jpg,datasets\raw\Cotton\healthy\h64.jpg,Cotton,Cotton,other,other,HIGH
0,datasets\raw\Cotton\healthy\h63.jpg,datasets\raw\Cotton\healthy\h65.jpg,Cotton,Cotton,other,other,HIGH
0,datasets\raw\Cotton\healthy\h63.jpg,datasets\raw\Cotton\healthy\h66.jpg,Cotton,Cotton,other,other,HIGH
0,datasets\raw\Cotton\healthy\h64.jpg,datasets\raw\Cotton\healthy\h65.jpg,Cotton,Cotton,other,other,HIGH
0,datasets\raw\Cotton\healthy\h64.jpg,datasets\raw\Cotton\healthy\h66.jpg,Cotton,Cotton,other,other,HIGH
0,datasets\raw\Cotton\healthy\h65.jpg,datasets\raw\Cotton\healthy\h66.jpg,Cotton,Cotton,other,other,HIGH
0,datasets\raw\Cotton\healthy\h67.jpg,datasets\raw\Cotton\healthy\h68.jpg,Cotton,Cotton,other,other,HIGH
0,datasets\raw\Cotton\healthy\h67.jpg,datasets\raw\Cotton\healthy\h69.jpg,Cotton,Cotton,other,other,HIGH
0,datasets\raw\Cotton\healthy\h67.jpg,datasets\raw\Cotton\healthy\h70.jpg,Cotton,Cotton,other,other,HIGH
0,datasets\raw\Cotton\healthy\h67.jpg,datasets\raw\Cotton\healthy\h71.jpg,Cotton,Cotton,other,other,HIGH
0,datasets\raw\Cotton\healthy\h67.jpg,datasets\raw\Cotton\healthy\h72.jpg,Cotton,Cotton,other,other,HIGH
0,datasets\raw\Cotton\healthy\h67.jpg,datasets\raw\Cotton\healthy\h73.jpg,Cotton,Cotton,other,other,HIGH
0,datasets\raw\Cotton\healthy\h68.jpg,datasets\raw\Cotton\healthy\h69.jpg,Cotton,Cotton,other,other,HIGH
0,datasets\raw\Cotton\healthy\h68.jpg,datasets\raw\Cotton\healthy\h70.jpg,Cotton,Cotton,other,other,HIGH
0,datasets\raw\Cotton\healthy\h68.jpg,datasets\raw\Cotton\healthy\h71.jpg,Cotton,Cotton,other,other,HIGH
0,datasets\raw\Cotton\healthy\h68.jpg,datasets\raw\Cotton\healthy\h72.jpg,Cotton,Cotton,other,other,HIGH
0,datasets\raw\Cotton\healthy\h68.jpg,datasets\raw\Cotton\healthy\h73.jpg,Cotton,Cotton,other,other,HIGH
0,datasets\raw\Cotton\healthy\h69.jpg,datasets\raw\Cotton\healthy\h70.jpg,Cotton,Cotton,other,other,HIGH
0,datasets\raw\Cotton\healthy\h69.jpg,datasets\raw\Cotton\healthy\h71.jpg,Cotton,Cotton,other,other,HIGH
0,datasets\raw\Cotton\healthy\h69.jpg,datasets\raw\Cotton\healthy\h72.jpg,Cotton,Cotton,other,other,HIGH
0,datasets\raw\Cotton\healthy\h69.jpg,datasets\raw\Cotton\healthy\h73.jpg,Cotton,Cotton,other,other,HIGH
0,datasets\raw\Cotton\healthy\h70.jpg,datasets\raw\Cotton\healthy\h71.jpg,Cotton,Cotton,other,other,HIGH
0,datasets\raw\Cotton\healthy\h70.jpg,datasets\raw\Cotton\healthy\h72.jpg,Cotton,Cotton,other,other,HIGH
0,datasets\raw\Cotton\healthy\h70.jpg,datasets\raw\Cotton\healthy\h73.jpg,Cotton,Cotton,other,other,HIGH
0,datasets\raw\Cotton\healthy\h71.jpg,datasets\raw\Cotton\healthy\h72.jpg,Cotton,Cotton,other,other,HIGH
0,datasets\raw\Cotton\healthy\h71.jpg,datasets\raw\Cotton\healthy\h73.jpg,Cotton,Cotton,other,other,HIGH
0,datasets\raw\Cotton\healthy\h72.jpg,datasets\raw\Cotton\healthy\h73.jpg,Cotton,Cotton,other,other,HIGH
0,datasets\raw\Cotton\healthy\h74.jpg,datasets\raw\Cotton\healthy\h75.jpg,Cotton,Cotton,other,other,HIGH
0,datasets\raw\Cotton\healthy\h74.jpg,datasets\raw\Cotton\healthy\h76.jpg,Cotton,Cotton,other,other,HIGH
0,datasets\raw\Cotton\healthy\h75.jpg,datasets\raw\Cotton\healthy\h76.jpg,Cotton,Cotton,other,other,HIGH
0,datasets\raw\Cotton\healthy\h78.jpg,datasets\raw\Cotton\healthy\h79.jpg,Cotton,Cotton,other,other,HIGH
0,datasets\raw\Cotton\healthy\h78.jpg,datasets\raw\Cotton\healthy\h80.jpg,Cotton,Cotton,other,other,HIGH
0,datasets\raw\Cotton\healthy\h79.jpg,datasets\raw\Cotton\healthy\h80.jpg,Cotton,Cotton,other,other,HIGH
0,datasets\raw\Cotton\healthy\h81.jpg,datasets\raw\Cotton\healthy\h82.jpg,Cotton,Cotton,other,other,HIGH
0,datasets\raw\Cotton\healthy\h81.jpg,datasets\raw\Cotton\healthy\h83.jpg,Cotton,Cotton,other,other,HIGH
0,datasets\raw\Cotton\healthy\h81.jpg,datasets\raw\Cotton\healthy\h85.jpg,Cotton,Cotton,other,other,HIGH
0,datasets\raw\Cotton\healthy\h82.jpg,datasets\raw\Cotton\healthy\h83.jpg,Cotton,Cotton,other,other,HIGH
0,datasets\raw\Cotton\healthy\h82.jpg,datasets\raw\Cotton\healthy\h85.jpg,Cotton,Cotton,other,other,HIGH
0,datasets\raw\Cotton\healthy\h83.jpg,datasets\raw\Cotton\healthy\h85.jpg,Cotton,Cotton,other,other,HIGH
0,datasets\raw\Cotton\healthy\h84.jpg,datasets\raw\Cotton\healthy\h86.jpg,Cotton,Cotton,other,other,HIGH
0,datasets\raw\Cotton\healthy\h84.jpg,datasets\raw\Cotton\healthy\h87.jpg,Cotton,Cotton,other,other,HIGH
0,datasets\raw\Cotton\healthy\h86.jpg,datasets\raw\Cotton\healthy\h87.jpg,Cotton,Cotton,other,other,HIGH
0,datasets\raw\Cotton\healthy\h88.jpg,datasets\raw\Cotton\healthy\h89.jpg,Cotton,Cotton,other,other,HIGH
0,datasets\raw\Cotton\healthy\h88.jpg,datasets\raw\Cotton\healthy\h90.jpg,Cotton,Cotton,other,other,HIGH
0,datasets\raw\Cotton\healthy\h88.jpg,datasets\raw\Cotton\healthy\h91.jpg,Cotton,Cotton,other,other,HIGH
0,datasets\raw\Cotton\healthy\h88.jpg,datasets\raw\Cotton\healthy\h95.jpg,Cotton,Cotton,other,other,HIGH
0,datasets\raw\Cotton\healthy\h89.jpg,datasets\raw\Cotton\healthy\h90.jpg,Cotton,Cotton,other,other,HIGH
0,datasets\raw\Cotton\healthy\h89.jpg,datasets\raw\Cotton\healthy\h91.jpg,Cotton,Cotton,other,other,HIGH
0,datasets\raw\Cotton\healthy\h89.jpg,datasets\raw\Cotton\healthy\h95.jpg,Cotton,Cotton,other,other,HIGH
0,datasets\raw\Cotton\healthy\h90.jpg,datasets\raw\Cotton\healthy\h91.jpg,Cotton,Cotton,other,other,HIGH
0,datasets\raw\Cotton\healthy\h90.jpg,datasets\raw\Cotton\healthy\h95.jpg,Cotton,Cotton,other,other,HIGH
0,datasets\raw\Cotton\healthy\h91.jpg,datasets\raw\Cotton\healthy\h95.jpg,Cotton,Cotton,other,other,HIGH
0,datasets\raw\Cotton\healthy\h92.jpg,datasets\raw\Cotton\healthy\h96.jpg,Cotton,Cotton,other,other,HIGH
0,datasets\raw\Cotton\healthy\h92.jpg,datasets\raw\Cotton\healthy\h97.jpg,Cotton,Cotton,other,other,HIGH
0,datasets\raw\Cotton\healthy\h92.jpg,datasets\raw\Cotton\healthy\h98.jpg,Cotton,Cotton,other,other,HIGH
0,datasets\raw\Cotton\healthy\h96.jpg,datasets\raw\Cotton\healthy\h97.jpg,Cotton,Cotton,other,other,HIGH
0,datasets\raw\Cotton\healthy\h96.jpg,datasets\raw\Cotton\healthy\h98.jpg,Cotton,Cotton,other,other,HIGH
0,datasets\raw\Cotton\healthy\h97.jpg,datasets\raw\Cotton\healthy\h98.jpg,Cotton,Cotton,other,other,HIGH
0,datasets\raw\Mango\Anthracnose\20211011_170706 (Custom).jpg,datasets\raw\Mango\Anthracnose\20211011_170706 - Copy - Copy - Copy (Custom).jpg,Mango,Mango,other,other,HIGH
0,datasets\raw\Mango\Anthracnose\20211011_170708 (Custom).jpg,datasets\raw\Mango\Anthracnose\20211011_170708 - Copy - Copy - Copy (Custom).jpg,Mango,Mango,other,other,HIGH
0,datasets\raw\Mango\Anthracnose\20211011_170709 (Custom).jpg,datasets\raw\Mango\Anthracnose\20211011_170709 - Copy - Copy - Copy (Custom).jpg,Mango,Mango,other,other,HIGH
0,datasets\raw\Mango\Anthracnose\20211011_170712 (Custom).jpg,datasets\raw\Mango\Anthracnose\20211011_170712 - Copy - Copy - Copy (Custom).jpg,Mango,Mango,other,other,HIGH
0,datasets\raw\Mango\Anthracnose\20211011_170714 (Custom).jpg,datasets\raw\Mango\Anthracnose\20211011_170714 - Copy - Copy - Copy (Custom).jpg,Mango,Mango,other,other,HIGH
0,datasets\raw\Mango\Anthracnose\20211011_170717 (Custom).jpg,datasets\raw\Mango\Anthracnose\20211011_170717 - Copy - Copy - Copy (Custom).jpg,Mango,Mango,other,other,HIGH
0,datasets\raw\Mango\Anthracnose\20211011_171141 (Custom).jpg,datasets\raw\Mango\Anthracnose\20211011_171141 - Copy - Copy - Copy (Custom).jpg,Mango,Mango,other,other,HIGH
0,datasets\raw\Mango\Anthracnose\IMG_20211011_140304 (Custom).jpg,datasets\raw\Mango\Anthracnose\IMG_20211011_140304 - Copy (Custom).jpg,Mango,Mango,other,other,HIGH
0,datasets\raw\Mango\Anthracnose\IMG_20211011_140539 (Custom).jpg,datasets\raw\Mango\Anthracnose\IMG_20211011_140539 - Copy (Custom).jpg,Mango,Mango,other,other,HIGH
0,datasets\raw\Mango\Anthracnose\IMG_20211011_140557 (Custom).jpg,datasets\raw\Mango\Anthracnose\IMG_20211011_140557 - Copy (Custom).jpg,Mango,Mango,other,other,HIGH
0,datasets\raw\Mango\Anthracnose\IMG_20211011_140624 (Custom).jpg,datasets\raw\Mango\Anthracnose\IMG_20211011_140624 - Copy (Custom).jpg,Mango,Mango,other,other,HIGH
0,datasets\raw\Mango\Anthracnose\IMG_20211011_153429 (Custom).jpg,datasets\raw\Mango\Anthracnose\IMG_20211011_153429 - Copy - Copy (Custom).jpg,Mango,Mango,other,other,HIGH
0,datasets\raw\Mango\Anthracnose\IMG_20211011_153557 (Custom).jpg,datasets\raw\Mango\Anthracnose\IMG_20211011_153557 - Copy (Custom).jpg,Mango,Mango,other,other,HIGH
0,datasets\raw\Mango\Anthracnose\IMG_20211011_153604 (Custom).jpg,datasets\raw\Mango\Anthracnose\IMG_20211011_153604 - Copy (Custom).jpg,Mango,Mango,other,other,HIGH
0,datasets\raw\Mango\Bacterial Canker\IMG_20211106_134420 (Custom).jpg,datasets\raw\Mango\Bacterial Canker\IMG_20211106_134420_1 (Custom).jpg,Mango,Mango,other,other,HIGH
0,datasets\raw\Mango\Bacterial Canker\IMG_20211106_135958 (Custom).jpg,datasets\raw\Mango\Bacterial Canker\IMG_20211106_135958_1 (Custom).jpg,Mango,Mango,other,other,HIGH
0,datasets\raw\Mango\Cutting Weevil\20211011_162153 (Custom) (Custom).jpg,datasets\raw\Mango\Cutting Weevil\20211011_162153 (Custom).jpg,Mango,Mango,other,other,HIGH
0,datasets\raw\Mango\Bacterial Canker\IMG_20211106_142847 (Custom).jpg,datasets\raw\Mango\Bacterial Canker\IMG_20211106_142847_1 (Custom).jpg,Mango,Mango,other,other,HIGH
0,datasets\raw\Mango\Cutting Weevil\20211011_131101 (Custom) (Custom).jpg,datasets\raw\Mango\Cutting Weevil\20211011_131101 (Custom).jpg,Mango,Mango,other,other,HIGH
0,datasets\raw\Mango\Cutting Weevil\20211011_131104 (Custom) (Custom).jpg,datasets\raw\Mango\Cutting Weevil\20211011_131104 (Custom).jpg,Mango,Mango,other,other,HIGH
0,datasets\raw\Mango\Cutting Weevil\20211011_131115 (Custom) (Custom).jpg,datasets\raw\Mango\Cutting Weevil\20211011_131115 (Custom).jpg,Mango,Mango,other,other,HIGH
0,datasets\raw\Mango\Cutting Weevil\20211011_140216 (Custom) (Custom).jpg,datasets\raw\Mango\Cutting Weevil\20211011_140216 (Custom).jpg,Mango,Mango,other,other,HIGH
0,datasets\raw\Mango\Cutting Weevil\20211011_140220 (Custom) (Custom).jpg,datasets\raw\Mango\Cutting Weevil\20211011_140220 (Custom).jpg,Mango,Mango,other,other,HIGH
0,datasets\raw\Mango\Cutting Weevil\20211011_160612 (Custom) (Custom).jpg,datasets\raw\Mango\Cutting Weevil\20211011_160612 (Custom).jpg,Mango,Mango,other,other,HIGH
0,datasets\raw\Mango\Cutting Weevil\20211011_160614 (Custom) (Custom).jpg,datasets\raw\Mango\Cutting Weevil\20211011_160614 (Custom).jpg,Mango,Mango,other,other,HIGH
0,datasets\raw\Mango\Cutting Weevil\20211011_160618 (Custom) (Custom).jpg,datasets\raw\Mango\Cutting Weevil\20211011_160618 (Custom).jpg,Mango,Mango,other,other,HIGH
0,datasets\raw\Mango\Cutting Weevil\20211011_160625 (Custom) (Custom).jpg,datasets\raw\Mango\Cutting Weevil\20211011_160625 (Custom).jpg,Mango,Mango,other,other,HIGH
0,datasets\raw\Mango\Cutting Weevil\20211011_160708 (Custom) (Custom).jpg,datasets\raw\Mango\Cutting Weevil\20211011_160708 (Custom).jpg,Mango,Mango,other,other,HIGH
0,datasets\raw\Mango\Cutting Weevil\20211011_160821 (Custom) (Custom).jpg,datasets\raw\Mango\Cutting Weevil\20211011_160821 (Custom).jpg,Mango,Mango,other,other,HIGH
0,datasets\raw\Mango\Cutting Weevil\20211011_160831 (Custom) (Custom).jpg,datasets\raw\Mango\Cutting Weevil\20211011_160831 (Custom).jpg,Mango,Mango,other,other,HIGH
0,datasets\raw\Mango\Cutting Weevil\20211011_160835 (Custom) (Custom).jpg,datasets\raw\Mango\Cutting Weevil\20211011_160835 (Custom).jpg,Mango,Mango,other,other,HIGH
0,datasets\raw\Mango\Cutting Weevil\20211011_160852 (Custom) (Custom).jpg,datasets\raw\Mango\Cutting Weevil\20211011_160852 (Custom).jpg,Mango,Mango,other,other,HIGH
0,datasets\raw\Mango\Cutting Weevil\20211011_160853 (Custom) (Custom).jpg,datasets\raw\Mango\Cutting Weevil\20211011_160853 (Custom).jpg,Mango,Mango,other,other,HIGH
0,datasets\raw\Mango\Cutting Weevil\20211011_160903(0) (Custom) (Custom).jpg,datasets\raw\Mango\Cutting Weevil\20211011_160903(0) (Custom).jpg,Mango,Mango,other,other,HIGH
0,datasets\raw\Mango\Cutting Weevil\20211011_160904 (Custom) (Custom).jpg,datasets\raw\Mango\Cutting Weevil\20211011_160904 (Custom).jpg,Mango,Mango,other,other,HIGH
0,datasets\raw\Mango\Cutting Weevil\20211011_160914 (Custom) (Custom).jpg,datasets\raw\Mango\Cutting Weevil\20211011_160914 (Custom).jpg,Mango,Mango,other,other,HIGH
0,datasets\raw\Mango\Cutting Weevil\20211011_160915 (Custom) (Custom).jpg,datasets\raw\Mango\Cutting Weevil\20211011_160915 (Custom).jpg,Mango,Mango,other,other,HIGH
0,datasets\raw\Mango\Cutting Weevil\20211011_160933 (Custom) (Custom).jpg,datasets\raw\Mango\Cutting Weevil\20211011_160933 (Custom).jpg,Mango,Mango,other,other,HIGH
0,datasets\raw\Mango\Cutting Weevil\20211011_160942 (Custom) (Custom).jpg,datasets\raw\Mango\Cutting Weevil\20211011_160942 (Custom).jpg,Mango,Mango,other,other,HIGH
0,datasets\raw\Mango\Cutting Weevil\20211011_161126 (Custom) (Custom).jpg,datasets\raw\Mango\Cutting Weevil\20211011_161126 (Custom).jpg,Mango,Mango,other,other,HIGH
0,datasets\raw\Mango\Cutting Weevil\20211011_161127 (Custom) (Custom).jpg,datasets\raw\Mango\Cutting Weevil\20211011_161127 (Custom).jpg,Mango,Mango,other,other,HIGH
0,datasets\raw\Mango\Cutting Weevil\20211011_161128 (Custom) (Custom).jpg,datasets\raw\Mango\Cutting Weevil\20211011_161128 (Custom).jpg,Mango,Mango,other,other,HIGH
0,datasets\raw\Mango\Cutting Weevil\20211011_161135 (Custom) (Custom).jpg,datasets\raw\Mango\Cutting Weevil\20211011_161135 (Custom).jpg,Mango,Mango,other,other,HIGH
0,datasets\raw\Mango\Cutting Weevil\20211011_161140 (Custom) (Custom).jpg,datasets\raw\Mango\Cutting Weevil\20211011_161140 (Custom).jpg,Mango,Mango,other,other,HIGH
0,datasets\raw\Mango\Cutting Weevil\20211011_161140(0) (Custom) (Custom).jpg,datasets\raw\Mango\Cutting Weevil\20211011_161140(0) (Custom).jpg,Mango,Mango,other,other,HIGH
0,datasets\raw\Mango\Cutting Weevil\20211011_161141 (Custom) (Custom).jpg,datasets\raw\Mango\Cutting Weevil\20211011_161141 (Custom).jpg,Mango,Mango,other,other,HIGH
0,datasets\raw\Mango\Cutting Weevil\20211011_161142 (Custom) (Custom).jpg,datasets\raw\Mango\Cutting Weevil\20211011_161142 (Custom).jpg,Mango,Mango,other,other,HIGH
0,datasets\raw\Mango\Cutting Weevil\20211011_161145(0) (Custom) (Custom).jpg,datasets\raw\Mango\Cutting Weevil\20211011_161145(0) (Custom).jpg,Mango,Mango,other,other,HIGH
0,datasets\raw\Mango\Cutting Weevil\20211011_161146 (Custom) (Custom).jpg,datasets\raw\Mango\Cutting Weevil\20211011_161146 (Custom).jpg,Mango,Mango,other,other,HIGH
0,datasets\raw\Mango\Cutting Weevil\20211011_161147 (Custom) (Custom).jpg,datasets\raw\Mango\Cutting Weevil\20211011_161147 (Custom).jpg,Mango,Mango,other,other,HIGH
0,datasets\raw\Mango\Cutting Weevil\20211011_161150 (Custom) (Custom).jpg,datasets\raw\Mango\Cutting Weevil\20211011_161150 (Custom).jpg,Mango,Mango,other,other,HIGH
0,datasets\raw\Mango\Cutting Weevil\20211011_161155 (Custom) (Custom).jpg,datasets\raw\Mango\Cutting Weevil\20211011_161155 (Custom).jpg,Mango,Mango,other,other,HIGH
0,datasets\raw\Mango\Cutting Weevil\20211011_161205 (Custom) (Custom).jpg,datasets\raw\Mango\Cutting Weevil\20211011_161205 (Custom).jpg,Mango,Mango,other,other,HIGH
0,datasets\raw\Mango\Cutting Weevil\20211011_161206 (Custom) (Custom).jpg,datasets\raw\Mango\Cutting Weevil\20211011_161206 (Custom).jpg,Mango,Mango,other,other,HIGH
0,datasets\raw\Mango\Cutting Weevil\20211011_161207 (Custom) (Custom).jpg,datasets\raw\Mango\Cutting Weevil\20211011_161207 (Custom).jpg,Mango,Mango,other,other,HIGH
0,datasets\raw\Mango\Cutting Weevil\20211011_161210(0) (Custom) (Custom).jpg,datasets\raw\Mango\Cutting Weevil\20211011_161210(0) (Custom).jpg,Mango,Mango,other,other,HIGH
0,datasets\raw\Mango\Cutting Weevil\20211011_161242 (Custom) (Custom).jpg,datasets\raw\Mango\Cutting Weevil\20211011_161242 (Custom).jpg,Mango,Mango,other,other,HIGH
0,datasets\raw\Mango\Cutting Weevil\20211011_161243 (Custom) (Custom).jpg,datasets\raw\Mango\Cutting Weevil\20211011_161243 (Custom).jpg,Mango,Mango,other,other,HIGH
0,datasets\raw\Mango\Cutting Weevil\20211011_161243(0) (Custom) (Custom).jpg,datasets\raw\Mango\Cutting Weevil\20211011_161243(0) (Custom).jpg,Mango,Mango,other,other,HIGH
0,datasets\raw\Mango\Cutting Weevil\20211011_161245 (Custom) (Custom).jpg,datasets\raw\Mango\Cutting Weevil\20211011_161245 (Custom).jpg,Mango,Mango,other,other,HIGH
0,datasets\raw\Mango\Cutting Weevil\20211011_161245(0) (Custom) (Custom).jpg,datasets\raw\Mango\Cutting Weevil\20211011_161245(0) (Custom).jpg,Mango,Mango,other,other,HIGH
0,datasets\raw\Mango\Cutting Weevil\20211011_161246 (Custom) (Custom).jpg,datasets\raw\Mango\Cutting Weevil\20211011_161246 (Custom).jpg,Mango,Mango,other,other,HIGH
0,datasets\raw\Mango\Cutting Weevil\20211011_161309 (Custom) (Custom).jpg,datasets\raw\Mango\Cutting Weevil\20211011_161309 (Custom).jpg,Mango,Mango,other,other,HIGH
0,datasets\raw\Mango\Cutting Weevil\20211011_161323 (Custom) (Custom).jpg,datasets\raw\Mango\Cutting Weevil\20211011_161323 (Custom).jpg,Mango,Mango,other,other,HIGH
0,datasets\raw\Mango\Cutting Weevil\20211011_161330 (Custom) (Custom).jpg,datasets\raw\Mango\Cutting Weevil\20211011_161330 (Custom).jpg,Mango,Mango,other,other,HIGH
0,datasets\raw\Mango\Cutting Weevil\20211011_161339 (Custom) (Custom).jpg,datasets\raw\Mango\Cutting Weevil\20211011_161339 (Custom).jpg,Mango,Mango,other,other,HIGH
0,datasets\raw\Mango\Cutting Weevil\20211011_161340 (Custom) (Custom).jpg,datasets\raw\Mango\Cutting Weevil\20211011_161340 (Custom).jpg,Mango,Mango,other,other,HIGH
0,datasets\raw\Mango\Cutting Weevil\20211011_161345 (Custom) (Custom).jpg,datasets\raw\Mango\Cutting Weevil\20211011_161345 (Custom).jpg,Mango,Mango,other,other,HIGH
0,datasets\raw\Mango\Cutting Weevil\20211011_161346 (Custom) (Custom).jpg,datasets\raw\Mango\Cutting Weevil\20211011_161346 (Custom).jpg,Mango,Mango,other,other,HIGH
0,datasets\raw\Mango\Cutting Weevil\20211011_161410 (Custom) (Custom).jpg,datasets\raw\Mango\Cutting Weevil\20211011_161410 (Custom).jpg,Mango,Mango,other,other,HIGH
0,datasets\raw\Mango\Cutting Weevil\20211011_161412 (Custom) (Custom).jpg,datasets\raw\Mango\Cutting Weevil\20211011_161412 (Custom).jpg,Mango,Mango,other,other,HIGH
0,datasets\raw\Mango\Cutting Weevil\20211011_161413 (Custom) (Custom).jpg,datasets\raw\Mango\Cutting Weevil\20211011_161413 (Custom).jpg,Mango,Mango,other,other,HIGH
0,datasets\raw\Mango\Cutting Weevil\20211011_161418 (Custom) (Custom).jpg,datasets\raw\Mango\Cutting Weevil\20211011_161418 (Custom).jpg,Mango,Mango,other,other,HIGH
0,datasets\raw\Mango\Cutting Weevil\20211011_161418(0) (Custom) (Custom).jpg,datasets\raw\Mango\Cutting Weevil\20211011_161418(0) (Custom).jpg,Mango,Mango,other,other,HIGH
0,datasets\raw\Mango\Cutting Weevil\20211011_161419 (Custom) (Custom).jpg,datasets\raw\Mango\Cutting Weevil\20211011_161419 (Custom).jpg,Mango,Mango,other,other,HIGH
0,datasets\raw\Mango\Cutting Weevil\20211011_161424 (Custom) (Custom).jpg,datasets\raw\Mango\Cutting Weevil\20211011_161424 (Custom).jpg,Mango,Mango,other,other,HIGH
0,datasets\raw\Mango\Cutting Weevil\20211011_161424(0) (Custom) (Custom).jpg,datasets\raw\Mango\Cutting Weevil\20211011_161424(0) (Custom).jpg,Mango,Mango,other,other,HIGH
0,datasets\raw\Mango\Cutting Weevil\20211011_161425 (Custom) (Custom).jpg,datasets\raw\Mango\Cutting Weevil\20211011_161425 (Custom).jpg,Mango,Mango,other,other,HIGH
0,datasets\raw\Mango\Cutting Weevil\20211011_161452 (Custom) (Custom).jpg,datasets\raw\Mango\Cutting Weevil\20211011_161452 (Custom).jpg,Mango,Mango,other,other,HIGH
0,datasets\raw\Mango\Cutting Weevil\20211011_161453 (Custom) (Custom).jpg,datasets\raw\Mango\Cutting Weevil\20211011_161453 (Custom).jpg,Mango,Mango,other,other,HIGH
0,datasets\raw\Mango\Cutting Weevil\20211011_161458 (Custom) (Custom).jpg,datasets\raw\Mango\Cutting Weevil\20211011_161458 (Custom).jpg,Mango,Mango,other,other,HIGH
0,datasets\raw\Mango\Cutting Weevil\20211011_161500 (Custom) (Custom).jpg,datasets\raw\Mango\Cutting Weevil\20211011_161500 (Custom).jpg,Mango,Mango,other,other,HIGH
0,datasets\raw\Mango\Cutting Weevil\20211011_161502 (Custom) (Custom).jpg,datasets\raw\Mango\Cutting Weevil\20211011_161502 (Custom).jpg,Mango,Mango,other,other,HIGH
0,datasets\raw\Mango\Cutting Weevil\20211011_161505 (Custom) (Custom).jpg,datasets\raw\Mango\Cutting Weevil\20211011_161505 (Custom).jpg,Mango,Mango,other,other,HIGH
0,datasets\raw\Mango\Cutting Weevil\20211011_161506 (Custom) (Custom).jpg,datasets\raw\Mango\Cutting Weevil\20211011_161506 (Custom).jpg,Mango,Mango,other,other,HIGH
0,datasets\raw\Mango\Cutting Weevil\20211011_161515 (Custom) (Custom).jpg,datasets\raw\Mango\Cutting Weevil\20211011_161515 (Custom).jpg,Mango,Mango,other,other,HIGH
0,datasets\raw\Mango\Cutting Weevil\20211011_161519 (Custom) (Custom).jpg,datasets\raw\Mango\Cutting Weevil\20211011_161519 (Custom).jpg,Mango,Mango,other,other,HIGH
0,datasets\raw\Mango\Cutting Weevil\20211011_161520 (Custom) (Custom).jpg,datasets\raw\Mango\Cutting Weevil\20211011_161520 (Custom).jpg,Mango,Mango,other,other,HIGH
0,datasets\raw\Mango\Cutting Weevil\20211011_161532 (Custom) (Custom).jpg,datasets\raw\Mango\Cutting Weevil\20211011_161532 (Custom).jpg,Mango,Mango,other,other,HIGH
0,datasets\raw\Mango\Cutting Weevil\20211011_161534 (Custom) (Custom).jpg,datasets\raw\Mango\Cutting Weevil\20211011_161534 (Custom).jpg,Mango,Mango,other,other,HIGH
0,datasets\raw\Mango\Cutting Weevil\20211011_161544 (Custom) (Custom).jpg,datasets\raw\Mango\Cutting Weevil\20211011_161544 (Custom).jpg,Mango,Mango,other,other,HIGH
0,datasets\raw\Mango\Cutting Weevil\20211011_161600 (Custom) (Custom).jpg,datasets\raw\Mango\Cutting Weevil\20211011_161600 (Custom).jpg,Mango,Mango,other,other,HIGH
0,datasets\raw\Mango\Cutting Weevil\20211011_161605 (Custom) (Custom).jpg,datasets\raw\Mango\Cutting Weevil\20211011_161605 (Custom).jpg,Mango,Mango,other,other,HIGH
0,datasets\raw\Mango\Cutting Weevil\20211011_161606 (Custom) (Custom).jpg,datasets\raw\Mango\Cutting Weevil\20211011_161606 (Custom).jpg,Mango,Mango,other,other,HIGH
0,datasets\raw\Mango\Cutting Weevil\20211011_161607 (Custom) (Custom).jpg,datasets\raw\Mango\Cutting Weevil\20211011_161607 (Custom).jpg,Mango,Mango,other,other,HIGH
0,datasets\raw\Mango\Cutting Weevil\20211011_161609 (Custom) (Custom).jpg,datasets\raw\Mango\Cutting Weevil\20211011_161609 (Custom).jpg,Mango,Mango,other,other,HIGH
0,datasets\raw\Mango\Cutting Weevil\20211011_161610 (Custom) (Custom).jpg,datasets\raw\Mango\Cutting Weevil\20211011_161610 (Custom).jpg,Mango,Mango,other,other,HIGH
0,datasets\raw\Mango\Cutting Weevil\20211011_161610(0) (Custom) (Custom).jpg,datasets\raw\Mango\Cutting Weevil\20211011_161610(0) (Custom).jpg,Mango,Mango,other,other,HIGH
0,datasets\raw\Mango\Cutting Weevil\20211011_161614 (Custom) (Custom).jpg,datasets\raw\Mango\Cutting Weevil\20211011_161614 (Custom).jpg,Mango,Mango,other,other,HIGH
0,datasets\raw\Mango\Cutting Weevil\20211011_161614(0) (Custom) (Custom).jpg,datasets\raw\Mango\Cutting Weevil\20211011_161614(0) (Custom).jpg,Mango,Mango,other,other,HIGH
0,datasets\raw\Mango\Cutting Weevil\20211011_161616 (Custom) (Custom).jpg,datasets\raw\Mango\Cutting Weevil\20211011_161616 (Custom).jpg,Mango,Mango,other,other,HIGH
0,datasets\raw\Mango\Cutting Weevil\20211011_161619 (Custom) (Custom).jpg,datasets\raw\Mango\Cutting Weevil\20211011_161619 (Custom).jpg,Mango,Mango,other,other,HIGH
0,datasets\raw\Mango\Cutting Weevil\20211011_161623 (Custom) (Custom).jpg,datasets\raw\Mango\Cutting Weevil\20211011_161623 (Custom).jpg,Mango,Mango,other,other,HIGH
0,datasets\raw\Mango\Cutting Weevil\20211011_161624 (Custom) (Custom).jpg,datasets\raw\Mango\Cutting Weevil\20211011_161624 (Custom).jpg,Mango,Mango,other,other,HIGH
0,datasets\raw\Mango\Cutting Weevil\20211011_161625 (Custom) (Custom).jpg,datasets\raw\Mango\Cutting Weevil\20211011_161625 (Custom).jpg,Mango,Mango,other,other,HIGH
0,datasets\raw\Mango\Cutting Weevil\20211011_161627 (Custom) (Custom).jpg,datasets\raw\Mango\Cutting Weevil\20211011_161627 (Custom).jpg,Mango,Mango,other,other,HIGH
0,datasets\raw\Mango\Cutting Weevil\20211011_161629 (Custom) (Custom).jpg,datasets\raw\Mango\Cutting Weevil\20211011_161629 (Custom).jpg,Mango,Mango,other,other,HIGH
0,datasets\raw\Mango\Cutting Weevil\20211011_161641 (Custom) (Custom).jpg,datasets\raw\Mango\Cutting Weevil\20211011_161641 (Custom).jpg,Mango,Mango,other,other,HIGH
0,datasets\raw\Mango\Cutting Weevil\20211011_161642 (Custom) (Custom).jpg,datasets\raw\Mango\Cutting Weevil\20211011_161642 (Custom).jpg,Mango,Mango,other,other,HIGH
0,datasets\raw\Mango\Cutting Weevil\20211011_161643 (Custom) (Custom).jpg,datasets\raw\Mango\Cutting Weevil\20211011_161643 (Custom).jpg,Mango,Mango,other,other,HIGH
0,datasets\raw\Mango\Cutting Weevil\20211011_161650(0) (Custom) (Custom).jpg,datasets\raw\Mango\Cutting Weevil\20211011_161650(0) (Custom).jpg,Mango,Mango,other,other,HIGH
0,datasets\raw\Mango\Cutting Weevil\20211011_161656(0) (Custom) (Custom).jpg,datasets\raw\Mango\Cutting Weevil\20211011_161656(0) (Custom).jpg,Mango,Mango,other,other,HIGH
0,datasets\raw\Mango\Cutting Weevil\20211011_161657 (Custom) (Custom).jpg,datasets\raw\Mango\Cutting Weevil\20211011_161657 (Custom).jpg,Mango,Mango,other,other,HIGH
0,datasets\raw\Mango\Cutting Weevil\20211011_161657(0) (Custom) (Custom).jpg,datasets\raw\Mango\Cutting Weevil\20211011_161657(0) (Custom).jpg,Mango,Mango,other,other,HIGH
0,datasets\raw\Mango\Cutting Weevil\20211011_161708 (Custom) (Custom).jpg,datasets\raw\Mango\Cutting Weevil\20211011_161708 (Custom).jpg,Mango,Mango,other,other,HIGH
0,datasets\raw\Mango\Cutting Weevil\20211011_161715(0) (Custom) (Custom).jpg,datasets\raw\Mango\Cutting Weevil\20211011_161715(0) (Custom).jpg,Mango,Mango,other,other,HIGH
0,datasets\raw\Mango\Cutting Weevil\20211011_161744 (Custom) (Custom).jpg,datasets\raw\Mango\Cutting Weevil\20211011_161744 (Custom).jpg,Mango,Mango,other,other,HIGH
0,datasets\raw\Mango\Cutting Weevil\20211011_161830 (Custom) (Custom).jpg,datasets\raw\Mango\Cutting Weevil\20211011_161830 (Custom).jpg,Mango,Mango,other,other,HIGH
0,datasets\raw\Mango\Cutting Weevil\20211011_161831 (Custom) (Custom).jpg,datasets\raw\Mango\Cutting Weevil\20211011_161831 (Custom).jpg,Mango,Mango,other,other,HIGH
0,datasets\raw\Mango\Cutting Weevil\20211011_161832 (Custom) (Custom).jpg,datasets\raw\Mango\Cutting Weevil\20211011_161832 (Custom).jpg,Mango,Mango,other,other,HIGH
0,datasets\raw\Mango\Cutting Weevil\20211011_161833 (Custom) (Custom).jpg,datasets\raw\Mango\Cutting Weevil\20211011_161833 (Custom).jpg,Mango,Mango,other,other,HIGH
0,datasets\raw\Mango\Cutting Weevil\20211011_161852 (Custom) (Custom).jpg,datasets\raw\Mango\Cutting Weevil\20211011_161852 (Custom).jpg,Mango,Mango,other,other,HIGH
0,datasets\raw\Mango\Cutting Weevil\20211011_161855 (Custom) (Custom).jpg,datasets\raw\Mango\Cutting Weevil\20211011_161855 (Custom).jpg,Mango,Mango,other,other,HIGH
0,datasets\raw\Mango\Cutting Weevil\20211011_161859 (Custom) (Custom).jpg,datasets\raw\Mango\Cutting Weevil\20211011_161859 (Custom).jpg,Mango,Mango,other,other,HIGH
0,datasets\raw\Mango\Cutting Weevil\20211011_161859(0) (Custom) (Custom).jpg,datasets\raw\Mango\Cutting Weevil\20211011_161859(0) (Custom).jpg,Mango,Mango,other,other,HIGH
0,datasets\raw\Mango\Cutting Weevil\20211011_161904 (Custom) (Custom).jpg,datasets\raw\Mango\Cutting Weevil\20211011_161904 (Custom).jpg,Mango,Mango,other,other,HIGH
0,datasets\raw\Mango\Cutting Weevil\20211011_161908 (Custom) (Custom).jpg,datasets\raw\Mango\Cutting Weevil\20211011_161908 (Custom).jpg,Mango,Mango,other,other,HIGH
0,datasets\raw\Mango\Cutting Weevil\20211011_161908(0) (Custom) (Custom).jpg,datasets\raw\Mango\Cutting Weevil\20211011_161908(0) (Custom).jpg,Mango,Mango,other,other,HIGH
0,datasets\raw\Mango\Cutting Weevil\20211011_161913 (Custom) (Custom).jpg,datasets\raw\Mango\Cutting Weevil\20211011_161913 (Custom).jpg,Mango,Mango,other,other,HIGH
0,datasets\raw\Mango\Cutting Weevil\20211011_161913(0) (Custom) (Custom).jpg,datasets\raw\Mango\Cutting Weevil\20211011_161913(0) (Custom).jpg,Mango,Mango,other,other,HIGH
0,datasets\raw\Mango\Cutting Weevil\20211011_161916 (Custom) (Custom).jpg,datasets\raw\Mango\Cutting Weevil\20211011_161916 (Custom).jpg,Mango,Mango,other,other,HIGH
0,datasets\raw\Mango\Cutting Weevil\20211011_161919 (Custom) (Custom).jpg,datasets\raw\Mango\Cutting Weevil\20211011_161919 (Custom).jpg,Mango,Mango,other,other,HIGH
0,datasets\raw\Mango\Cutting Weevil\20211011_161924 (Custom) (Custom).jpg,datasets\raw\Mango\Cutting Weevil\20211011_161924 (Custom).jpg,Mango,Mango,other,other,HIGH
0,datasets\raw\Mango\Cutting Weevil\20211011_161927 (Custom) (Custom).jpg,datasets\raw\Mango\Cutting Weevil\20211011_161927 (Custom).jpg,Mango,Mango,other,other,HIGH
0,datasets\raw\Mango\Cutting Weevil\20211011_161931 (Custom) (Custom).jpg,datasets\raw\Mango\Cutting Weevil\20211011_161931 (Custom).jpg,Mango,Mango,other,other,HIGH
0,datasets\raw\Mango\Cutting Weevil\20211011_161934 (Custom) (Custom).jpg,datasets\raw\Mango\Cutting Weevil\20211011_161934 (Custom).jpg,Mango,Mango,other,other,HIGH
0,datasets\raw\Mango\Cutting Weevil\20211011_161934(0) (Custom) (Custom).jpg,datasets\raw\Mango\Cutting Weevil\20211011_161934(0) (Custom).jpg,Mango,Mango,other,other,HIGH
0,datasets\raw\Mango\Cutting Weevil\20211011_161950 (Custom) (Custom).jpg,datasets\raw\Mango\Cutting Weevil\20211011_161950 (Custom).jpg,Mango,Mango,other,other,HIGH
0,datasets\raw\Mango\Cutting Weevil\20211011_161952 (Custom) (Custom).jpg,datasets\raw\Mango\Cutting Weevil\20211011_161952 (Custom).jpg,Mango,Mango,other,other,HIGH
0,datasets\raw\Mango\Cutting Weevil\20211011_161953 (Custom) (Custom).jpg,datasets\raw\Mango\Cutting Weevil\20211011_161953 (Custom).jpg,Mango,Mango,other,other,HIGH
0,datasets\raw\Mango\Cutting Weevil\20211011_161954 (Custom) (Custom).jpg,datasets\raw\Mango\Cutting Weevil\20211011_161954 (Custom).jpg,Mango,Mango,other,other,HIGH
0,datasets\raw\Mango\Cutting Weevil\20211011_161956 (Custom) (Custom).jpg,datasets\raw\Mango\Cutting Weevil\20211011_161956 (Custom).jpg,Mango,Mango,other,other,HIGH
0,datasets\raw\Mango\Cutting Weevil\20211011_161957 (Custom) (Custom).jpg,datasets\raw\Mango\Cutting Weevil\20211011_161957 (Custom).jpg,Mango,Mango,other,other,HIGH
0,datasets\raw\Mango\Cutting Weevil\20211011_161959 (Custom) (Custom).jpg,datasets\raw\Mango\Cutting Weevil\20211011_161959 (Custom).jpg,Mango,Mango,other,other,HIGH
0,datasets\raw\Mango\Cutting Weevil\20211011_162009 (Custom) (Custom).jpg,datasets\raw\Mango\Cutting Weevil\20211011_162009 (Custom).jpg,Mango,Mango,other,other,HIGH
0,datasets\raw\Mango\Cutting Weevil\20211011_162011 (Custom) (Custom).jpg,datasets\raw\Mango\Cutting Weevil\20211011_162011 (Custom).jpg,Mango,Mango,other,other,HIGH
0,datasets\raw\Mango\Cutting Weevil\20211011_162013 (Custom) (Custom).jpg,datasets\raw\Mango\Cutting Weevil\20211011_162013 (Custom).jpg,Mango,Mango,other,other,HIGH
0,datasets\raw\Mango\Cutting Weevil\20211011_162015 (Custom) (Custom).jpg,datasets\raw\Mango\Cutting Weevil\20211011_162015 (Custom).jpg,Mango,Mango,other,other,HIGH
0,datasets\raw\Mango\Cutting Weevil\20211011_162016 (Custom) (Custom).jpg,datasets\raw\Mango\Cutting Weevil\20211011_162016 (Custom).jpg,Mango,Mango,other,other,HIGH
0,datasets\raw\Mango\Cutting Weevil\20211011_162021 (Custom) (Custom).jpg,datasets\raw\Mango\Cutting Weevil\20211011_162021 (Custom).jpg,Mango,Mango,other,other,HIGH
0,datasets\raw\Mango\Cutting Weevil\20211011_162026 (Custom) (Custom).jpg,datasets\raw\Mango\Cutting Weevil\20211011_162026 (Custom).jpg,Mango,Mango,other,other,HIGH
0,datasets\raw\Mango\Cutting Weevil\20211011_162026(0) (Custom) (Custom).jpg,datasets\raw\Mango\Cutting Weevil\20211011_162026(0) (Custom).jpg,Mango,Mango,other,other,HIGH
0,datasets\raw\Mango\Cutting Weevil\20211011_162048 (Custom) (Custom).jpg,datasets\raw\Mango\Cutting Weevil\20211011_162048 (Custom).jpg,Mango,Mango,other,other,HIGH
0,datasets\raw\Mango\Cutting Weevil\20211011_162049 (Custom) (Custom).jpg,datasets\raw\Mango\Cutting Weevil\20211011_162049 (Custom).jpg,Mango,Mango,other,other,HIGH
0,datasets\raw\Mango\Cutting Weevil\20211011_162051 (Custom) (Custom).jpg,datasets\raw\Mango\Cutting Weevil\20211011_162051 (Custom).jpg,Mango,Mango,other,other,HIGH
0,datasets\raw\Mango\Cutting Weevil\20211011_162055 (Custom) (Custom).jpg,datasets\raw\Mango\Cutting Weevil\20211011_162055 (Custom).jpg,Mango,Mango,other,other,HIGH
0,datasets\raw\Mango\Cutting Weevil\20211011_162058 (Custom) (Custom).jpg,datasets\raw\Mango\Cutting Weevil\20211011_162058 (Custom).jpg,Mango,Mango,other,other,HIGH
0,datasets\raw\Mango\Cutting Weevil\20211011_162101 (Custom) (Custom).jpg,datasets\raw\Mango\Cutting Weevil\20211011_162101 (Custom).jpg,Mango,Mango,other,other,HIGH
0,datasets\raw\Mango\Cutting Weevil\20211011_162103 (Custom) (Custom).jpg,datasets\raw\Mango\Cutting Weevil\20211011_162103 (Custom).jpg,Mango,Mango,other,other,HIGH
0,datasets\raw\Mango\Cutting Weevil\20211011_162110 (Custom) (Custom).jpg,datasets\raw\Mango\Cutting Weevil\20211011_162110 (Custom).jpg,Mango,Mango,other,other,HIGH
0,datasets\raw\Mango\Cutting Weevil\20211011_162115 (Custom) (Custom).jpg,datasets\raw\Mango\Cutting Weevil\20211011_162115 (Custom).jpg,Mango,Mango,other,other,HIGH
0,datasets\raw\Mango\Cutting Weevil\20211011_162120 (Custom) (Custom).jpg,datasets\raw\Mango\Cutting Weevil\20211011_162120 (Custom).jpg,Mango,Mango,other,other,HIGH
0,datasets\raw\Mango\Cutting Weevil\20211011_162125 (Custom) (Custom).jpg,datasets\raw\Mango\Cutting Weevil\20211011_162125 (Custom).jpg,Mango,Mango,other,other,HIGH
0,datasets\raw\Mango\Cutting Weevil\20211011_162125(0) (Custom) (Custom).jpg,datasets\raw\Mango\Cutting Weevil\20211011_162125(0) (Custom).jpg,Mango,Mango,other,other,HIGH
0,datasets\raw\Mango\Cutting Weevil\20211011_162127 (Custom) (Custom).jpg,datasets\raw\Mango\Cutting Weevil\20211011_162127 (Custom).jpg,Mango,Mango,other,other,HIGH
0,datasets\raw\Mango\Cutting Weevil\20211011_162130 (Custom) (Custom).jpg,datasets\raw\Mango\Cutting Weevil\20211011_162130 (Custom).jpg,Mango,Mango,other,other,HIGH
0,datasets\raw\Mango\Cutting Weevil\20211011_162131 (Custom) (Custom).jpg,datasets\raw\Mango\Cutting Weevil\20211011_162131 (Custom).jpg,Mango,Mango,other,other,HIGH
0,datasets\raw\Mango\Cutting Weevil\20211011_162131(0) (Custom) (Custom).jpg,datasets\raw\Mango\Cutting Weevil\20211011_162131(0) (Custom).jpg,Mango,Mango,other,other,HIGH
0,datasets\raw\Mango\Cutting Weevil\20211011_162132 (Custom) (Custom).jpg,datasets\raw\Mango\Cutting Weevil\20211011_162132 (Custom).jpg,Mango,Mango,other,other,HIGH
0,datasets\raw\Mango\Cutting Weevil\20211011_162133 (Custom) (Custom).jpg,datasets\raw\Mango\Cutting Weevil\20211011_162133 (Custom).jpg,Mango,Mango,other,other,HIGH
0,datasets\raw\Mango\Cutting Weevil\20211011_162146 (Custom) (Custom).jpg,datasets\raw\Mango\Cutting Weevil\20211011_162146 (Custom).jpg,Mango,Mango,other,other,HIGH
0,datasets\raw\Mango\Cutting Weevil\20211011_162150 (Custom) (Custom).jpg,datasets\raw\Mango\Cutting Weevil\20211011_162150 (Custom).jpg,Mango,Mango,other,other,HIGH
0,datasets\raw\Mango\Cutting Weevil\20211011_162155 (Custom) (Custom).jpg,datasets\raw\Mango\Cutting Weevil\20211011_162155 (Custom).jpg,Mango,Mango,other,other,HIGH
0,datasets\raw\Mango\Cutting Weevil\20211011_162158 (Custom) (Custom).jpg,datasets\raw\Mango\Cutting Weevil\20211011_162158 (Custom).jpg,Mango,Mango,other,other,HIGH
0,datasets\raw\Mango\Cutting Weevil\20211011_162204 (Custom) (Custom).jpg,datasets\raw\Mango\Cutting Weevil\20211011_162204 (Custom).jpg,Mango,Mango,other,other,HIGH
0,datasets\raw\Mango\Cutting Weevil\20211011_162209 (Custom) (Custom).jpg,datasets\raw\Mango\Cutting Weevil\20211011_162209 (Custom).jpg,Mango,Mango,other,other,HIGH
0,datasets\raw\Mango\Cutting Weevil\20211011_162213 (Custom) (Custom).jpg,datasets\raw\Mango\Cutting Weevil\20211011_162213 (Custom).jpg,Mango,Mango,other,other,HIGH
0,datasets\raw\Mango\Cutting Weevil\20211011_162216 (Custom) (Custom).jpg,datasets\raw\Mango\Cutting Weevil\20211011_162216 (Custom).jpg,Mango,Mango,other,other,HIGH
0,datasets\raw\Mango\Cutting Weevil\20211011_162221 (Custom) (Custom).jpg,datasets\raw\Mango\Cutting Weevil\20211011_162221 (Custom).jpg,Mango,Mango,other,other,HIGH
0,datasets\raw\Mango\Cutting Weevil\20211011_162308 (Custom) (Custom).jpg,datasets\raw\Mango\Cutting Weevil\20211011_162308 (Custom).jpg,Mango,Mango,other,other,HIGH
0,datasets\raw\Mango\Cutting Weevil\20211011_162329 (Custom) (Custom).jpg,datasets\raw\Mango\Cutting Weevil\20211011_162329 (Custom).jpg,Mango,Mango,other,other,HIGH
0,datasets\raw\Mango\Cutting Weevil\20211011_162355 (Custom) (Custom).jpg,datasets\raw\Mango\Cutting Weevil\20211011_162355 (Custom).jpg,Mango,Mango,other,other,HIGH
0,datasets\raw\Mango\Cutting Weevil\20211011_162356 (Custom) (Custom).jpg,datasets\raw\Mango\Cutting Weevil\20211011_162356 (Custom).jpg,Mango,Mango,other,other,HIGH
0,datasets\raw\Mango\Cutting Weevil\20211011_162359 (Custom) (Custom).jpg,datasets\raw\Mango\Cutting Weevil\20211011_162359 (Custom).jpg,Mango,Mango,other,other,HIGH
0,datasets\raw\Mango\Cutting Weevil\20211011_162403 (Custom) (Custom).jpg,datasets\raw\Mango\Cutting Weevil\20211011_162403 (Custom).jpg,Mango,Mango,other,other,HIGH
0,datasets\raw\Mango\Cutting Weevil\20211011_162404 (Custom) (Custom).jpg,datasets\raw\Mango\Cutting Weevil\20211011_162404 (Custom).jpg,Mango,Mango,other,other,HIGH
0,datasets\raw\Mango\Cutting Weevil\20211011_162406 (Custom) (Custom).jpg,datasets\raw\Mango\Cutting Weevil\20211011_162406 (Custom).jpg,Mango,Mango,other,other,HIGH
0,datasets\raw\Mango\Cutting Weevil\20211011_162410 (Custom) (Custom).jpg,datasets\raw\Mango\Cutting Weevil\20211011_162410 (Custom).jpg,Mango,Mango,other,other,HIGH
0,datasets\raw\Mango\Cutting Weevil\20211011_162411 (Custom) (Custom).jpg,datasets\raw\Mango\Cutting Weevil\20211011_162411 (Custom).jpg,Mango,Mango,other,other,HIGH
0,datasets\raw\Mango\Cutting Weevil\20211011_162413 (Custom) (Custom).jpg,datasets\raw\Mango\Cutting Weevil\20211011_162413 (Custom).jpg,Mango,Mango,other,other,HIGH
0,datasets\raw\Mango\Cutting Weevil\20211011_162415 (Custom) (Custom).jpg,datasets\raw\Mango\Cutting Weevil\20211011_162415 (Custom).jpg,Mango,Mango,other,other,HIGH
0,datasets\raw\Mango\Cutting Weevil\20211011_162417 (Custom) (Custom).jpg,datasets\raw\Mango\Cutting Weevil\20211011_162417 (Custom).jpg,Mango,Mango,other,other,HIGH
0,datasets\raw\Mango\Cutting Weevil\20211011_162419 (Custom) (Custom).jpg,datasets\raw\Mango\Cutting Weevil\20211011_162419 (Custom).jpg,Mango,Mango,other,other,HIGH
0,datasets\raw\Mango\Cutting Weevil\20211011_162423 (Custom) (Custom).jpg,datasets\raw\Mango\Cutting Weevil\20211011_162423 (Custom).jpg,Mango,Mango,other,other,HIGH
0,datasets\raw\Mango\Cutting Weevil\20211011_162424 (Custom) (Custom).jpg,datasets\raw\Mango\Cutting Weevil\20211011_162424 (Custom).jpg,Mango,Mango,other,other,HIGH
0,datasets\raw\Mango\Cutting Weevil\20211011_162425 (Custom) (Custom).jpg,datasets\raw\Mango\Cutting Weevil\20211011_162425 (Custom).jpg,Mango,Mango,other,other,HIGH
0,datasets\raw\Mango\Cutting Weevil\20211011_162428 (Custom) (Custom).jpg,datasets\raw\Mango\Cutting Weevil\20211011_162428 (Custom).jpg,Mango,Mango,other,other,HIGH
0,datasets\raw\Mango\Cutting Weevil\20211011_162428(0) (Custom) (Custom).jpg,datasets\raw\Mango\Cutting Weevil\20211011_162428(0) (Custom).jpg,Mango,Mango,other,other,HIGH
0,datasets\raw\Mango\Cutting Weevil\20211011_162431 (Custom) (Custom).jpg,datasets\raw\Mango\Cutting Weevil\20211011_162431 (Custom).jpg,Mango,Mango,other,other,HIGH
0,datasets\raw\Mango\Cutting Weevil\20211011_162432 (Custom) (Custom).jpg,datasets\raw\Mango\Cutting Weevil\20211011_162432 (Custom).jpg,Mango,Mango,other,other,HIGH
0,datasets\raw\Mango\Cutting Weevil\20211011_162433 (Custom) (Custom).jpg,datasets\raw\Mango\Cutting Weevil\20211011_162433 (Custom).jpg,Mango,Mango,other,other,HIGH
0,datasets\raw\Mango\Cutting Weevil\20211011_162433(0) (Custom) (Custom).jpg,datasets\raw\Mango\Cutting Weevil\20211011_162433(0) (Custom).jpg,Mango,Mango,other,other,HIGH
0,datasets\raw\Mango\Cutting Weevil\20211011_162434 (Custom) (Custom).jpg,datasets\raw\Mango\Cutting Weevil\20211011_162434 (Custom).jpg,Mango,Mango,other,other,HIGH
0,datasets\raw\Mango\Cutting Weevil\20211011_162434(0) (Custom) (Custom).jpg,datasets\raw\Mango\Cutting Weevil\20211011_162434(0) (Custom).jpg,Mango,Mango,other,other,HIGH
0,datasets\raw\Mango\Cutting Weevil\20211011_162436 (Custom) (Custom).jpg,datasets\raw\Mango\Cutting Weevil\20211011_162436 (Custom).jpg,Mango,Mango,other,other,HIGH
0,datasets\raw\Mango\Cutting Weevil\20211011_162437 (Custom) (Custom).jpg,datasets\raw\Mango\Cutting Weevil\20211011_162437 (Custom).jpg,Mango,Mango,other,other,HIGH
0,datasets\raw\Mango\Cutting Weevil\20211011_162445 (Custom) (Custom).jpg,datasets\raw\Mango\Cutting Weevil\20211011_162445 (Custom).jpg,Mango,Mango,other,other,HIGH
0,datasets\raw\Mango\Cutting Weevil\20211011_162454 (Custom) (Custom).jpg,datasets\raw\Mango\Cutting Weevil\20211011_162454 (Custom).jpg,Mango,Mango,other,other,HIGH
0,datasets\raw\Mango\Cutting Weevil\20211011_162454(0) (Custom) (Custom).jpg,datasets\raw\Mango\Cutting Weevil\20211011_162454(0) (Custom).jpg,Mango,Mango,other,other,HIGH
0,datasets\raw\Mango\Cutting Weevil\20211011_162455 (Custom) (Custom).jpg,datasets\raw\Mango\Cutting Weevil\20211011_162455 (Custom).jpg,Mango,Mango,other,other,HIGH
0,datasets\raw\Mango\Cutting Weevil\20211011_162456 (Custom) (Custom).jpg,datasets\raw\Mango\Cutting Weevil\20211011_162456 (Custom).jpg,Mango,Mango,other,other,HIGH
0,datasets\raw\Mango\Cutting Weevil\20211011_162457 (Custom) (Custom).jpg,datasets\raw\Mango\Cutting Weevil\20211011_162457 (Custom).jpg,Mango,Mango,other,other,HIGH
0,datasets\raw\Mango\Cutting Weevil\20211011_162500 (Custom) (Custom).jpg,datasets\raw\Mango\Cutting Weevil\20211011_162500 (Custom).jpg,Mango,Mango,other,other,HIGH
0,datasets\raw\Mango\Cutting Weevil\20211011_162501 (Custom) (Custom).jpg,datasets\raw\Mango\Cutting Weevil\20211011_162501 (Custom).jpg,Mango,Mango,other,other,HIGH
0,datasets\raw\Mango\Cutting Weevil\20211011_162501(0) (Custom) (Custom).jpg,datasets\raw\Mango\Cutting Weevil\20211011_162501(0) (Custom).jpg,Mango,Mango,other,other,HIGH
0,datasets\raw\Mango\Cutting Weevil\20211011_162502 (Custom) (Custom).jpg,datasets\raw\Mango\Cutting Weevil\20211011_162502 (Custom).jpg,Mango,Mango,other,other,HIGH
0,datasets\raw\Mango\Cutting Weevil\20211011_162503 (Custom) (Custom).jpg,datasets\raw\Mango\Cutting Weevil\20211011_162503 (Custom).jpg,Mango,Mango,other,other,HIGH
0,datasets\raw\Mango\Cutting Weevil\20211011_162503(0) (Custom) (Custom).jpg,datasets\raw\Mango\Cutting Weevil\20211011_162503(0) (Custom).jpg,Mango,Mango,other,other,HIGH
0,datasets\raw\Mango\Cutting Weevil\20211011_162505 (Custom) (Custom).jpg,datasets\raw\Mango\Cutting Weevil\20211011_162505 (Custom).jpg,Mango,Mango,other,other,HIGH
0,datasets\raw\Mango\Cutting Weevil\20211011_162516 (Custom) (Custom).jpg,datasets\raw\Mango\Cutting Weevil\20211011_162516 (Custom).jpg,Mango,Mango,other,other,HIGH
0,datasets\raw\Mango\Cutting Weevil\20211011_162517 (Custom) (Custom).jpg,datasets\raw\Mango\Cutting Weevil\20211011_162517 (Custom).jpg,Mango,Mango,other,other,HIGH
0,datasets\raw\Mango\Cutting Weevil\20211011_162518(0) (Custom) (Custom).jpg,datasets\raw\Mango\Cutting Weevil\20211011_162518(0) (Custom).jpg,Mango,Mango,other,other,HIGH
0,datasets\raw\Mango\Cutting Weevil\20211011_162519 (Custom) (Custom).jpg,datasets\raw\Mango\Cutting Weevil\20211011_162519 (Custom).jpg,Mango,Mango,other,other,HIGH
0,datasets\raw\Mango\Cutting Weevil\20211011_162521 (Custom) (Custom).jpg,datasets\raw\Mango\Cutting Weevil\20211011_162521 (Custom).jpg,Mango,Mango,other,other,HIGH
0,datasets\raw\Mango\Cutting Weevil\20211011_162523 (Custom) (Custom).jpg,datasets\raw\Mango\Cutting Weevil\20211011_162523 (Custom).jpg,Mango,Mango,other,other,HIGH
0,datasets\raw\Mango\Cutting Weevil\20211011_162523(0) (Custom) (Custom).jpg,datasets\raw\Mango\Cutting Weevil\20211011_162523(0) (Custom).jpg,Mango,Mango,other,other,HIGH
0,datasets\raw\Mango\Cutting Weevil\20211011_162524 (Custom) (Custom).jpg,datasets\raw\Mango\Cutting Weevil\20211011_162524 (Custom).jpg,Mango,Mango,other,other,HIGH
0,datasets\raw\Mango\Cutting Weevil\20211011_162525 (Custom) (Custom).jpg,datasets\raw\Mango\Cutting Weevil\20211011_162525 (Custom).jpg,Mango,Mango,other,other,HIGH
0,datasets\raw\Mango\Cutting Weevil\20211011_162526 (Custom) (Custom).jpg,datasets\raw\Mango\Cutting Weevil\20211011_162526 (Custom).jpg,Mango,Mango,other,other,HIGH
0,datasets\raw\Mango\Cutting Weevil\20211011_162527 (Custom) (Custom).jpg,datasets\raw\Mango\Cutting Weevil\20211011_162527 (Custom).jpg,Mango,Mango,other,other,HIGH
0,datasets\raw\Mango\Cutting Weevil\20211011_162528 (Custom) (Custom).jpg,datasets\raw\Mango\Cutting Weevil\20211011_162528 (Custom).jpg,Mango,Mango,other,other,HIGH
0,datasets\raw\Mango\Cutting Weevil\20211011_162530 (Custom) (Custom).jpg,datasets\raw\Mango\Cutting Weevil\20211011_162530 (Custom).jpg,Mango,Mango,other,other,HIGH
0,datasets\raw\Mango\Cutting Weevil\20211011_162530(0) (Custom) (Custom).jpg,datasets\raw\Mango\Cutting Weevil\20211011_162530(0) (Custom).jpg,Mango,Mango,other,other,HIGH
0,datasets\raw\Mango\Cutting Weevil\20211011_162532 (Custom) (Custom).jpg,datasets\raw\Mango\Cutting Weevil\20211011_162532 (Custom).jpg,Mango,Mango,other,other,HIGH
0,datasets\raw\Mango\Cutting Weevil\20211011_162552 (Custom) (Custom).jpg,datasets\raw\Mango\Cutting Weevil\20211011_162552 (Custom).jpg,Mango,Mango,other,other,HIGH
0,datasets\raw\Mango\Cutting Weevil\20211011_162553 (Custom) (Custom).jpg,datasets\raw\Mango\Cutting Weevil\20211011_162553 (Custom).jpg,Mango,Mango,other,other,HIGH
0,datasets\raw\Mango\Cutting Weevil\20211011_162612 (Custom) (Custom).jpg,datasets\raw\Mango\Cutting Weevil\20211011_162612 (Custom).jpg,Mango,Mango,other,other,HIGH
0,datasets\raw\Mango\Cutting Weevil\20211011_162616 (Custom) (Custom).jpg,datasets\raw\Mango\Cutting Weevil\20211011_162616 (Custom).jpg,Mango,Mango,other,other,HIGH
0,datasets\raw\Mango\Cutting Weevil\20211011_162617(0) (Custom) (Custom).jpg,datasets\raw\Mango\Cutting Weevil\20211011_162617(0) (Custom).jpg,Mango,Mango,other,other,HIGH
0,datasets\raw\Mango\Cutting Weevil\20211011_162620(0) (Custom) (Custom).jpg,datasets\raw\Mango\Cutting Weevil\20211011_162620(0) (Custom).jpg,Mango,Mango,other,other,HIGH
0,datasets\raw\Mango\Cutting Weevil\20211011_162625 (Custom) (Custom).jpg,datasets\raw\Mango\Cutting Weevil\20211011_162625 (Custom).jpg,Mango,Mango,other,other,HIGH
0,datasets\raw\Mango\Cutting Weevil\20211011_162625(0) (Custom) (Custom).jpg,datasets\raw\Mango\Cutting Weevil\20211011_162625(0) (Custom).jpg,Mango,Mango,other,other,HIGH
0,datasets\raw\Mango\Cutting Weevil\20211011_170108 (Custom) (Custom).jpg,datasets\raw\Mango\Cutting Weevil\20211011_170108 (Custom).jpg,Mango,Mango,other,other,HIGH
0,datasets\raw\Mango\Cutting Weevil\20211011_170138 (Custom) (Custom).jpg,datasets\raw\Mango\Cutting Weevil\20211011_170138 (Custom).jpg,Mango,Mango,other,other,HIGH
0,datasets\raw\Mango\Cutting Weevil\20211011_170138 (Custom) (Custom).jpg,datasets\raw\Mango\Cutting Weevil\20211011_170139 (Custom) (Custom).jpg,Mango,Mango,other,other,HIGH
0,datasets\raw\Mango\Cutting Weevil\20211011_170138 (Custom) (Custom).jpg,datasets\raw\Mango\Cutting Weevil\20211011_170139 (Custom).jpg,Mango,Mango,other,other,HIGH
0,datasets\raw\Mango\Cutting Weevil\20211011_170138 (Custom).jpg,datasets\raw\Mango\Cutting Weevil\20211011_170139 (Custom) (Custom).jpg,Mango,Mango,other,other,HIGH
0,datasets\raw\Mango\Cutting Weevil\20211011_170138 (Custom).jpg,datasets\raw\Mango\Cutting Weevil\20211011_170139 (Custom).jpg,Mango,Mango,other,other,HIGH
0,datasets\raw\Mango\Cutting Weevil\20211011_170139 (Custom) (Custom).jpg,datasets\raw\Mango\Cutting Weevil\20211011_170139 (Custom).jpg,Mango,Mango,other,other,HIGH
0,datasets\raw\Mango\Cutting Weevil\20211011_170153 (Custom) (Custom).jpg,datasets\raw\Mango\Cutting Weevil\20211011_170153 (Custom).jpg,Mango,Mango,other,other,HIGH
0,datasets\raw\Mango\Cutting Weevil\20211011_170157 (Custom) (Custom).jpg,datasets\raw\Mango\Cutting Weevil\20211011_170157 (Custom).jpg,Mango,Mango,other,other,HIGH
0,datasets\raw\Mango\Cutting Weevil\20211011_170252 (Custom) (Custom).jpg,datasets\raw\Mango\Cutting Weevil\20211011_170252 (Custom).jpg,Mango,Mango,other,other,HIGH
0,datasets\raw\Mango\Cutting Weevil\20211011_170254 (Custom) (Custom).jpg,datasets\raw\Mango\Cutting Weevil\20211011_170254 (Custom).jpg,Mango,Mango,other,other,HIGH
0,datasets\raw\Mango\Cutting Weevil\20211011_170534 (Custom) (Custom).jpg,datasets\raw\Mango\Cutting Weevil\20211011_170534 (Custom).jpg,Mango,Mango,other,other,HIGH
0,datasets\raw\Mango\Cutting Weevil\20211011_170535 (Custom) (Custom).jpg,datasets\raw\Mango\Cutting Weevil\20211011_170535 (Custom).jpg,Mango,Mango,other,other,HIGH
0,datasets\raw\Mango\Cutting Weevil\20211011_170538 (Custom) (Custom).jpg,datasets\raw\Mango\Cutting Weevil\20211011_170538 (Custom).jpg,Mango,Mango,other,other,HIGH
0,datasets\raw\Mango\Cutting Weevil\20211011_170540 (Custom) (Custom).jpg,datasets\raw\Mango\Cutting Weevil\20211011_170540 (Custom).jpg,Mango,Mango,other,other,HIGH
0,datasets\raw\Mango\Cutting Weevil\20211011_170546 (Custom) (Custom).jpg,datasets\raw\Mango\Cutting Weevil\20211011_170546 (Custom).jpg,Mango,Mango,other,other,HIGH
0,datasets\raw\Mango\Cutting Weevil\IMG_20211011_140211 (Custom) (Custom).jpg,datasets\raw\Mango\Cutting Weevil\IMG_20211011_140211 (Custom).jpg,Mango,Mango,other,other,HIGH
0,datasets\raw\Mango\Cutting Weevil\IMG_20211011_140224 (Custom) (Custom).jpg,datasets\raw\Mango\Cutting Weevil\IMG_20211011_140224 (Custom).jpg,Mango,Mango,other,other,HIGH
0,datasets\raw\Mango\Die Back\20211129_160738 (Custom).jpg,datasets\raw\Mango\Die Back\20211129_160754 (Custom).jpg,Mango,Mango,other,other,HIGH
0,datasets\raw\Mango\Die Back\20211129_161605 (Custom)(1).jpg,datasets\raw\Mango\Die Back\20211129_161605 (Custom).jpg,Mango,Mango,other,other,HIGH
0,datasets\raw\Mango\Die Back\20211129_161600 (Custom)(1).jpg,datasets\raw\Mango\Die Back\20211129_161600 (Custom).jpg,Mango,Mango,other,other,HIGH
0,datasets\raw\Mango\Die Back\20211129_161611 (Custom)(1).jpg,datasets\raw\Mango\Die Back\20211129_161611 (Custom).jpg,Mango,Mango,other,other,HIGH
0,datasets\raw\Mango\Die Back\20211129_161616 (Custom)(1).jpg,datasets\raw\Mango\Die Back\20211129_161616 (Custom).jpg,Mango,Mango,other,other,HIGH
0,datasets\raw\Mango\Die Back\20211129_161620 (Custom)(1).jpg,datasets\raw\Mango\Die Back\20211129_161620 (Custom).jpg,Mango,Mango,other,other,HIGH
0,datasets\raw\Mango\Die Back\20211129_161628 (Custom)(1).jpg,datasets\raw\Mango\Die Back\20211129_161628 (Custom).jpg,Mango,Mango,other,other,HIGH
0,datasets\raw\Mango\Die Back\20211129_161631 (Custom)(1).jpg,datasets\raw\Mango\Die Back\20211129_161631 (Custom).jpg,Mango,Mango,other,other,HIGH
0,datasets\raw\Mango\Gall Midge\IMG_20211106_161445 (Custom).jpg,datasets\raw\Mango\Gall Midge\IMG_20211106_161445 - Copy (Custom).jpg,Mango,Mango,other,other,HIGH
0,datasets\raw\Mango\Gall Midge\IMG_20211106_162842 (Custom).jpg,datasets\raw\Mango\Gall Midge\IMG_20211106_162842_1 (Custom).jpg,Mango,Mango,other,other,HIGH
0,datasets\raw\Mango\Gall Midge\IMG_20211106_164032 (Custom).jpg,datasets\raw\Mango\Gall Midge\IMG_20211106_164032_1 (Custom).jpg,Mango,Mango,other,other,HIGH
0,datasets\raw\PlantDoc\test\Blueberry leaf\Blueberry leaf (1).jpg,datasets\raw\PlantDoc\train\Blueberry leaf\Blueberry leaf (49).jpg,PlantDoc,PlantDoc,plantdoc,plantdoc,HIGH
0,datasets\raw\PlantDoc\test\Corn Gray leaf spot\Corn Gray leaf spot (1).jpg,datasets\raw\PlantDoc\train\Corn leaf blight\Corn leaf blight (121).jpg,PlantDoc,PlantDoc,plantdoc,plantdoc,HIGH
0,datasets\raw\PlantDoc\test\Corn leaf blight\Corn leaf blight (10).jpg,datasets\raw\PlantDoc\train\Corn Gray leaf spot\Corn Gray leaf spot (20).jpg,PlantDoc,PlantDoc,plantdoc,plantdoc,HIGH
0,datasets\raw\PlantDoc\test\Corn leaf blight\Corn leaf blight (7).jpg,datasets\raw\PlantDoc\train\Corn Gray leaf spot\Corn Gray leaf spot (12).jpg,PlantDoc,PlantDoc,plantdoc,plantdoc,HIGH
0,datasets\raw\PlantDoc\test\Potato leaf early blight\Potato leaf early blight (2).jpg,datasets\raw\PlantDoc\train\Potato leaf late blight\Potato leaf late blight (19).jpg,PlantDoc,PlantDoc,plantdoc,plantdoc,HIGH
0,datasets\raw\PlantDoc\test\Potato leaf early blight\Potato leaf early blight (5).jpg,datasets\raw\PlantDoc\train\Tomato Early blight leaf\Tomato Early blight leaf (39).jpg,PlantDoc,PlantDoc,plantdoc,plantdoc,HIGH
0,datasets\raw\PlantDoc\test\Potato leaf late blight\Potato leaf late blight (1).jpg,datasets\raw\PlantDoc\train\Potato leaf early blight\Potato leaf early blight (13).jpg,PlantDoc,PlantDoc,plantdoc,plantdoc,HIGH
0,datasets\raw\PlantDoc\test\Potato leaf late blight\Potato leaf late blight (4).jpg,datasets\raw\PlantDoc\train\Potato leaf early blight\Potato leaf early blight (24).jpg,PlantDoc,PlantDoc,plantdoc,plantdoc,HIGH
0,datasets\raw\PlantDoc\test\Potato leaf late blight\Potato leaf late blight (4).jpg,datasets\raw\PlantDoc\train\Tomato leaf late blight\Tomato leaf late blight (91).jpg,PlantDoc,PlantDoc,plantdoc,plantdoc,HIGH
0,datasets\raw\PlantDoc\train\Potato leaf early blight\Potato leaf early blight (24).jpg,datasets\raw\PlantDoc\train\Tomato leaf late blight\Tomato leaf late blight (91).jpg,PlantDoc,PlantDoc,plantdoc,plantdoc,HIGH
0,datasets\raw\PlantDoc\test\Potato leaf late blight\Potato leaf late blight (6).jpg,datasets\raw\PlantDoc\train\Potato leaf early blight\Potato leaf early blight (70).jpg,PlantDoc,PlantDoc,plantdoc,plantdoc,HIGH
0,datasets\raw\PlantDoc\test\Tomato leaf bacterial spot\Tomato leaf bacterial spot (9).jpg,datasets\raw\PlantDoc\train\Tomato Septoria leaf spot\Tomato Septoria leaf spot (109).jpg,PlantDoc,PlantDoc,plantdoc,plantdoc,HIGH
0,datasets\raw\PlantDoc\test\Tomato leaf late blight\Tomato leaf late blight (1).jpg,datasets\raw\PlantDoc\train\Tomato leaf late blight\Tomato leaf late blight (39).jpg,PlantDoc,PlantDoc,plantdoc,plantdoc,HIGH
0,datasets\raw\PlantDoc\test\Tomato leaf yellow virus\Tomato leaf yellow virus (6).jpg,datasets\raw\PlantDoc\train\Tomato leaf yellow virus\Tomato leaf yellow virus (63).jpg,PlantDoc,PlantDoc,plantdoc,plantdoc,HIGH
0,datasets\raw\PlantDoc\test\Tomato Septoria leaf spot\Tomato Septoria leaf spot (9).jpg,datasets\raw\PlantDoc\train\Tomato Septoria leaf spot\Tomato Septoria leaf spot (48).jpg,PlantDoc,PlantDoc,plantdoc,plantdoc,HIGH
0,datasets\raw\PlantDoc\train\Apple Scab Leaf\Apple Scab Leaf (17).jpg,datasets\raw\PlantDoc\train\Apple Scab Leaf\Apple Scab Leaf (23).jpg,PlantDoc,PlantDoc,plantdoc,plantdoc,HIGH
0,datasets\raw\PlantDoc\train\Bell_pepper leaf spot\Bell_pepper leaf spot (31).jpg,datasets\raw\PlantDoc\train\Bell_pepper leaf spot\Bell_pepper leaf spot (57).jpg,PlantDoc,PlantDoc,plantdoc,plantdoc,HIGH
0,datasets\raw\PlantDoc\train\Bell_pepper leaf spot\Bell_pepper leaf spot (36).jpg,datasets\raw\PlantDoc\train\Bell_pepper leaf spot\Bell_pepper leaf spot (39).jpg,PlantDoc,PlantDoc,plantdoc,plantdoc,HIGH
0,datasets\raw\PlantDoc\train\Bell_pepper leaf spot\Bell_pepper leaf spot (37).jpg,datasets\raw\PlantDoc\train\Bell_pepper leaf spot\Bell_pepper leaf spot (38).jpg,PlantDoc,PlantDoc,plantdoc,plantdoc,HIGH
0,datasets\raw\PlantDoc\train\Cherry leaf\Cherry leaf (26).jpg,datasets\raw\PlantDoc\train\Cherry leaf\Cherry leaf (32).jpg,PlantDoc,PlantDoc,plantdoc,plantdoc,HIGH
0,datasets\raw\PlantDoc\train\Corn Gray leaf spot\Corn Gray leaf spot (33).jpg,datasets\raw\PlantDoc\train\Corn leaf blight\Corn leaf blight (105).jpg,PlantDoc,PlantDoc,plantdoc,plantdoc,HIGH
0,datasets\raw\PlantDoc\train\Corn leaf blight\Corn leaf blight (101).jpg,datasets\raw\PlantDoc\train\Corn leaf blight\Corn leaf blight (156).jpg,PlantDoc,PlantDoc,plantdoc,plantdoc,HIGH
0,datasets\raw\PlantDoc\train\Corn leaf blight\Corn leaf blight (35).jpg,datasets\raw\PlantDoc\train\Corn leaf blight\Corn leaf blight (36).jpg,PlantDoc,PlantDoc,plantdoc,plantdoc,HIGH
0,datasets\raw\PlantDoc\train\Corn rust leaf\Corn rust leaf (17).jpg,datasets\raw\PlantDoc\train\Corn rust leaf\Corn rust leaf (18).jpg,PlantDoc,PlantDoc,plantdoc,plantdoc,HIGH
0,datasets\raw\PlantDoc\train\grape leaf black rot\grape leaf black rot (51).jpg,datasets\raw\PlantDoc\train\grape leaf black rot\grape leaf black rot (54).jpg,PlantDoc,PlantDoc,plantdoc,plantdoc,HIGH
0,datasets\raw\PlantDoc\train\Potato leaf early blight\Potato leaf early blight (14).jpg,datasets\raw\PlantDoc\train\Potato leaf late blight\Potato leaf late blight (11).jpg,PlantDoc,PlantDoc,plantdoc,plantdoc,HIGH
0,datasets\raw\PlantDoc\train\Potato leaf early blight\Potato leaf early blight (16).jpg,datasets\raw\PlantDoc\train\Potato leaf late blight\Potato leaf late blight (43).jpg,PlantDoc,PlantDoc,plantdoc,plantdoc,HIGH
0,datasets\raw\PlantDoc\train\Potato leaf early blight\Potato leaf early blight (25).jpg,datasets\raw\PlantDoc\train\Potato leaf late blight\Potato leaf late blight (14).jpg,PlantDoc,PlantDoc,plantdoc,plantdoc,HIGH
0,datasets\raw\PlantDoc\train\Potato leaf early blight\Potato leaf early blight (34).jpg,datasets\raw\PlantDoc\train\Tomato leaf late blight\Tomato leaf late blight (66).jpg,PlantDoc,PlantDoc,plantdoc,plantdoc,HIGH
0,datasets\raw\PlantDoc\train\Potato leaf early blight\Potato leaf early blight (49).jpg,datasets\raw\PlantDoc\train\Tomato Early blight leaf\Tomato Early blight leaf (34).jpg,PlantDoc,PlantDoc,plantdoc,plantdoc,HIGH
0,datasets\raw\PlantDoc\train\Potato leaf early blight\Potato leaf early blight (52).jpg,datasets\raw\PlantDoc\train\Tomato leaf late blight\Tomato leaf late blight (68).jpg,PlantDoc,PlantDoc,plantdoc,plantdoc,HIGH
0,datasets\raw\PlantDoc\train\Potato leaf early blight\Potato leaf early blight (6).jpg,datasets\raw\PlantDoc\train\Tomato Early blight leaf\Tomato Early blight leaf (46).jpg,PlantDoc,PlantDoc,plantdoc,plantdoc,HIGH
0,datasets\raw\PlantDoc\train\Potato leaf early blight\Potato leaf early blight (6).jpg,datasets\raw\PlantDoc\train\Tomato Early blight leaf\Tomato Early blight leaf (63).jpg,PlantDoc,PlantDoc,plantdoc,plantdoc,HIGH
0,datasets\raw\PlantDoc\train\Tomato Early blight leaf\Tomato Early blight leaf (46).jpg,datasets\raw\PlantDoc\train\Tomato Early blight leaf\Tomato Early blight leaf (63).jpg,PlantDoc,PlantDoc,plantdoc,plantdoc,HIGH
0,datasets\raw\PlantDoc\train\Potato leaf early blight\Potato leaf early blight (69).jpg,datasets\raw\PlantDoc\train\Tomato Septoria leaf spot\Tomato Septoria leaf spot (43).jpg,PlantDoc,PlantDoc,plantdoc,plantdoc,HIGH
0,datasets\raw\PlantDoc\train\Potato leaf late blight\Potato leaf late blight (16).jpg,datasets\raw\PlantDoc\train\Potato leaf late blight\Potato leaf late blight (26).jpg,PlantDoc,PlantDoc,plantdoc,plantdoc,HIGH
0,datasets\raw\PlantDoc\train\Potato leaf late blight\Potato leaf late blight (35).jpg,datasets\raw\PlantDoc\train\Tomato leaf late blight\Tomato leaf late blight (22).jpg,PlantDoc,PlantDoc,plantdoc,plantdoc,HIGH
0,datasets\raw\PlantDoc\train\Potato leaf late blight\Potato leaf late blight (36).jpg,datasets\raw\PlantDoc\train\Tomato leaf late blight\Tomato leaf late blight (73).jpg,PlantDoc,PlantDoc,plantdoc,plantdoc,HIGH
0,datasets\raw\PlantDoc\train\Potato leaf late blight\Potato leaf late blight (67).jpg,datasets\raw\PlantDoc\train\Potato leaf late blight\Potato leaf late blight (80).jpg,PlantDoc,PlantDoc,plantdoc,plantdoc,HIGH
0,datasets\raw\PlantDoc\train\Potato leaf late blight\Potato leaf late blight (95).jpg,datasets\raw\PlantDoc\train\Tomato Early blight leaf\Tomato Early blight leaf (7).jpg,PlantDoc,PlantDoc,plantdoc,plantdoc,HIGH
0,datasets\raw\PlantDoc\train\Raspberry leaf\Raspberry leaf (4).jpg,datasets\raw\PlantDoc\train\Raspberry leaf\Raspberry leaf (92).jpg,PlantDoc,PlantDoc,plantdoc,plantdoc,HIGH
0,datasets\raw\PlantDoc\train\Squash Powdery mildew leaf\Squash Powdery mildew leaf (113).jpg,datasets\raw\PlantDoc\train\Squash Powdery mildew leaf\Squash Powdery mildew leaf (114).jpg,PlantDoc,PlantDoc,plantdoc,plantdoc,HIGH
0,datasets\raw\PlantDoc\train\Squash Powdery mildew leaf\Squash Powdery mildew leaf (33).jpg,datasets\raw\PlantDoc\train\Squash Powdery mildew leaf\Squash Powdery mildew leaf (5).jpg,PlantDoc,PlantDoc,plantdoc,plantdoc,HIGH
0,datasets\raw\PlantDoc\train\Tomato Early blight leaf\Tomato Early blight leaf (14).jpg,datasets\raw\PlantDoc\train\Tomato Septoria leaf spot\Tomato Septoria leaf spot (36).jpg,PlantDoc,PlantDoc,plantdoc,plantdoc,HIGH
0,datasets\raw\PlantDoc\train\Tomato Early blight leaf\Tomato Early blight leaf (28).jpg,datasets\raw\PlantDoc\train\Tomato Early blight leaf\Tomato Early blight leaf (30).jpg,PlantDoc,PlantDoc,plantdoc,plantdoc,HIGH
0,datasets\raw\PlantDoc\train\Tomato Early blight leaf\Tomato Early blight leaf (52).jpg,datasets\raw\PlantDoc\train\Tomato Septoria leaf spot\Tomato Septoria leaf spot (59).jpg,PlantDoc,PlantDoc,plantdoc,plantdoc,HIGH
0,datasets\raw\PlantDoc\train\Tomato Early blight leaf\Tomato Early blight leaf (55).jpg,datasets\raw\PlantDoc\train\Tomato leaf late blight\Tomato leaf late blight (82).jpg,PlantDoc,PlantDoc,plantdoc,plantdoc,HIGH
0,datasets\raw\PlantDoc\train\Tomato leaf bacterial spot\Tomato leaf bacterial spot (52).jpg,datasets\raw\PlantDoc\train\Tomato leaf bacterial spot\Tomato leaf bacterial spot (53).jpg,PlantDoc,PlantDoc,plantdoc,plantdoc,HIGH
0,datasets\raw\PlantDoc\train\Tomato leaf bacterial spot\Tomato leaf bacterial spot (63).jpg,datasets\raw\PlantDoc\train\Tomato Septoria leaf spot\Tomato Septoria leaf spot (62).jpg,PlantDoc,PlantDoc,plantdoc,plantdoc,HIGH
0,datasets\raw\PlantDoc\train\Tomato leaf bacterial spot\Tomato leaf bacterial spot (86).jpg,datasets\raw\PlantDoc\train\Tomato Septoria leaf spot\Tomato Septoria leaf spot (103).jpg,PlantDoc,PlantDoc,plantdoc,plantdoc,HIGH
0,datasets\raw\PlantDoc\train\Tomato leaf late blight\Tomato leaf late blight (20).jpg,datasets\raw\PlantDoc\train\Tomato leaf late blight\Tomato leaf late blight (6).jpg,PlantDoc,PlantDoc,plantdoc,plantdoc,HIGH
0,datasets\raw\PlantDoc\train\Tomato leaf late blight\Tomato leaf late blight (44).jpg,datasets\raw\PlantDoc\train\Tomato leaf late blight\Tomato leaf late blight (5).jpg,PlantDoc,PlantDoc,plantdoc,plantdoc,HIGH
0,datasets\raw\PlantDoc\train\Tomato leaf late blight\Tomato leaf late blight (72).jpg,datasets\raw\PlantDoc\train\Tomato leaf late blight\Tomato leaf late blight (87).jpg,PlantDoc,PlantDoc,plantdoc,plantdoc,HIGH
0,datasets\raw\PlantDoc\train\Tomato leaf yellow virus\Tomato leaf yellow virus (48).jpg,datasets\raw\PlantDoc\train\Tomato mold leaf\Tomato mold leaf (85).jpg,PlantDoc,PlantDoc,plantdoc,plantdoc,HIGH
0,datasets\raw\PlantDoc\train\Tomato Septoria leaf spot\Tomato Septoria leaf spot (124).jpg,datasets\raw\PlantDoc\train\Tomato Septoria leaf spot\Tomato Septoria leaf spot (125).jpg,PlantDoc,PlantDoc,plantdoc,plantdoc,HIGH
0,datasets\raw\PlantDoc\train\Tomato Septoria leaf spot\Tomato Septoria leaf spot (126).jpg,datasets\raw\PlantDoc\train\Tomato Septoria leaf spot\Tomato Septoria leaf spot (127).jpg,PlantDoc,PlantDoc,plantdoc,plantdoc,HIGH
0,datasets\raw\PlantDoc\train\Tomato Septoria leaf spot\Tomato Septoria leaf spot (136).jpg,datasets\raw\PlantDoc\train\Tomato Septoria leaf spot\Tomato Septoria leaf spot (51).jpg,PlantDoc,PlantDoc,plantdoc,plantdoc,HIGH
0,datasets\raw\PlantDoc\train\Tomato Septoria leaf spot\Tomato Septoria leaf spot (4).jpg,datasets\raw\PlantDoc\train\Tomato Septoria leaf spot\Tomato Septoria leaf spot (49).jpg,PlantDoc,PlantDoc,plantdoc,plantdoc,HIGH
0,datasets\raw\PlantVillage\Tomato_healthy\068e324c-faf6-40d6-8f83-578907f1cac5___GH_HL Leaf 466.1.JPG,datasets\raw\PlantVillage\Tomato_healthy\34c81c57-e1fa-49dd-a49d-34fe8b2385fe___GH_HL Leaf 466.1.JPG,PlantVillage,PlantVillage,plantvillage,plantvillage,HIGH
0,datasets\raw\PlantVillage\Tomato_healthy\1af0bfe1-4bcf-4b8b-be66-5d0953eb647e___GH_HL Leaf 482.2.JPG,datasets\raw\PlantVillage\Tomato_healthy\cfd491d6-4af5-4728-8f0e-0d330a07174a___GH_HL Leaf 482.2.JPG,PlantVillage,PlantVillage,plantvillage,plantvillage,HIGH
0,datasets\raw\PlantVillage\Tomato_healthy\37203047-d8ba-43f7-b31e-d496c41c569c___GH_HL Leaf 389.JPG,datasets\raw\PlantVillage\Tomato_healthy\505465db-407b-4e0a-8110-7479dad5261c___GH_HL Leaf 389.JPG,PlantVillage,PlantVillage,plantvillage,plantvillage,HIGH
0,datasets\raw\PlantVillage\Tomato_healthy\37aad83b-7ff8-4b35-b3ed-fb8e0f54910b___GH_HL Leaf 342.1.JPG,datasets\raw\PlantVillage\Tomato_healthy\e786ac89-29fe-47e3-b49e-b9a9ee7edd9d___GH_HL Leaf 342.1.JPG,PlantVillage,PlantVillage,plantvillage,plantvillage,HIGH
0,datasets\raw\PlantVillage\Tomato_healthy\488feb1c-4b9f-44e7-8aa6-4103a9601f5f___GH_HL Leaf 434.JPG,datasets\raw\PlantVillage\Tomato_healthy\a5de43e7-fc2f-4a14-a8e6-c0f2f94c84f1___GH_HL Leaf 434.JPG,PlantVillage,PlantVillage,plantvillage,plantvillage,HIGH
0,datasets\raw\PlantVillage\Tomato_healthy\9662364c-aaba-45e3-b907-10792d60578c___GH_HL Leaf 220.JPG,datasets\raw\PlantVillage\Tomato_healthy\d2ce7896-6fa4-45e6-96c5-d162da0e3e1c___GH_HL Leaf 220.JPG,PlantVillage,PlantVillage,plantvillage,plantvillage,HIGH
0,datasets\raw\PlantVillage\Tomato_Late_blight\1a69b38b-c4eb-42c4-9584-bcb14fb8db0c___GHLB2 Leaf 9011.JPG,datasets\raw\PlantVillage\Tomato_Late_blight\2c47b891-3c97-48f1-a2cc-5aa53d3a1148___GHLB2 Leaf 9011.JPG,PlantVillage,PlantVillage,plantvillage,plantvillage,HIGH
0,datasets\raw\PlantVillage\Tomato_Late_blight\3fae9c64-18f0-4a67-9f97-554248bb1bed___GHLB_PS Leaf 24 Day 16.jpg,datasets\raw\PlantVillage\Tomato_Late_blight\5de6da85-f8c4-48c4-b463-3e6bd78884cc___GHLB_PS Leaf 24 Day 16.jpg,PlantVillage,PlantVillage,plantvillage,plantvillage,HIGH
0,datasets\raw\PlantVillage\Tomato_Late_blight\48c55974-9fe9-4f4b-94f7-c8cd127d1e05___GHLB_PS Leaf 23.7 Day 13.jpg,datasets\raw\PlantVillage\Tomato_Late_blight\bd4f09bd-ee85-4ab1-bce0-8cde3fdd7f1b___GHLB_PS Leaf 23.7 Day 13.jpg,PlantVillage,PlantVillage,plantvillage,plantvillage,HIGH
0,datasets\raw\PlantVillage\Tomato_Late_blight\5688ea99-c949-41d0-bbab-9cbf0ffb8bcd___GHLB2 Leaf 8677.JPG,datasets\raw\PlantVillage\Tomato_Late_blight\e20107e7-137f-400e-817f-5dc4c58e5d70___GHLB2 Leaf 8677.JPG,PlantVillage,PlantVillage,plantvillage,plantvillage,HIGH
0,datasets\raw\PlantVillage\Tomato_Late_blight\5f21282c-e2ef-4c4a-ace1-b5701fe7effc___GHLB2 Leaf 8999.JPG,datasets\raw\PlantVillage\Tomato_Late_blight\e5d707cd-077c-43af-bda9-6138e516ff51___GHLB2 Leaf 8999.JPG,PlantVillage,PlantVillage,plantvillage,plantvillage,HIGH
0,datasets\raw\PlantVillage\Tomato_Late_blight\861d8b00-57a4-46b0-b51a-09d102dbe119___GHLB_PS Leaf 24 Day 13.jpg,datasets\raw\PlantVillage\Tomato_Late_blight\d82b634e-9a19-497b-b698-aaf100d622a1___GHLB_PS Leaf 24 Day 13.jpg,PlantVillage,PlantVillage,plantvillage,plantvillage,HIGH
0,datasets\raw\PlantVillage\Tomato_Late_blight\98586693-fe1f-4ea0-8e27-4501b61cf09b___GHLB_PS Leaf 23.5 Day 13.jpg,datasets\raw\PlantVillage\Tomato_Late_blight\c1775bad-7c02-41fb-bb7d-f8df91d60ac3___GHLB_PS Leaf 23.5 Day 13.jpg,PlantVillage,PlantVillage,plantvillage,plantvillage,HIGH
0,datasets\raw\PlantVillage\Tomato_Late_blight\d6e6897a-5083-4914-9903-804c5684a956___GHLB2 Leaf 102.JPG,datasets\raw\PlantVillage\Tomato_Late_blight\d81682aa-746b-4e07-af2b-52ebb6f4c017___GHLB2 Leaf 102.JPG,PlantVillage,PlantVillage,plantvillage,plantvillage,HIGH
0,datasets\raw\Rice\Brown Spot\20231006_165801(0).jpg,datasets\raw\Rice\Brown Spot\20231006_165801.jpg,Rice,Rice,other,other,HIGH
0,datasets\raw\Rice\Brown Spot\Brown_spot (131).jpg,datasets\raw\Rice\Brown Spot\Brown_spot (132).jpg,Rice,Rice,other,other,HIGH
0,datasets\raw\Rice\Brown Spot\Brown_spot (133).jpg,datasets\raw\Rice\Brown Spot\Brown_spot (134).jpg,Rice,Rice,other,other,HIGH
0,datasets\raw\Rice\Brown Spot\Brown_spot (135).jpg,datasets\raw\Rice\Brown Spot\Brown_spot (136).jpg,Rice,Rice,other,other,HIGH
0,datasets\raw\Rice\Brown Spot\IMG_20231018_143709 - Copy.jpg,datasets\raw\Rice\Brown Spot\IMG_20231018_143709.jpg,Rice,Rice,other,other,HIGH
0,datasets\raw\Rice\Brown Spot\IMG_20231018_143710 - Copy.jpg,datasets\raw\Rice\Brown Spot\IMG_20231018_143710.jpg,Rice,Rice,other,other,HIGH
0,datasets\raw\Rice\Brown Spot\IMG_20231018_143711 - Copy.jpg,datasets\raw\Rice\Brown Spot\IMG_20231018_143711.jpg,Rice,Rice,other,other,HIGH
0,datasets\raw\Rice\Brown Spot\IMG_20231018_143712 - Copy.jpg,datasets\raw\Rice\Brown Spot\IMG_20231018_143712.jpg,Rice,Rice,other,other,HIGH
0,datasets\raw\Rice\Brown Spot\IMG_20231018_143713 - Copy.jpg,datasets\raw\Rice\Brown Spot\IMG_20231018_143713.jpg,Rice,Rice,other,other,HIGH
0,datasets\raw\Rice\Brown Spot\IMG_20231018_143715 - Copy.jpg,datasets\raw\Rice\Brown Spot\IMG_20231018_143715.jpg,Rice,Rice,other,other,HIGH
0,datasets\raw\Rice\Healthy Rice Leaf\Healthy_rice_leaf (26).jpg,datasets\raw\Rice\Healthy Rice Leaf\Healthy_rice_leaf (27).jpg,Rice,Rice,other,other,HIGH
0,datasets\raw\Rice\Healthy Rice Leaf\Healthy_rice_leaf (42).jpg,datasets\raw\Rice\Healthy Rice Leaf\Healthy_rice_leaf (43).jpg,Rice,Rice,other,other,HIGH
0,datasets\raw\Rice\Healthy Rice Leaf\Healthy_rice_leaf (6).jpg,datasets\raw\Rice\Healthy Rice Leaf\Healthy_rice_leaf (7).jpg,Rice,Rice,other,other,HIGH
0,datasets\raw\Rice\Healthy Rice Leaf\Healthy_rice_leaf (8).jpg,datasets\raw\Rice\Healthy Rice Leaf\Healthy_rice_leaf (9).jpg,Rice,Rice,other,other,HIGH
0,datasets\raw\Rice\Leaf Blast\IMG_20231018_143750 - Copy.jpg,datasets\raw\Rice\Leaf Blast\IMG_20231018_143750.jpg,Rice,Rice,other,other,HIGH
0,datasets\raw\Rice\Leaf Blast\IMG_20231018_143753 - Copy.jpg,datasets\raw\Rice\Leaf Blast\IMG_20231018_143753.jpg,Rice,Rice,other,other,HIGH
0,datasets\raw\Rice\Leaf Blast\IMG_20231018_143802_1 - Copy.jpg,datasets\raw\Rice\Leaf Blast\IMG_20231018_143802_1.jpg,Rice,Rice,other,other,HIGH
0,datasets\raw\Rice\Leaf Blast\IMG_20231018_143803 - Copy.jpg,datasets\raw\Rice\Leaf Blast\IMG_20231018_143803.jpg,Rice,Rice,other,other,HIGH
0,datasets\raw\Rice\Leaf Blast\IMG_20231018_143838 - Copy.jpg,datasets\raw\Rice\Leaf Blast\IMG_20231018_143838.jpg,Rice,Rice,other,other,HIGH
0,datasets\raw\Rice\Leaf Blast\IMG_20231018_143839 - Copy.jpg,datasets\raw\Rice\Leaf Blast\IMG_20231018_143839.jpg,Rice,Rice,other,other,HIGH
0,datasets\raw\Rice\Leaf Blast\IMG_20231018_143840 - Copy.jpg,datasets\raw\Rice\Leaf Blast\IMG_20231018_143840.jpg,Rice,Rice,other,other,HIGH
0,datasets\raw\Rice\Leaf Blast\IMG_20231018_143841 - Copy.jpg,datasets\raw\Rice\Leaf Blast\IMG_20231018_143841.jpg,Rice,Rice,other,other,HIGH
0,datasets\raw\Rice\Leaf Blast\IMG_20231018_143842_1 - Copy.jpg,datasets\raw\Rice\Leaf Blast\IMG_20231018_143842_1.jpg,Rice,Rice,other,other,HIGH
0,datasets\raw\Rice\Leaf Blast\IMG_20231018_143843 - Copy.jpg,datasets\raw\Rice\Leaf Blast\IMG_20231018_143843.jpg,Rice,Rice,other,other,HIGH
0,datasets\raw\Rice\Leaf Blast\IMG_20231018_143844 - Copy.jpg,datasets\raw\Rice\Leaf Blast\IMG_20231018_143844.jpg,Rice,Rice,other,other,HIGH
0,datasets\raw\Rice\Leaf Blast\IMG_20231018_143855 - Copy.jpg,datasets\raw\Rice\Leaf Blast\IMG_20231018_143855.jpg,Rice,Rice,other,other,HIGH
0,datasets\raw\Rice\Leaf Blast\IMG_20231018_143856 - Copy.jpg,datasets\raw\Rice\Leaf Blast\IMG_20231018_143856.jpg,Rice,Rice,other,other,HIGH
0,datasets\raw\Rice\Leaf Blast\IMG_20231018_143856_1 - Copy.jpg,datasets\raw\Rice\Leaf Blast\IMG_20231018_143856_1.jpg,Rice,Rice,other,other,HIGH
0,datasets\raw\Rice\Leaf Blast\IMG_20231018_143857 - Copy.jpg,datasets\raw\Rice\Leaf Blast\IMG_20231018_143857.jpg,Rice,Rice,other,other,HIGH
0,datasets\raw\Rice\Leaf scald\Leaf_scald (18).jpg,datasets\raw\Rice\Leaf scald\Leaf_scald (19).jpg,Rice,Rice,other,other,HIGH
0,datasets\raw\Rice\Leaf scald\Leaf_scald (24).jpg,datasets\raw\Rice\Leaf scald\Leaf_scald (25).jpg,Rice,Rice,other,other,HIGH
0,datasets\raw\Rice\Leaf scald\Leaf_scald (27).jpg,datasets\raw\Rice\Leaf scald\Leaf_scald (31).jpg,Rice,Rice,other,other,HIGH
0,datasets\raw\Rice\Leaf scald\Leaf_scald (27).jpg,datasets\raw\Rice\Leaf scald\Leaf_scald (32).jpg,Rice,Rice,other,other,HIGH
0,datasets\raw\Rice\Leaf scald\Leaf_scald (31).jpg,datasets\raw\Rice\Leaf scald\Leaf_scald (32).jpg,Rice,Rice,other,other,HIGH
0,datasets\raw\Rice\Sheath Blight\IMG_20231006_163217 - Copy.jpg,datasets\raw\Rice\Sheath Blight\IMG_20231006_163217.jpg,Rice,Rice,other,other,HIGH
0,datasets\raw\Rice\Sheath Blight\IMG_20231006_163218 - Copy.jpg,datasets\raw\Rice\Sheath Blight\IMG_20231006_163218.jpg,Rice,Rice,other,other,HIGH
0,datasets\raw\Rice\Sheath Blight\IMG_20231006_163221 - Copy.jpg,datasets\raw\Rice\Sheath Blight\IMG_20231006_163221.jpg,Rice,Rice,other,other,HIGH
0,datasets\raw\Rice\Sheath Blight\IMG_20231014_172039 - Copy.jpg,datasets\raw\Rice\Sheath Blight\IMG_20231014_172039.jpg,Rice,Rice,other,other,HIGH
0,datasets\raw\Rice\Sheath Blight\IMG_20231018_144301_1.jpg,datasets\raw\Rice\Sheath Blight\IMG_20231018_144301_2.jpg,Rice,Rice,other,other,HIGH
0,datasets\raw\Rice\Sheath Blight\Sheath_Blight (19).jpg,datasets\raw\Rice\Sheath Blight\Sheath_Blight (54).jpg,Rice,Rice,other,other,HIGH
0,datasets\raw\Rice\Sheath Blight\Sheath_Blight (91).jpg,datasets\raw\Rice\Sheath Blight\Sheath_Blight (92).jpg,Rice,Rice,other,other,HIGH
2,datasets\raw\Banana\AugmentedSet\cordana\133_aug.jpeg,datasets\raw\Banana\AugmentedSet\cordana\136_aug.jpeg,Banana,Banana,augmented,augmented,MEDIUM
2,datasets\raw\Banana\AugmentedSet\cordana\136_aug.jpeg,datasets\raw\Banana\OriginalSet\cordana\88.jpeg,Banana,Banana,augmented,original,MEDIUM
2,datasets\raw\Banana\AugmentedSet\cordana\309_aug.jpeg,datasets\raw\Banana\AugmentedSet\cordana\310_aug.jpeg,Banana,Banana,augmented,augmented,MEDIUM
2,datasets\raw\Banana\AugmentedSet\healthy\290_aug.jpeg,datasets\raw\Banana\AugmentedSet\healthy\293_aug.jpeg,Banana,Banana,augmented,augmented,MEDIUM
2,datasets\raw\Banana\AugmentedSet\pestalotiopsis\171_aug.jpeg,datasets\raw\Banana\OriginalSet\pestalotiopsis\30.jpeg,Banana,Banana,augmented,original,MEDIUM
2,datasets\raw\Banana\AugmentedSet\pestalotiopsis\175_aug.jpeg,datasets\raw\Banana\AugmentedSet\pestalotiopsis\176_aug.jpeg,Banana,Banana,augmented,augmented,MEDIUM
2,datasets\raw\Banana\AugmentedSet\pestalotiopsis\210_aug.jpeg,datasets\raw\Banana\OriginalSet\pestalotiopsis\43.jpeg,Banana,Banana,augmented,original,MEDIUM
2,datasets\raw\Banana\AugmentedSet\pestalotiopsis\21_aug.jpeg,datasets\raw\Banana\OriginalSet\pestalotiopsis\104.jpeg,Banana,Banana,augmented,original,MEDIUM
2,datasets\raw\Banana\AugmentedSet\pestalotiopsis\32_aug.jpeg,datasets\raw\Banana\AugmentedSet\pestalotiopsis\35_aug.jpeg,Banana,Banana,augmented,augmented,MEDIUM
2,datasets\raw\Banana\AugmentedSet\pestalotiopsis\38_aug.jpeg,datasets\raw\Banana\OriginalSet\pestalotiopsis\110.jpeg,Banana,Banana,augmented,original,MEDIUM
2,datasets\raw\Banana\AugmentedSet\pestalotiopsis\95_aug.jpeg,datasets\raw\Banana\OriginalSet\pestalotiopsis\129.jpeg,Banana,Banana,augmented,original,MEDIUM
2,datasets\raw\Banana\AugmentedSet\sigatoka\202_aug.jpeg,datasets\raw\Banana\OriginalSet\sigatoka\296.jpeg,Banana,Banana,augmented,original,MEDIUM
2,datasets\raw\Banana\AugmentedSet\sigatoka\214_aug.jpeg,datasets\raw\Banana\OriginalSet\sigatoka\306.jpeg,Banana,Banana,augmented,original,MEDIUM
2,datasets\raw\Banana\OriginalSet\cordana\144.jpeg,datasets\raw\Banana\OriginalSet\cordana\148.jpeg,Banana,Banana,original,original,MEDIUM
2,datasets\raw\Banana\OriginalSet\sigatoka\346.jpeg,datasets\raw\Banana\OriginalSet\sigatoka\347.jpeg,Banana,Banana,original,original,MEDIUM
2,datasets\raw\Cotton\bacterial_blight\bact10.jpg,datasets\raw\Cotton\bacterial_blight\bact9.jpg,Cotton,Cotton,other,other,MEDIUM
2,datasets\raw\Cotton\bacterial_blight\bact102.jpg,datasets\raw\Cotton\bacterial_blight\bact287.jpg,Cotton,Cotton,other,other,MEDIUM
2,datasets\raw\Cotton\bacterial_blight\bact104.jpg,datasets\raw\Cotton\bacterial_blight\bact289.jpg,Cotton,Cotton,other,other,MEDIUM
2,datasets\raw\Cotton\bacterial_blight\bact112.jpg,datasets\raw\Cotton\bacterial_blight\bact116.jpg,Cotton,Cotton,other,other,MEDIUM
2,datasets\raw\Cotton\bacterial_blight\bact113.jpg,datasets\raw\Cotton\bacterial_blight\bact117.jpg,Cotton,Cotton,other,other,MEDIUM
2,datasets\raw\Cotton\bacterial_blight\bact12.jpg,datasets\raw\Cotton\bacterial_blight\bact7.jpg,Cotton,Cotton,other,other,MEDIUM
2,datasets\raw\Cotton\bacterial_blight\bact156.jpg,datasets\raw\Cotton\bacterial_blight\bact2.jpg,Cotton,Cotton,other,other,MEDIUM
2,datasets\raw\Cotton\bacterial_blight\bact159.jpg,datasets\raw\Cotton\bacterial_blight\bact163.jpg,Cotton,Cotton,other,other,MEDIUM
2,datasets\raw\Cotton\bacterial_blight\bact189.png,datasets\raw\Cotton\bacterial_blight\bact193.png,Cotton,Cotton,other,other,MEDIUM
2,datasets\raw\Cotton\bacterial_blight\bact189.png,datasets\raw\Cotton\bacterial_blight\bact262.png,Cotton,Cotton,other,other,MEDIUM
2,datasets\raw\Cotton\bacterial_blight\bact193.png,datasets\raw\Cotton\bacterial_blight\bact258.png,Cotton,Cotton,other,other,MEDIUM
2,datasets\raw\Cotton\bacterial_blight\bact258.png,datasets\raw\Cotton\bacterial_blight\bact262.png,Cotton,Cotton,other,other,MEDIUM
2,datasets\raw\Cotton\bacterial_blight\bact194.jpg,datasets\raw\Cotton\bacterial_blight\bact198.jpg,Cotton,Cotton,other,other,MEDIUM
2,datasets\raw\Cotton\bacterial_blight\bact195.jpg,datasets\raw\Cotton\bacterial_blight\bact199.jpg,Cotton,Cotton,other,other,MEDIUM
2,datasets\raw\Cotton\bacterial_blight\bact202.png,datasets\raw\Cotton\bacterial_blight\bact206.png,Cotton,Cotton,other,other,MEDIUM
2,datasets\raw\Cotton\bacterial_blight\bact204.png,datasets\raw\Cotton\bacterial_blight\bact208.png,Cotton,Cotton,other,other,MEDIUM
2,datasets\raw\Cotton\bacterial_blight\bact218.jpg,datasets\raw\Cotton\bacterial_blight\bact222.jpg,Cotton,Cotton,other,other,MEDIUM
2,datasets\raw\Cotton\bacterial_blight\bact233.jpg,datasets\raw\Cotton\bacterial_blight\P1010086jpg - Copy.jpg,Cotton,Cotton,other,other,MEDIUM
2,datasets\raw\Cotton\bacterial_blight\bact233.jpg,datasets\raw\Cotton\bacterial_blight\P1010086jpg.jpg,Cotton,Cotton,other,other,MEDIUM
2,datasets\raw\Cotton\bacterial_blight\bact264.jpg,datasets\raw\Cotton\bacterial_blight\bact268.jpg,Cotton,Cotton,other,other,MEDIUM
2,datasets\raw\Cotton\bacterial_blight\bact265.jpg,datasets\raw\Cotton\bacterial_blight\bact269.jpg,Cotton,Cotton,other,other,MEDIUM
2,datasets\raw\Cotton\bacterial_blight\bact300.jpg,datasets\raw\Cotton\bacterial_blight\bact305.jpg,Cotton,Cotton,other,other,MEDIUM
2,datasets\raw\Cotton\bacterial_blight\bact308.jpg,datasets\raw\Cotton\bacterial_blight\bact313.jpg,Cotton,Cotton,other,other,MEDIUM
2,datasets\raw\Cotton\bacterial_blight\bact323.jpg,datasets\raw\Cotton\bacterial_blight\bact328.jpg,Cotton,Cotton,other,other,MEDIUM
2,datasets\raw\Cotton\bacterial_blight\bact332.jpg,datasets\raw\Cotton\bacterial_blight\bact336.jpg,Cotton,Cotton,other,other,MEDIUM
2,datasets\raw\Cotton\bacterial_blight\bact357.jpg,datasets\raw\Cotton\bacterial_blight\bact361.jpg,Cotton,Cotton,other,other,MEDIUM
2,datasets\raw\Cotton\bacterial_blight\bact363.jpg,datasets\raw\Cotton\bacterial_blight\bact367.jpg,Cotton,Cotton,other,other,MEDIUM
2,datasets\raw\Cotton\bacterial_blight\bact364.jpg,datasets\raw\Cotton\bacterial_blight\bact368.jpg,Cotton,Cotton,other,other,MEDIUM
2,datasets\raw\Cotton\bacterial_blight\bact38.jpg,datasets\raw\Cotton\bacterial_blight\bact42.jpg,Cotton,Cotton,other,other,MEDIUM
2,datasets\raw\Cotton\bacterial_blight\bact380.png,datasets\raw\Cotton\bacterial_blight\bact384.png,Cotton,Cotton,other,other,MEDIUM
2,datasets\raw\Cotton\bacterial_blight\bact385.jpg,datasets\raw\Cotton\bacterial_blight\bact389.jpg,Cotton,Cotton,other,other,MEDIUM
2,datasets\raw\Cotton\bacterial_blight\bact387.jpg,datasets\raw\Cotton\bacterial_blight\bact391.jpg,Cotton,Cotton,other,other,MEDIUM
2,datasets\raw\Cotton\bacterial_blight\bact40.jpg,datasets\raw\Cotton\bacterial_blight\bact44.jpg,Cotton,Cotton,other,other,MEDIUM
2,datasets\raw\Cotton\bacterial_blight\bact405.jpg,datasets\raw\Cotton\bacterial_blight\bact409.jpg,Cotton,Cotton,other,other,MEDIUM
2,datasets\raw\Cotton\bacterial_blight\bact421.jpg,datasets\raw\Cotton\bacterial_blight\bact425.jpg,Cotton,Cotton,other,other,MEDIUM
2,datasets\raw\Cotton\bacterial_blight\bact423.jpg,datasets\raw\Cotton\bacterial_blight\bact427.jpg,Cotton,Cotton,other,other,MEDIUM
2,datasets\raw\Cotton\bacterial_blight\bact71.jpg,datasets\raw\Cotton\bacterial_blight\bact76.jpg,Cotton,Cotton,other,other,MEDIUM
2,datasets\raw\Cotton\bacterial_blight\bact88.jpg,datasets\raw\Cotton\bacterial_blight\bact92.jpg,Cotton,Cotton,other,other,MEDIUM
2,datasets\raw\Cotton\bacterial_blight\bact89.jpg,datasets\raw\Cotton\bacterial_blight\bact93.jpg,Cotton,Cotton,other,other,MEDIUM
2,datasets\raw\Cotton\curl_virus\cotton-leaf-curl-virus-cotton-1595427323.jpg,datasets\raw\Cotton\curl_virus\curl331.jpg,Cotton,Cotton,other,other,MEDIUM
2,datasets\raw\Cotton\curl_virus\cotton-leaf-curl-virus-cotton-1595427323.jpg,datasets\raw\Cotton\curl_virus\curl391.jpg,Cotton,Cotton,other,other,MEDIUM
2,datasets\raw\Cotton\curl_virus\curl327.jpg,datasets\raw\Cotton\curl_virus\curl331.jpg,Cotton,Cotton,other,other,MEDIUM
2,datasets\raw\Cotton\curl_virus\curl327.jpg,datasets\raw\Cotton\curl_virus\curl391.jpg,Cotton,Cotton,other,other,MEDIUM
2,datasets\raw\Cotton\curl_virus\curl331.jpg,datasets\raw\Cotton\curl_virus\curl387.jpg,Cotton,Cotton,other,other,MEDIUM
2,datasets\raw\Cotton\curl_virus\curl387.jpg,datasets\raw\Cotton\curl_virus\curl391.jpg,Cotton,Cotton,other,other,MEDIUM
2,datasets\raw\Cotton\curl_virus\curl01.jpg,datasets\raw\Cotton\curl_virus\curl351.jpg,Cotton,Cotton,other,other,MEDIUM
2,datasets\raw\Cotton\curl_virus\curl109.jpg,datasets\raw\Cotton\curl_virus\curl114.jpg,Cotton,Cotton,other,other,MEDIUM
2,datasets\raw\Cotton\curl_virus\curl109.jpg,datasets\raw\Cotton\curl_virus\curl118.jpg,Cotton,Cotton,other,other,MEDIUM
2,datasets\raw\Cotton\curl_virus\curl15.jpg,datasets\raw\Cotton\curl_virus\curl241.jpg,Cotton,Cotton,other,other,MEDIUM
2,datasets\raw\Cotton\curl_virus\curl155.jpg,datasets\raw\Cotton\curl_virus\curl160.jpg,Cotton,Cotton,other,other,MEDIUM
2,datasets\raw\Cotton\curl_virus\curl160.jpg,datasets\raw\Cotton\curl_virus\curl214.jpg,Cotton,Cotton,other,other,MEDIUM
2,datasets\raw\Cotton\curl_virus\curl17.jpg,datasets\raw\Cotton\curl_virus\curl271.jpg,Cotton,Cotton,other,other,MEDIUM
2,datasets\raw\Cotton\curl_virus\curl267.jpg,datasets\raw\Cotton\curl_virus\curl271.jpg,Cotton,Cotton,other,other,MEDIUM
2,datasets\raw\Cotton\curl_virus\curl170.jpg,datasets\raw\Cotton\curl_virus\curl173.jpg,Cotton,Cotton,other,other,MEDIUM
2,datasets\raw\Cotton\curl_virus\curl171.jpg,datasets\raw\Cotton\curl_virus\curl172.jpg,Cotton,Cotton,other,other,MEDIUM
2,datasets\raw\Cotton\curl_virus\Curl176.png,datasets\raw\Cotton\curl_virus\Curl181.png,Cotton,Cotton,other,other,MEDIUM
2,datasets\raw\Cotton\curl_virus\curl217.jpg,datasets\raw\Cotton\curl_virus\curl221.jpg,Cotton,Cotton,other,other,MEDIUM
2,datasets\raw\Cotton\curl_virus\curl259.png,datasets\raw\Cotton\curl_virus\curl324.jpg,Cotton,Cotton,other,other,MEDIUM
2,datasets\raw\Cotton\curl_virus\curl285.jpg,datasets\raw\Cotton\curl_virus\curl289.jpg,Cotton,Cotton,other,other,MEDIUM
2,datasets\raw\Cotton\curl_virus\curl315.jpg,datasets\raw\Cotton\curl_virus\curl319.jpg,Cotton,Cotton,other,other,MEDIUM
2,datasets\raw\Cotton\curl_virus\curl62.png,datasets\raw\Cotton\curl_virus\curl72.png,Cotton,Cotton,other,other,MEDIUM
2,datasets\raw\Cotton\curl_virus\curl67.png,datasets\raw\Cotton\curl_virus\curl70.png,Cotton,Cotton,other,other,MEDIUM
2,datasets\raw\Cotton\curl_virus\curl80.jpg,datasets\raw\Cotton\curl_virus\curl86.jpg,Cotton,Cotton,other,other,MEDIUM
2,datasets\raw\Cotton\curl_virus\curl85.jpg,datasets\raw\Cotton\curl_virus\curl86.jpg,Cotton,Cotton,other,other,MEDIUM
2,datasets\raw\Cotton\curl_virus\curl83.jpg,datasets\raw\Cotton\curl_virus\curl88.jpg,Cotton,Cotton,other,other,MEDIUM
2,datasets\raw\Cotton\curl_virus\curl88.jpg,datasets\raw\Cotton\curl_virus\curl89.jpg,Cotton,Cotton,other,other,MEDIUM
2,datasets\raw\Cotton\fussarium_wilt\done12.jpg,datasets\raw\Cotton\fussarium_wilt\fus124.jpg,Cotton,Cotton,other,other,MEDIUM
2,datasets\raw\Cotton\fussarium_wilt\fus120.jpg,datasets\raw\Cotton\fussarium_wilt\fus124.jpg,Cotton,Cotton,other,other,MEDIUM
2,datasets\raw\Cotton\fussarium_wilt\fus124.jpg,datasets\raw\Cotton\fussarium_wilt\fus_oxy_plant.jpg,Cotton,Cotton,other,other,MEDIUM
2,datasets\raw\Cotton\fussarium_wilt\done18.jpg,datasets\raw\Cotton\fussarium_wilt\fus171.jpg,Cotton,Cotton,other,other,MEDIUM
2,datasets\raw\Cotton\fussarium_wilt\fus167.jpg,datasets\raw\Cotton\fussarium_wilt\fus171.jpg,Cotton,Cotton,other,other,MEDIUM
2,datasets\raw\Cotton\fussarium_wilt\done8 (2).jpg,datasets\raw\Cotton\fussarium_wilt\fus68.jpg,Cotton,Cotton,other,other,MEDIUM
2,datasets\raw\Cotton\fussarium_wilt\fus64.jpg,datasets\raw\Cotton\fussarium_wilt\fus68.jpg,Cotton,Cotton,other,other,MEDIUM
2,datasets\raw\Cotton\fussarium_wilt\fus102.jpg,datasets\raw\Cotton\fussarium_wilt\fus106.jpg,Cotton,Cotton,other,other,MEDIUM
2,datasets\raw\Cotton\fussarium_wilt\fus169.jpg,datasets\raw\Cotton\fussarium_wilt\fus173.jpg,Cotton,Cotton,other,other,MEDIUM
2,datasets\raw\Cotton\fussarium_wilt\fus170.jpg,datasets\raw\Cotton\fussarium_wilt\fus174.jpg,Cotton,Cotton,other,other,MEDIUM
2,datasets\raw\Cotton\fussarium_wilt\fus236.jpg,datasets\raw\Cotton\fussarium_wilt\fus240.jpg,Cotton,Cotton,other,other,MEDIUM
2,datasets\raw\Cotton\fussarium_wilt\fus243.jpg,datasets\raw\Cotton\fussarium_wilt\fus247.jpg,Cotton,Cotton,other,other,MEDIUM
2,datasets\raw\Cotton\fussarium_wilt\fus244.jpg,datasets\raw\Cotton\fussarium_wilt\fus248.jpg,Cotton,Cotton,other,other,MEDIUM
2,datasets\raw\Cotton\fussarium_wilt\fus245.jpg,datasets\raw\Cotton\fussarium_wilt\fus249.jpg,Cotton,Cotton,other,other,MEDIUM
2,datasets\raw\Cotton\fussarium_wilt\fus264.jpg,datasets\raw\Cotton\fussarium_wilt\fus268.jpg,Cotton,Cotton,other,other,MEDIUM
2,datasets\raw\Cotton\fussarium_wilt\fus265.jpg,datasets\raw\Cotton\fussarium_wilt\fus269.jpg,Cotton,Cotton,other,other,MEDIUM
2,datasets\raw\Cotton\fussarium_wilt\fus266.jpg,datasets\raw\Cotton\fussarium_wilt\fus270.jpg,Cotton,Cotton,other,other,MEDIUM
2,datasets\raw\Cotton\fussarium_wilt\fus273.jpg,datasets\raw\Cotton\fussarium_wilt\fus277.jpg,Cotton,Cotton,other,other,MEDIUM
2,datasets\raw\Cotton\fussarium_wilt\fus28.jpg,datasets\raw\Cotton\fussarium_wilt\fus32.jpg,Cotton,Cotton,other,other,MEDIUM
2,datasets\raw\Cotton\fussarium_wilt\fus287.jpg,datasets\raw\Cotton\fussarium_wilt\fus291.jpg,Cotton,Cotton,other,other,MEDIUM
2,datasets\raw\Cotton\fussarium_wilt\fus34.jpg,datasets\raw\Cotton\fussarium_wilt\fus38.jpg,Cotton,Cotton,other,other,MEDIUM
2,datasets\raw\Cotton\fussarium_wilt\fus350.jpg,datasets\raw\Cotton\fussarium_wilt\fus354.jpg,Cotton,Cotton,other,other,MEDIUM
2,datasets\raw\Cotton\fussarium_wilt\fus36.jpg,datasets\raw\Cotton\fussarium_wilt\fus40.jpg,Cotton,Cotton,other,other,MEDIUM
2,datasets\raw\Cotton\fussarium_wilt\fus361.jpg,datasets\raw\Cotton\fussarium_wilt\fus365.jpg,Cotton,Cotton,other,other,MEDIUM
2,datasets\raw\Cotton\fussarium_wilt\fus42.jpg,datasets\raw\Cotton\fussarium_wilt\fus46.jpg,Cotton,Cotton,other,other,MEDIUM
2,datasets\raw\Cotton\fussarium_wilt\fus58.jpg,datasets\raw\Cotton\fussarium_wilt\fus62.jpg,Cotton,Cotton,other,other,MEDIUM
2,datasets\raw\Cotton\healthy\h178.jpg,datasets\raw\Cotton\healthy\h199.jpg,Cotton,Cotton,other,other,MEDIUM
2,datasets\raw\Cotton\healthy\h178.jpg,datasets\raw\Cotton\healthy\h200.jpg,Cotton,Cotton,other,other,MEDIUM
2,datasets\raw\Cotton\healthy\h178.jpg,datasets\raw\Cotton\healthy\h201.jpg,Cotton,Cotton,other,other,MEDIUM
2,datasets\raw\Cotton\healthy\h178.jpg,datasets\raw\Cotton\healthy\h202.jpg,Cotton,Cotton,other,other,MEDIUM
2,datasets\raw\Cotton\healthy\h178.jpg,datasets\raw\Cotton\healthy\h205.jpg,Cotton,Cotton,other,other,MEDIUM
2,datasets\raw\Cotton\healthy\h196.jpg,datasets\raw\Cotton\healthy\h199.jpg,Cotton,Cotton,other,other,MEDIUM
2,datasets\raw\Cotton\healthy\h196.jpg,datasets\raw\Cotton\healthy\h200.jpg,Cotton,Cotton,other,other,MEDIUM
2,datasets\raw\Cotton\healthy\h196.jpg,datasets\raw\Cotton\healthy\h201.jpg,Cotton,Cotton,other,other,MEDIUM
2,datasets\raw\Cotton\healthy\h196.jpg,datasets\raw\Cotton\healthy\h202.jpg,Cotton,Cotton,other,other,MEDIUM
2,datasets\raw\Cotton\healthy\h196.jpg,datasets\raw\Cotton\healthy\h205.jpg,Cotton,Cotton,other,other,MEDIUM
2,datasets\raw\Cotton\healthy\h197.jpg,datasets\raw\Cotton\healthy\h199.jpg,Cotton,Cotton,other,other,MEDIUM
2,datasets\raw\Cotton\healthy\h197.jpg,datasets\raw\Cotton\healthy\h200.jpg,Cotton,Cotton,other,other,MEDIUM
2,datasets\raw\Cotton\healthy\h197.jpg,datasets\raw\Cotton\healthy\h201.jpg,Cotton,Cotton,other,other,MEDIUM
2,datasets\raw\Cotton\healthy\h197.jpg,datasets\raw\Cotton\healthy\h202.jpg,Cotton,Cotton,other,other,MEDIUM
2,datasets\raw\Cotton\healthy\h197.jpg,datasets\raw\Cotton\healthy\h205.jpg,Cotton,Cotton,other,other,MEDIUM
2,datasets\raw\Cotton\healthy\h198.jpg,datasets\raw\Cotton\healthy\h199.jpg,Cotton,Cotton,other,other,MEDIUM
2,datasets\raw\Cotton\healthy\h198.jpg,datasets\raw\Cotton\healthy\h200.jpg,Cotton,Cotton,other,other,MEDIUM
2,datasets\raw\Cotton\healthy\h198.jpg,datasets\raw\Cotton\healthy\h201.jpg,Cotton,Cotton,other,other,MEDIUM
2,datasets\raw\Cotton\healthy\h198.jpg,datasets\raw\Cotton\healthy\h202.jpg,Cotton,Cotton,other,other,MEDIUM
2,datasets\raw\Cotton\healthy\h198.jpg,datasets\raw\Cotton\healthy\h205.jpg,Cotton,Cotton,other,other,MEDIUM
2,datasets\raw\Cotton\healthy\h214.png,datasets\raw\Cotton\healthy\h219.png,Cotton,Cotton,other,other,MEDIUM
2,datasets\raw\Cotton\healthy\h214.png,datasets\raw\Cotton\healthy\h220.png,Cotton,Cotton,other,other,MEDIUM
2,datasets\raw\Cotton\healthy\h216.png,datasets\raw\Cotton\healthy\h217.png,Cotton,Cotton,other,other,MEDIUM
2,datasets\raw\Cotton\healthy\h84.jpg,datasets\raw\Cotton\healthy\h88.jpg,Cotton,Cotton,other,other,MEDIUM
2,datasets\raw\Cotton\healthy\h84.jpg,datasets\raw\Cotton\healthy\h89.jpg,Cotton,Cotton,other,other,MEDIUM
2,datasets\raw\Cotton\healthy\h84.jpg,datasets\raw\Cotton\healthy\h90.jpg,Cotton,Cotton,other,other,MEDIUM
2,datasets\raw\Cotton\healthy\h84.jpg,datasets\raw\Cotton\healthy\h91.jpg,Cotton,Cotton,other,other,MEDIUM
2,datasets\raw\Cotton\healthy\h84.jpg,datasets\raw\Cotton\healthy\h95.jpg,Cotton,Cotton,other,other,MEDIUM
2,datasets\raw\Cotton\healthy\h86.jpg,datasets\raw\Cotton\healthy\h88.jpg,Cotton,Cotton,other,other,MEDIUM
2,datasets\raw\Cotton\healthy\h86.jpg,datasets\raw\Cotton\healthy\h89.jpg,Cotton,Cotton,other,other,MEDIUM
2,datasets\raw\Cotton\healthy\h86.jpg,datasets\raw\Cotton\healthy\h90.jpg,Cotton,Cotton,other,other,MEDIUM
2,datasets\raw\Cotton\healthy\h86.jpg,datasets\raw\Cotton\healthy\h91.jpg,Cotton,Cotton,other,other,MEDIUM
2,datasets\raw\Cotton\healthy\h86.jpg,datasets\raw\Cotton\healthy\h95.jpg,Cotton,Cotton,other,other,MEDIUM
2,datasets\raw\Cotton\healthy\h87.jpg,datasets\raw\Cotton\healthy\h88.jpg,Cotton,Cotton,other,other,MEDIUM
2,datasets\raw\Cotton\healthy\h87.jpg,datasets\raw\Cotton\healthy\h89.jpg,Cotton,Cotton,other,other,MEDIUM
2,datasets\raw\Cotton\healthy\h87.jpg,datasets\raw\Cotton\healthy\h90.jpg,Cotton,Cotton,other,other,MEDIUM
2,datasets\raw\Cotton\healthy\h87.jpg,datasets\raw\Cotton\healthy\h91.jpg,Cotton,Cotton,other,other,MEDIUM
2,datasets\raw\Cotton\healthy\h87.jpg,datasets\raw\Cotton\healthy\h95.jpg,Cotton,Cotton,other,other,MEDIUM
2,datasets\raw\Mango\Anthracnose\20211011_133200 (Custom).jpg,datasets\raw\Mango\Anthracnose\20211011_133201 (Custom).jpg,Mango,Mango,other,other,MEDIUM
2,datasets\raw\Mango\Anthracnose\20211011_170703 (Custom).jpg,datasets\raw\Mango\Anthracnose\20211011_170704 (Custom).jpg,Mango,Mango,other,other,MEDIUM
2,datasets\raw\Mango\Cutting Weevil\20211011_161244 (Custom) (Custom).jpg,datasets\raw\Mango\Cutting Weevil\20211011_161244 (Custom).jpg,Mango,Mango,other,other,MEDIUM
2,datasets\raw\Mango\Cutting Weevil\20211011_161828 (Custom) (Custom).jpg,datasets\raw\Mango\Cutting Weevil\20211011_161828 (Custom).jpg,Mango,Mango,other,other,MEDIUM
2,datasets\raw\Mango\Cutting Weevil\20211011_162121 (Custom) (Custom).jpg,datasets\raw\Mango\Cutting Weevil\20211011_162121 (Custom).jpg,Mango,Mango,other,other,MEDIUM
2,datasets\raw\Mango\Cutting Weevil\20211011_170533 (Custom) (Custom).jpg,datasets\raw\Mango\Cutting Weevil\20211011_170533 (Custom).jpg,Mango,Mango,other,other,MEDIUM
2,datasets\raw\Mango\Cutting Weevil\20211011_170533 (Custom) (Custom).jpg,datasets\raw\Mango\Cutting Weevil\20211011_170534 (Custom) (Custom).jpg,Mango,Mango,other,other,MEDIUM
2,datasets\raw\Mango\Cutting Weevil\20211011_170533 (Custom) (Custom).jpg,datasets\raw\Mango\Cutting Weevil\20211011_170534 (Custom).jpg,Mango,Mango,other,other,MEDIUM
2,datasets\raw\Mango\Cutting Weevil\20211011_170533 (Custom).jpg,datasets\raw\Mango\Cutting Weevil\20211011_170534 (Custom) (Custom).jpg,Mango,Mango,other,other,MEDIUM
2,datasets\raw\Mango\Cutting Weevil\20211011_170533 (Custom).jpg,datasets\raw\Mango\Cutting Weevil\20211011_170534 (Custom).jpg,Mango,Mango,other,other,MEDIUM
2,datasets\raw\Mango\Sooty Mould\IMG_20211211_154853 (Custom).jpg,datasets\raw\Mango\Sooty Mould\IMG_20211211_154853_1 (Custom).jpg,Mango,Mango,other,other,MEDIUM
2,datasets\raw\PlantDoc\train\Bell_pepper leaf spot\Bell_pepper leaf spot (58).jpg,datasets\raw\PlantDoc\train\Tomato Septoria leaf spot\Tomato Septoria leaf spot (113).jpg,PlantDoc,PlantDoc,plantdoc,plantdoc,MEDIUM
2,datasets\raw\PlantDoc\train\Potato leaf early blight\Potato leaf early blight (2).jpg,datasets\raw\PlantDoc\train\Tomato Early blight leaf\Tomato Early blight leaf (25).jpg,PlantDoc,PlantDoc,plantdoc,plantdoc,MEDIUM
2,datasets\raw\PlantDoc\train\Tomato leaf yellow virus\Tomato leaf yellow virus (43).jpg,datasets\raw\PlantDoc\train\Tomato leaf yellow virus\Tomato leaf yellow virus (62).jpg,PlantDoc,PlantDoc,plantdoc,plantdoc,MEDIUM
2,datasets\raw\PlantVillage\Pepper__bell___healthy\1b574484-60cd-4ae4-83ed-511a5ae07ea8___JR_HL 7849.JPG,datasets\raw\PlantVillage\Pepper__bell___healthy\565744a9-b6ab-46c2-bc42-f92731c6ff4c___JR_HL 7850.JPG,PlantVillage,PlantVillage,plantvillage,plantvillage,MEDIUM
2,datasets\raw\PlantVillage\Potato___Early_blight\5aee3e9f-0469-42e7-8ae7-56f7a1900fd5___RS_Early.B 9091.JPG,datasets\raw\PlantVillage\Potato___Early_blight\bc378ba0-533d-42db-a8b2-82decc73f4d5___RS_Early.B 9092.JPG,PlantVillage,PlantVillage,plantvillage,plantvillage,MEDIUM
2,datasets\raw\PlantVillage\Tomato_Spider_mites_Two_spotted_spider_mite\a75666ed-91d1-4f47-bcf2-554c8a5a3fd5___Com.G_SpM_FL 9551.JPG,datasets\raw\PlantVillage\Tomato_Spider_mites_Two_spotted_spider_mite\f7b7b4c8-1420-4ffe-ba64-97be026edeb4___Com.G_SpM_FL 8978.JPG,PlantVillage,PlantVillage,plantvillage,plantvillage,MEDIUM
2,datasets\raw\Rice\Brown Spot\20231006_165550.jpg,datasets\raw\Rice\Brown Spot\20231006_165551(0).jpg,Rice,Rice,other,other,MEDIUM
2,datasets\raw\Rice\Brown Spot\aug_0_5638.jpg,datasets\raw\Rice\Brown Spot\Brown_spot (172).jpg,Rice,Rice,other,other,MEDIUM
2,datasets\raw\Rice\Brown Spot\IMG_20231014_171715.jpg,datasets\raw\Rice\Brown Spot\IMG_20231014_171716.jpg,Rice,Rice,other,other,MEDIUM
2,datasets\raw\Rice\Healthy Rice Leaf\Healthy_rice_leaf (52).jpg,datasets\raw\Rice\Healthy Rice Leaf\Healthy_rice_leaf (53).jpg,Rice,Rice,other,other,MEDIUM
2,datasets\raw\Rice\Leaf Blast\aug_0_229.jpg,datasets\raw\Rice\Leaf Blast\aug_0_9047.jpg,Rice,Rice,other,other,MEDIUM
2,datasets\raw\Rice\Leaf Blast\IMG_20231018_143855 - Copy.jpg,datasets\raw\Rice\Leaf Blast\IMG_20231018_143856 - Copy.jpg,Rice,Rice,other,other,MEDIUM
2,datasets\raw\Rice\Leaf Blast\IMG_20231018_143855 - Copy.jpg,datasets\raw\Rice\Leaf Blast\IMG_20231018_143856.jpg,Rice,Rice,other,other,MEDIUM
2,datasets\raw\Rice\Leaf Blast\IMG_20231018_143855.jpg,datasets\raw\Rice\Leaf Blast\IMG_20231018_143856 - Copy.jpg,Rice,Rice,other,other,MEDIUM
2,datasets\raw\Rice\Leaf Blast\IMG_20231018_143855.jpg,datasets\raw\Rice\Leaf Blast\IMG_20231018_143856.jpg,Rice,Rice,other,other,MEDIUM
2,datasets\raw\Rice\Leaf scald\Leaf_scald (22).jpg,datasets\raw\Rice\Leaf scald\Leaf_scald (23).jpg,Rice,Rice,other,other,MEDIUM
2,datasets\raw\Rice\Leaf scald\Leaf_scald (22).jpg,datasets\raw\Rice\Leaf scald\Leaf_scald (29).jpg,Rice,Rice,other,other,MEDIUM
2,datasets\raw\Rice\Leaf scald\Leaf_scald (23).jpg,datasets\raw\Rice\Leaf scald\Leaf_scald (29).jpg,Rice,Rice,other,other,MEDIUM
2,datasets\raw\Rice\Leaf scald\Leaf_scald (24).jpg,datasets\raw\Rice\Leaf scald\Leaf_scald (26).jpg,Rice,Rice,other,other,MEDIUM
2,datasets\raw\Rice\Leaf scald\Leaf_scald (25).jpg,datasets\raw\Rice\Leaf scald\Leaf_scald (26).jpg,Rice,Rice,other,other,MEDIUM
2,datasets\raw\Rice\Leaf scald\Leaf_scald (26).jpg,datasets\raw\Rice\Leaf scald\Leaf_scald (28).jpg,Rice,Rice,other,other,MEDIUM
2,datasets\raw\Rice\Leaf scald\Leaf_scald (26).jpg,datasets\raw\Rice\Leaf scald\Leaf_scald (30).jpg,Rice,Rice,other,other,MEDIUM
2,datasets\raw\Rice\Leaf scald\Leaf_scald (28).jpg,datasets\raw\Rice\Leaf scald\Leaf_scald (30).jpg,Rice,Rice,other,other,MEDIUM
2,datasets\raw\Rice\Sheath Blight\Sheath_Blight (46).jpg,datasets\raw\Rice\Sheath Blight\Sheath_Blight (47).jpg,Rice,Rice,other,other,MEDIUM
4,datasets\raw\Banana\AugmentedSet\pestalotiopsis\351_aug.jpeg,datasets\raw\Banana\OriginalSet\pestalotiopsis\8.jpeg,Banana,Banana,augmented,original,LOW
4,datasets\raw\Cotton\bacterial_blight\bact120.jpg,datasets\raw\Cotton\bacterial_blight\bact131.jpg,Cotton,Cotton,other,other,LOW
4,datasets\raw\Cotton\bacterial_blight\bact133.png,datasets\raw\Cotton\bacterial_blight\bact138.png,Cotton,Cotton,other,other,LOW
4,datasets\raw\Cotton\bacterial_blight\bact135.png,datasets\raw\Cotton\bacterial_blight\bact140.png,Cotton,Cotton,other,other,LOW
4,datasets\raw\Cotton\bacterial_blight\bact398.png,datasets\raw\Cotton\bacterial_blight\bact402.png,Cotton,Cotton,other,other,LOW
4,datasets\raw\Cotton\bacterial_blight\bact441.jpg,datasets\raw\Cotton\bacterial_blight\bact447 - Copy.jpg,Cotton,Cotton,other,other,LOW
4,datasets\raw\Cotton\bacterial_blight\bact441.jpg,datasets\raw\Cotton\bacterial_blight\bact447.jpg,Cotton,Cotton,other,other,LOW
4,datasets\raw\Cotton\bacterial_blight\bact69.jpg,datasets\raw\Cotton\bacterial_blight\bact74.jpg,Cotton,Cotton,other,other,LOW
4,datasets\raw\Cotton\curl_virus\curl103.jpg,datasets\raw\Cotton\curl_virus\curl107.jpg,Cotton,Cotton,other,other,LOW
4,datasets\raw\Cotton\curl_virus\curl105.jpg,datasets\raw\Cotton\curl_virus\curl107.jpg,Cotton,Cotton,other,other,LOW
4,datasets\raw\Cotton\fussarium_wilt\fus368.jpg,datasets\raw\Cotton\fussarium_wilt\fus372.jpg,Cotton,Cotton,other,other,LOW
4,datasets\raw\Mango\Anthracnose\20211011_170717 (Custom).jpg,datasets\raw\Mango\Anthracnose\20211011_170718 (Custom).jpg,Mango,Mango,other,other,LOW
4,datasets\raw\Mango\Anthracnose\20211011_170717 - Copy - Copy - Copy (Custom).jpg,datasets\raw\Mango\Anthracnose\20211011_170718 (Custom).jpg,Mango,Mango,other,other,LOW
4,datasets\raw\Mango\Cutting Weevil\20211011_161559 (Custom) (Custom).jpg,datasets\raw\Mango\Cutting Weevil\20211011_161600 (Custom) (Custom).jpg,Mango,Mango,other,other,LOW
4,datasets\raw\Mango\Cutting Weevil\20211011_161559 (Custom) (Custom).jpg,datasets\raw\Mango\Cutting Weevil\20211011_161600 (Custom).jpg,Mango,Mango,other,other,LOW
4,datasets\raw\Mango\Powdery Mildew\IMG_20211107_125813 (Custom).jpg,datasets\raw\Mango\Powdery Mildew\IMG_20211107_125839 (Custom).jpg,Mango,Mango,other,other,LOW
4,datasets\raw\Mango\Powdery Mildew\IMG_20211107_125839 (Custom).jpg,datasets\raw\Mango\Powdery Mildew\IMG_20211107_125842 (Custom).jpg,Mango,Mango,other,other,LOW
4,datasets\raw\PlantVillage\Pepper__bell___Bacterial_spot\21556c18-1833-43a9-86b2-8e7130b4dbce___JR_B.Spot 3230.JPG,datasets\raw\PlantVillage\Pepper__bell___Bacterial_spot\d0776882-b233-48b9-a7dc-a426ffc7cd0e___JR_B.Spot 3227.JPG,PlantVillage,PlantVillage,plantvillage,plantvillage,LOW
4,datasets\raw\PlantVillage\Pepper__bell___healthy\8ba4d183-e33e-4333-b839-2626bd0f450b___JR_HL 8049.JPG,datasets\raw\PlantVillage\Tomato_Bacterial_spot\4f844956-b7ab-4a05-80cf-20ac61fa91c8___GCREC_Bact.Sp 3038.JPG,PlantVillage,PlantVillage,plantvillage,plantvillage,LOW
4,datasets\raw\PlantVillage\Tomato_Bacterial_spot\741e2f09-1b62-42c2-b218-6504d57c0f27___GCREC_Bact.Sp 3302.JPG,datasets\raw\PlantVillage\Tomato_Bacterial_spot\e2286f6d-1e30-4528-ab51-84c18a16b7e1___GCREC_Bact.Sp 3503.JPG,PlantVillage,PlantVillage,plantvillage,plantvillage,LOW
4,datasets\raw\PlantVillage\Tomato__Tomato_YellowLeaf__Curl_Virus\3661efa4-82dc-488c-bade-d11056803e75___UF.GRC_YLCV_Lab 01760.JPG,datasets\raw\PlantVillage\Tomato__Tomato_YellowLeaf__Curl_Virus\45f05974-1b81-455b-8264-539c45ca1f75___UF.GRC_YLCV_Lab 01761.JPG,PlantVillage,PlantVillage,plantvillage,plantvillage,LOW
4,datasets\raw\Rice\Bacterial Leaf Blight\IMG_20231014_173727.jpg,datasets\raw\Rice\Bacterial Leaf Blight\IMG_20231014_173727_1.jpg,Rice,Rice,other,other,LOW
4,datasets\raw\Rice\Healthy Rice Leaf\Healthy_rice_leaf (47).jpg,datasets\raw\Rice\Healthy Rice Leaf\Healthy_rice_leaf (48).jpg,Rice,Rice,other,other,LOW
4,datasets\raw\Rice\Leaf scald\aug_0_5285.jpg,datasets\raw\Rice\Leaf scald\aug_0_5829.jpg,Rice,Rice,other,other,LOW
4,datasets\raw\Rice\Leaf scald\Leaf_scald (24).jpg,datasets\raw\Rice\Leaf scald\Leaf_scald (28).jpg,Rice,Rice,other,other,LOW
4,datasets\raw\Rice\Leaf scald\Leaf_scald (24).jpg,datasets\raw\Rice\Leaf scald\Leaf_scald (30).jpg,Rice,Rice,other,other,LOW
4,datasets\raw\Rice\Leaf scald\Leaf_scald (25).jpg,datasets\raw\Rice\Leaf scald\Leaf_scald (28).jpg,Rice,Rice,other,other,LOW
4,datasets\raw\Rice\Leaf scald\Leaf_scald (25).jpg,datasets\raw\Rice\Leaf scald\Leaf_scald (30).jpg,Rice,Rice,other,other,LOW
4,datasets\raw\Rice\Sheath Blight\aug_0_657.jpg,datasets\raw\Rice\Sheath Blight\aug_0_8122.jpg,Rice,Rice,other,other,LOW
