distance,image_a,image_b,sha256_a,sha256_b,exact_duplicate,dataset_a,dataset_b,subset_a,subset_b,crop_a,crop_b
0,datasets\raw\Banana\AugmentedSet\cordana\110_aug.jpeg,datasets\raw\Banana\OriginalSet\cordana\65.jpeg,b424d399e2757b6b8c04ad1e49c14cccfbcfebf7081db999248bfa9b5582e6d4,eafe0c27c5c662ba9392320637dae72f6cda29cfb5201469a366c043429e1d96,NO,Banana,Banana,Augmented,Original,Banana,Banana
0,datasets\raw\Banana\AugmentedSet\cordana\119_aug.jpeg,datasets\raw\Banana\OriginalSet\cordana\10.jpeg,3bf9551d4103d95dfff0916241074149d757106f3f0fdc4b9db3277c1cbba2c7,b98cb3f0c0e78f88a6524ddbb39b39d070274de765ef195addcccafa346baca2,NO,Banana,Banana,Augmented,Original,Banana,Banana
0,datasets\raw\Banana\AugmentedSet\cordana\128_aug.jpeg,datasets\raw\Banana\AugmentedSet\cordana\129_aug.jpeg,927b16c788e4b5fc93726ecfaeb2124bf8877cdf82d63418701fcda7dce2e76b,927b16c788e4b5fc93726ecfaeb2124bf8877cdf82d63418701fcda7dce2e76b,YES,Banana,Banana,Augmented,Augmented,Banana,Banana
0,datasets\raw\Banana\AugmentedSet\cordana\133_aug.jpeg,datasets\raw\Banana\OriginalSet\cordana\88.jpeg,78e304e556d85521ebe9851e3e4cead3bd26726a25ca7b68a78344adc70dea01,cf6fae034b3f3332ad7123f8c11a1258acfce07d028ef3be3e92669f8d2026a7,NO,Banana,Banana,Augmented,Original,Banana,Banana
0,datasets\raw\Banana\AugmentedSet\cordana\169_aug.jpeg,datasets\raw\Banana\AugmentedSet\cordana\171_aug.jpeg,bf088a664a239d9fc01dff43f2caf2a1a1b76f04889518ceff080b4182134607,bf088a664a239d9fc01dff43f2caf2a1a1b76f04889518ceff080b4182134607,YES,Banana,Banana,Augmented,Augmented,Banana,Banana
0,datasets\raw\Banana\AugmentedSet\cordana\173_aug.jpeg,datasets\raw\Banana\OriginalSet\cordana\119.jpeg,25eafc25f069e271989652f5f3f928ef4000c3bfdd933be38e5c7286f51ef076,239987e173727ba81f1478441f7b82ac3c107eb4a93168fa302179bc3a71fca9,NO,Banana,Banana,Augmented,Original,Banana,Banana
0,datasets\raw\Banana\AugmentedSet\cordana\1_aug.jpeg,datasets\raw\Banana\OriginalSet\cordana\45.jpeg,8b1ee17c4fb9db3478a91e4ea8539f5f15a728cdba697ca4f7688c17c4d771ba,b5bb7a9669fbcce66fdb2a6cac3d7632cef353643d436942076201413859d7c9,NO,Banana,Banana,Augmented,Original,Banana,Banana
0,datasets\raw\Banana\AugmentedSet\cordana\20_aug.jpeg,datasets\raw\Banana\AugmentedSet\cordana\21_aug.jpeg,b10ffd7bac5cb7a3dbba3de6982596656ee46d12669e5cfa2f8d3ad7a6a88ac8,b10ffd7bac5cb7a3dbba3de6982596656ee46d12669e5cfa2f8d3ad7a6a88ac8,YES,Banana,Banana,Augmented,Augmented,Banana,Banana
0,datasets\raw\Banana\AugmentedSet\cordana\211_aug.jpeg,datasets\raw\Banana\OriginalSet\cordana\9.jpeg,4aaaa58c55b370d2dd12487b4be7c33a1345c16e4521267e9a987b81d5be407c,9e58d6406d5bb793e71fc2a97888a076a60cab1b2ff26c30d2ecb65f0bd2895c,NO,Banana,Banana,Augmented,Original,Banana,Banana
0,datasets\raw\Banana\AugmentedSet\cordana\224_aug.jpeg,datasets\raw\Banana\OriginalSet\cordana\30.jpeg,21970dab3fb582514d3640c32f75363f44db3269282bac7f5c4cb04a8afdaab7,6122b30c093c9468c3ce3792c36fb5d70955848dedf5da7992e701c9c4f7c9d3,NO,Banana,Banana,Augmented,Original,Banana,Banana
0,datasets\raw\Banana\AugmentedSet\cordana\226_aug.jpeg,datasets\raw\Banana\OriginalSet\cordana\110.jpeg,a5331203e668de9e468978ce86ce7cea86e6df372951fe8a029882f9e5b662ec,2daa655ae72f1244307fe47f1f9ed8cc3927277a88c458780f792502332fbacf,NO,Banana,Banana,Augmented,Original,Banana,Banana
0,datasets\raw\Banana\AugmentedSet\cordana\229_aug.jpeg,datasets\raw\Banana\OriginalSet\cordana\35.jpeg,1c4c7d997e8e9bcdf319ffb2fd8ad8c9e1094234857150d2ff390702190c5677,5eb7ddde80cae45f4b5158e2892afd4c30b27a0444951f59cb7a3f8aaa04d67b,NO,Banana,Banana,Augmented,Original,Banana,Banana
0,datasets\raw\Banana\AugmentedSet\cordana\271_aug.jpeg,datasets\raw\Banana\OriginalSet\cordana\31.jpeg,be65a960ef3a1023008b67135fd4311aed6d94fad77e4394015fea7c3172c607,f0dd095d4c640cef8887b531faf74afe83eab9c0b8b7fccdb67365afbda258ed,NO,Banana,Banana,Augmented,Original,Banana,Banana
0,datasets\raw\Banana\AugmentedSet\cordana\284_aug.jpeg,datasets\raw\Banana\OriginalSet\cordana\16.jpeg,32c1ad2500fc14c5b9296bd049b98792ee0f5be63998f8c8a752663401512a3f,85cb0625d841d1f069da16fd1b34dfa525d57c8f60c5fcfaa7404c55b792c92f,NO,Banana,Banana,Augmented,Original,Banana,Banana
0,datasets\raw\Banana\AugmentedSet\cordana\292_aug.jpeg,datasets\raw\Banana\AugmentedSet\cordana\293_aug.jpeg,8899d54996a59007b02de97192d6fb45abf483a2d2b1f287d7dd43d43f6d72e8,64087f6efe08e8b5bc3d89b265668998ffcfd1523f191ae84c5440bdb310e04d,NO,Banana,Banana,Augmented,Augmented,Banana,Banana
0,datasets\raw\Banana\AugmentedSet\cordana\323_aug.jpeg,datasets\raw\Banana\OriginalSet\cordana\12.jpeg,c4ceff37df192670baffa402689502a892658cda5f21c8635ac8dc166bfd7952,e9315785da4bdf25094d285d1033623586fa6541587cae61b12fb46bcb90328b,NO,Banana,Banana,Augmented,Original,Banana,Banana
0,datasets\raw\Banana\AugmentedSet\cordana\331_aug.jpeg,datasets\raw\Banana\OriginalSet\cordana\15.jpeg,943c19007ef352b12d1ada772e956d7fcbbc77e13d590756d602aa21b11c1f1e,12e6e0049a19e7d22f4656f51afcb1cb73e75a955165ef03de3cff6780acc51b,NO,Banana,Banana,Augmented,Original,Banana,Banana
0,datasets\raw\Banana\AugmentedSet\cordana\360_aug.jpeg,datasets\raw\Banana\OriginalSet\cordana\91.jpeg,5fb1000155d5923445d3bb0a9755fdb7719f2940b569ca26312baa773cd484c5,80e71d32486c1dcebb0d0db322f4bd9d1a95fca6051bdaaa99a2421272b7e791,NO,Banana,Banana,Augmented,Original,Banana,Banana
0,datasets\raw\Banana\AugmentedSet\cordana\366_aug.jpeg,datasets\raw\Banana\OriginalSet\cordana\4.jpeg,544f3d57fe9f2970192c9738cfa9c6a4e2c17af195b9f007580b55b0a18e2252,237c8c0ea3cb39c7bd3763776f3fde88422df5a0c421dc3cd6c1847008f6bcdf,NO,Banana,Banana,Augmented,Original,Banana,Banana
0,datasets\raw\Banana\AugmentedSet\cordana\376_aug.jpeg,datasets\raw\Banana\OriginalSet\cordana\83.jpeg,330f4adea95df24b63c01ae68548f1f41880f5b12eeb4fa74f5a1411c111b9fe,34e484735f8b69cdb38dd49f247aebd78a50a48281acde0256035870df3e693c,NO,Banana,Banana,Augmented,Original,Banana,Banana
0,datasets\raw\Banana\AugmentedSet\cordana\6_aug.jpeg,datasets\raw\Banana\AugmentedSet\cordana\8_aug.jpeg,4c7bd2583fbf63f1b8cc3aa0622bc76cd4e1c8929916307fc2325250bc40a909,4c7bd2583fbf63f1b8cc3aa0622bc76cd4e1c8929916307fc2325250bc40a909,YES,Banana,Banana,Augmented,Augmented,Banana,Banana
0,datasets\raw\Banana\AugmentedSet\cordana\6_aug.jpeg,datasets\raw\Banana\OriginalSet\cordana\1.jpeg,4c7bd2583fbf63f1b8cc3aa0622bc76cd4e1c8929916307fc2325250bc40a909,bc9fa1fc870eb66534567496b5d0ff93db9bc34e9741e13b6476180073f0ce02,NO,Banana,Banana,Augmented,Original,Banana,Banana
0,datasets\raw\Banana\AugmentedSet\cordana\8_aug.jpeg,datasets\raw\Banana\OriginalSet\cordana\1.jpeg,4c7bd2583fbf63f1b8cc3aa0622bc76cd4e1c8929916307fc2325250bc40a909,bc9fa1fc870eb66534567496b5d0ff93db9bc34e9741e13b6476180073f0ce02,NO,Banana,Banana,Augmented,Original,Banana,Banana
0,datasets\raw\Banana\AugmentedSet\cordana\83_aug.jpeg,datasets\raw\Banana\OriginalSet\cordana\90.jpeg,7c9b6a7d4a7121514b8510ca131552f6ce270091180106af2f4f9b340e31e1f0,1cfd68830f0e4db273e8a22b8f81e212b3733aa3fe63a0a896fe1a1c29ae8f71,NO,Banana,Banana,Augmented,Original,Banana,Banana
0,datasets\raw\Banana\AugmentedSet\cordana\95_aug.jpeg,datasets\raw\Banana\OriginalSet\cordana\107.jpeg,a0930d2e2daa34f48aec32683bd9b9d549589a37f3024a8597324f5eed7676ab,db4182299b28f0b11ae8b24f8b04209a1f722366dded3d6cf3ce480752ab9180,NO,Banana,Banana,Augmented,Original,Banana,Banana
0,datasets\raw\Banana\AugmentedSet\healthy\127_aug.jpeg,datasets\raw\Banana\OriginalSet\healthy\32.jpeg,842e28a4d0504eb4ee48b2f8834c16767afc1ea30892415198c0dc9d16596bee,67f8bea13f01cc204c6d3f236c9cbc46a0aec1058f50b219833650bb5557b593,NO,Banana,Banana,Augmented,Original,Banana,Banana
0,datasets\raw\Banana\AugmentedSet\healthy\127_aug.jpeg,datasets\raw\Banana\OriginalSet\healthy\38.jpeg,842e28a4d0504eb4ee48b2f8834c16767afc1ea30892415198c0dc9d16596bee,67f8bea13f01cc204c6d3f236c9cbc46a0aec1058f50b219833650bb5557b593,NO,Banana,Banana,Augmented,Original,Banana,Banana
0,datasets\raw\Banana\OriginalSet\healthy\32.jpeg,datasets\raw\Banana\OriginalSet\healthy\38.jpeg,67f8bea13f01cc204c6d3f236c9cbc46a0aec1058f50b219833650bb5557b593,67f8bea13f01cc204c6d3f236c9cbc46a0aec1058f50b219833650bb5557b593,YES,Banana,Banana,Original,Original,Banana,Banana
0,datasets\raw\Banana\AugmentedSet\healthy\130_aug.jpeg,datasets\raw\Banana\AugmentedSet\healthy\150_aug.jpeg,302559ca8832983a8fcd031dd49be002f31d1d42484f601ca9aaa7290950cea4,302559ca8832983a8fcd031dd49be002f31d1d42484f601ca9aaa7290950cea4,YES,Banana,Banana,Augmented,Augmented,Banana,Banana
0,datasets\raw\Banana\AugmentedSet\healthy\130_aug.jpeg,datasets\raw\Banana\AugmentedSet\healthy\151_aug.jpeg,302559ca8832983a8fcd031dd49be002f31d1d42484f601ca9aaa7290950cea4,302559ca8832983a8fcd031dd49be002f31d1d42484f601ca9aaa7290950cea4,YES,Banana,Banana,Augmented,Augmented,Banana,Banana
0,datasets\raw\Banana\AugmentedSet\healthy\130_aug.jpeg,datasets\raw\Banana\OriginalSet\healthy\33.jpeg,302559ca8832983a8fcd031dd49be002f31d1d42484f601ca9aaa7290950cea4,faef435772a1194e64d05d134c8d9b3a9e8fd4a3659acf7da2f420a05421e3cc,NO,Banana,Banana,Augmented,Original,Banana,Banana
0,datasets\raw\Banana\AugmentedSet\healthy\130_aug.jpeg,datasets\raw\Banana\OriginalSet\healthy\36.jpeg,302559ca8832983a8fcd031dd49be002f31d1d42484f601ca9aaa7290950cea4,faef435772a1194e64d05d134c8d9b3a9e8fd4a3659acf7da2f420a05421e3cc,NO,Banana,Banana,Augmented,Original,Banana,Banana
0,datasets\raw\Banana\AugmentedSet\healthy\150_aug.jpeg,datasets\raw\Banana\AugmentedSet\healthy\151_aug.jpeg,302559ca8832983a8fcd031dd49be002f31d1d42484f601ca9aaa7290950cea4,302559ca8832983a8fcd031dd49be002f31d1d42484f601ca9aaa7290950cea4,YES,Banana,Banana,Augmented,Augmented,Banana,Banana
0,datasets\raw\Banana\AugmentedSet\healthy\150_aug.jpeg,datasets\raw\Banana\OriginalSet\healthy\33.jpeg,302559ca8832983a8fcd031dd49be002f31d1d42484f601ca9aaa7290950cea4,faef435772a1194e64d05d134c8d9b3a9e8fd4a3659acf7da2f420a05421e3cc,NO,Banana,Banana,Augmented,Original,Banana,Banana
0,datasets\raw\Banana\AugmentedSet\healthy\150_aug.jpeg,datasets\raw\Banana\OriginalSet\healthy\36.jpeg,302559ca8832983a8fcd031dd49be002f31d1d42484f601ca9aaa7290950cea4,faef435772a1194e64d05d134c8d9b3a9e8fd4a3659acf7da2f420a05421e3cc,NO,Banana,Banana,Augmented,Original,Banana,Banana
0,datasets\raw\Banana\AugmentedSet\healthy\151_aug.jpeg,datasets\raw\Banana\OriginalSet\healthy\33.jpeg,302559ca8832983a8fcd031dd49be002f31d1d42484f601ca9aaa7290950cea4,faef435772a1194e64d05d134c8d9b3a9e8fd4a3659acf7da2f420a05421e3cc,NO,Banana,Banana,Augmented,Original,Banana,Banana
0,datasets\raw\Banana\AugmentedSet\healthy\151_aug.jpeg,datasets\raw\Banana\OriginalSet\healthy\36.jpeg,302559ca8832983a8fcd031dd49be002f31d1d42484f601ca9aaa7290950cea4,faef435772a1194e64d05d134c8d9b3a9e8fd4a3659acf7da2f420a05421e3cc,NO,Banana,Banana,Augmented,Original,Banana,Banana
0,datasets\raw\Banana\OriginalSet\healthy\33.jpeg,datasets\raw\Banana\OriginalSet\healthy\36.jpeg,faef435772a1194e64d05d134c8d9b3a9e8fd4a3659acf7da2f420a05421e3cc,faef435772a1194e64d05d134c8d9b3a9e8fd4a3659acf7da2f420a05421e3cc,YES,Banana,Banana,Original,Original,Banana,Banana
0,datasets\raw\Banana\AugmentedSet\healthy\136_aug.jpeg,datasets\raw\Banana\AugmentedSet\healthy\145_aug.jpeg,7e0633684d4b591e373e6329721a4afbb0ee15296d9994b8670acd0950b12f18,7e0633684d4b591e373e6329721a4afbb0ee15296d9994b8670acd0950b12f18,YES,Banana,Banana,Augmented,Augmented,Banana,Banana
0,datasets\raw\Banana\AugmentedSet\healthy\154_aug.jpeg,datasets\raw\Banana\OriginalSet\healthy\37.jpeg,8c4373fba1c716f7c0fbef08b6ecebf47eda6b652c33cdc4e781591e2e24c395,ee4e68fbef0b8d61a3bf16c3ed480253023ab613cf232a54e90871b98448b49b,NO,Banana,Banana,Augmented,Original,Banana,Banana
0,datasets\raw\Banana\AugmentedSet\healthy\181_aug.jpeg,datasets\raw\Banana\AugmentedSet\healthy\269_aug.jpeg,4e3f978451ddca40c9a0063cd57b95a2a0e8e91add92ec5f43b92f13e1d94bac,4e3f978451ddca40c9a0063cd57b95a2a0e8e91add92ec5f43b92f13e1d94bac,YES,Banana,Banana,Augmented,Augmented,Banana,Banana
0,datasets\raw\Banana\AugmentedSet\healthy\181_aug.jpeg,datasets\raw\Banana\OriginalSet\healthy\42.jpeg,4e3f978451ddca40c9a0063cd57b95a2a0e8e91add92ec5f43b92f13e1d94bac,e57d4d8abc42f9c1d343269cba742d10f0f809bffe56032c2800f97cd2d0cefb,NO,Banana,Banana,Augmented,Original,Banana,Banana
0,datasets\raw\Banana\AugmentedSet\healthy\181_aug.jpeg,datasets\raw\Banana\OriginalSet\healthy\6.jpeg,4e3f978451ddca40c9a0063cd57b95a2a0e8e91add92ec5f43b92f13e1d94bac,e57d4d8abc42f9c1d343269cba742d10f0f809bffe56032c2800f97cd2d0cefb,NO,Banana,Banana,Augmented,Original,Banana,Banana
0,datasets\raw\Banana\AugmentedSet\healthy\269_aug.jpeg,datasets\raw\Banana\OriginalSet\healthy\42.jpeg,4e3f978451ddca40c9a0063cd57b95a2a0e8e91add92ec5f43b92f13e1d94bac,e57d4d8abc42f9c1d343269cba742d10f0f809bffe56032c2800f97cd2d0cefb,NO,Banana,Banana,Augmented,Original,Banana,Banana
0,datasets\raw\Banana\AugmentedSet\healthy\269_aug.jpeg,datasets\raw\Banana\OriginalSet\healthy\6.jpeg,4e3f978451ddca40c9a0063cd57b95a2a0e8e91add92ec5f43b92f13e1d94bac,e57d4d8abc42f9c1d343269cba742d10f0f809bffe56032c2800f97cd2d0cefb,NO,Banana,Banana,Augmented,Original,Banana,Banana
0,datasets\raw\Banana\OriginalSet\healthy\42.jpeg,datasets\raw\Banana\OriginalSet\healthy\6.jpeg,e57d4d8abc42f9c1d343269cba742d10f0f809bffe56032c2800f97cd2d0cefb,e57d4d8abc42f9c1d343269cba742d10f0f809bffe56032c2800f97cd2d0cefb,YES,Banana,Banana,Original,Original,Banana,Banana
0,datasets\raw\Banana\AugmentedSet\healthy\190_aug.jpeg,datasets\raw\Banana\AugmentedSet\healthy\31_aug.jpeg,f18332daeea86763db988288daad0ae646d527f0879a214f576c783bdb5c9375,f18332daeea86763db988288daad0ae646d527f0879a214f576c783bdb5c9375,YES,Banana,Banana,Augmented,Augmented,Banana,Banana
0,datasets\raw\Banana\AugmentedSet\healthy\22_aug.jpeg,datasets\raw\Banana\OriginalSet\healthy\13.jpeg,143640ad561dde6e7b704ea35cf8b5493bb7eddcb84bd5abd1fd1c5589310ecc,ee78e221b8c7a9c4f0f69792feb3a242e84cf4aa91afc468b8d1b92bc0c25032,NO,Banana,Banana,Augmented,Original,Banana,Banana
0,datasets\raw\Banana\AugmentedSet\healthy\22_aug.jpeg,datasets\raw\Banana\OriginalSet\healthy\43.jpeg,143640ad561dde6e7b704ea35cf8b5493bb7eddcb84bd5abd1fd1c5589310ecc,ee78e221b8c7a9c4f0f69792feb3a242e84cf4aa91afc468b8d1b92bc0c25032,NO,Banana,Banana,Augmented,Original,Banana,Banana
0,datasets\raw\Banana\OriginalSet\healthy\13.jpeg,datasets\raw\Banana\OriginalSet\healthy\43.jpeg,ee78e221b8c7a9c4f0f69792feb3a242e84cf4aa91afc468b8d1b92bc0c25032,ee78e221b8c7a9c4f0f69792feb3a242e84cf4aa91afc468b8d1b92bc0c25032,YES,Banana,Banana,Original,Original,Banana,Banana
0,datasets\raw\Banana\AugmentedSet\healthy\233_aug.jpeg,datasets\raw\Banana\OriginalSet\healthy\53.jpeg,8aacb8b9655de7054f774e2ead750b62dd02c72d456385c92af8fa53b417be74,2e5a8f89069054608a6820edceb17473ec1412a1371cc6b9fcd2b5667b72463c,NO,Banana,Banana,Augmented,Original,Banana,Banana
0,datasets\raw\Banana\AugmentedSet\healthy\236_aug.jpeg,datasets\raw\Banana\AugmentedSet\healthy\77_aug.jpeg,89c6a24e87324f3a6fd0e6117f0ea12f705f780f3d679c2eaab013ec294656be,666d25c482fbe7fcffe46598ba96d522da18862d5de71e03abf405db4f24d9c8,NO,Banana,Banana,Augmented,Augmented,Banana,Banana
0,datasets\raw\Banana\AugmentedSet\healthy\236_aug.jpeg,datasets\raw\Banana\OriginalSet\healthy\23.jpeg,89c6a24e87324f3a6fd0e6117f0ea12f705f780f3d679c2eaab013ec294656be,595dd192268bd2efd44ce3acf71fbca5280747db20fcc41bcfc2b6cf3940c050,NO,Banana,Banana,Augmented,Original,Banana,Banana
0,datasets\raw\Banana\AugmentedSet\healthy\236_aug.jpeg,datasets\raw\Banana\OriginalSet\healthy\54.jpeg,89c6a24e87324f3a6fd0e6117f0ea12f705f780f3d679c2eaab013ec294656be,595dd192268bd2efd44ce3acf71fbca5280747db20fcc41bcfc2b6cf3940c050,NO,Banana,Banana,Augmented,Original,Banana,Banana
0,datasets\raw\Banana\AugmentedSet\healthy\77_aug.jpeg,datasets\raw\Banana\OriginalSet\healthy\23.jpeg,666d25c482fbe7fcffe46598ba96d522da18862d5de71e03abf405db4f24d9c8,595dd192268bd2efd44ce3acf71fbca5280747db20fcc41bcfc2b6cf3940c050,NO,Banana,Banana,Augmented,Original,Banana,Banana
0,datasets\raw\Banana\AugmentedSet\healthy\77_aug.jpeg,datasets\raw\Banana\OriginalSet\healthy\54.jpeg,666d25c482fbe7fcffe46598ba96d522da18862d5de71e03abf405db4f24d9c8,595dd192268bd2efd44ce3acf71fbca5280747db20fcc41bcfc2b6cf3940c050,NO,Banana,Banana,Augmented,Original,Banana,Banana
0,datasets\raw\Banana\OriginalSet\healthy\23.jpeg,datasets\raw\Banana\OriginalSet\healthy\54.jpeg,595dd192268bd2efd44ce3acf71fbca5280747db20fcc41bcfc2b6cf3940c050,595dd192268bd2efd44ce3acf71fbca5280747db20fcc41bcfc2b6cf3940c050,YES,Banana,Banana,Original,Original,Banana,Banana
0,datasets\raw\Banana\AugmentedSet\healthy\257_aug.jpeg,datasets\raw\Banana\AugmentedSet\healthy\258_aug.jpeg,e54a5a5e6a788c651a06dd289ff3339d6069cfe46249cc4db1cf7a984fdbadd0,e54a5a5e6a788c651a06dd289ff3339d6069cfe46249cc4db1cf7a984fdbadd0,YES,Banana,Banana,Augmented,Augmented,Banana,Banana
0,datasets\raw\Banana\AugmentedSet\healthy\257_aug.jpeg,datasets\raw\Banana\OriginalSet\healthy\19.jpeg,e54a5a5e6a788c651a06dd289ff3339d6069cfe46249cc4db1cf7a984fdbadd0,ce7f23c94c2c33c1561dcb504873b66d476032b7295bed67bae0fe75ff3dbebd,NO,Banana,Banana,Augmented,Original,Banana,Banana
0,datasets\raw\Banana\AugmentedSet\healthy\257_aug.jpeg,datasets\raw\Banana\OriginalSet\healthy\58.jpeg,e54a5a5e6a788c651a06dd289ff3339d6069cfe46249cc4db1cf7a984fdbadd0,ce7f23c94c2c33c1561dcb504873b66d476032b7295bed67bae0fe75ff3dbebd,NO,Banana,Banana,Augmented,Original,Banana,Banana
0,datasets\raw\Banana\AugmentedSet\healthy\258_aug.jpeg,datasets\raw\Banana\OriginalSet\healthy\19.jpeg,e54a5a5e6a788c651a06dd289ff3339d6069cfe46249cc4db1cf7a984fdbadd0,ce7f23c94c2c33c1561dcb504873b66d476032b7295bed67bae0fe75ff3dbebd,NO,Banana,Banana,Augmented,Original,Banana,Banana
0,datasets\raw\Banana\AugmentedSet\healthy\258_aug.jpeg,datasets\raw\Banana\OriginalSet\healthy\58.jpeg,e54a5a5e6a788c651a06dd289ff3339d6069cfe46249cc4db1cf7a984fdbadd0,ce7f23c94c2c33c1561dcb504873b66d476032b7295bed67bae0fe75ff3dbebd,NO,Banana,Banana,Augmented,Original,Banana,Banana
0,datasets\raw\Banana\OriginalSet\healthy\19.jpeg,datasets\raw\Banana\OriginalSet\healthy\58.jpeg,ce7f23c94c2c33c1561dcb504873b66d476032b7295bed67bae0fe75ff3dbebd,ce7f23c94c2c33c1561dcb504873b66d476032b7295bed67bae0fe75ff3dbebd,YES,Banana,Banana,Original,Original,Banana,Banana
0,datasets\raw\Banana\AugmentedSet\healthy\280_aug.jpeg,datasets\raw\Banana\AugmentedSet\healthy\281_aug.jpeg,bc89d32a71e6fdd2fe366530c401baa3435808eee61aa3fc23edcae023527cc5,bc89d32a71e6fdd2fe366530c401baa3435808eee61aa3fc23edcae023527cc5,YES,Banana,Banana,Augmented,Augmented,Banana,Banana
0,datasets\raw\Banana\AugmentedSet\healthy\314_aug.jpeg,datasets\raw\Banana\OriginalSet\healthy\40.jpeg,6dc8043865c5326cdf0b040b6631f7ae173809841a7e15d179ccd47e0b744cba,64d91f2ff4ceb70a7e403e28906200ad1ccce6be50de10e5efc485e45c538cf8,NO,Banana,Banana,Augmented,Original,Banana,Banana
0,datasets\raw\Banana\AugmentedSet\healthy\314_aug.jpeg,datasets\raw\Banana\OriginalSet\healthy\7.jpeg,6dc8043865c5326cdf0b040b6631f7ae173809841a7e15d179ccd47e0b744cba,64d91f2ff4ceb70a7e403e28906200ad1ccce6be50de10e5efc485e45c538cf8,NO,Banana,Banana,Augmented,Original,Banana,Banana
0,datasets\raw\Banana\OriginalSet\healthy\40.jpeg,datasets\raw\Banana\OriginalSet\healthy\7.jpeg,64d91f2ff4ceb70a7e403e28906200ad1ccce6be50de10e5efc485e45c538cf8,64d91f2ff4ceb70a7e403e28906200ad1ccce6be50de10e5efc485e45c538cf8,YES,Banana,Banana,Original,Original,Banana,Banana
0,datasets\raw\Banana\AugmentedSet\healthy\342_aug.jpeg,datasets\raw\Banana\OriginalSet\healthy\75.jpeg,16d9b4509cc038b9fae08b525f68405350c2e1ad450bf5a1e6a7142b8818cca8,251f8184c3e2b56023c260763c73dafa5f3e67f0dcc619d4440ec6d58e4267bb,NO,Banana,Banana,Augmented,Original,Banana,Banana
0,datasets\raw\Banana\AugmentedSet\healthy\35_aug.jpeg,datasets\raw\Banana\OriginalSet\healthy\108.jpeg,725d8a8057cabf2838e640806bc0c3d9be49e80f1a5b69f428f3a721b7040b66,865f6d393f5993de3ee7f7adb101f6bed767ec373620fb1fc63f1b68b1366718,NO,Banana,Banana,Augmented,Original,Banana,Banana
0,datasets\raw\Banana\AugmentedSet\healthy\35_aug.jpeg,datasets\raw\Banana\OriginalSet\healthy\16.jpeg,725d8a8057cabf2838e640806bc0c3d9be49e80f1a5b69f428f3a721b7040b66,865f6d393f5993de3ee7f7adb101f6bed767ec373620fb1fc63f1b68b1366718,NO,Banana,Banana,Augmented,Original,Banana,Banana
0,datasets\raw\Banana\OriginalSet\healthy\108.jpeg,datasets\raw\Banana\OriginalSet\healthy\16.jpeg,865f6d393f5993de3ee7f7adb101f6bed767ec373620fb1fc63f1b68b1366718,865f6d393f5993de3ee7f7adb101f6bed767ec373620fb1fc63f1b68b1366718,YES,Banana,Banana,Original,Original,Banana,Banana
0,datasets\raw\Banana\AugmentedSet\healthy\397_aug.jpeg,datasets\raw\Banana\OriginalSet\healthy\47.jpeg,5fb35f0a876a1a84730e6bd0419c98b7a15c2d70f44e9e8fecfb091ec9445f9e,34fd38ea0931e8dd56a50ac12900b27169fced092ac231a56ce40a78d3fa0b64,NO,Banana,Banana,Augmented,Original,Banana,Banana
0,datasets\raw\Banana\AugmentedSet\healthy\397_aug.jpeg,datasets\raw\Banana\OriginalSet\healthy\9.jpeg,5fb35f0a876a1a84730e6bd0419c98b7a15c2d70f44e9e8fecfb091ec9445f9e,34fd38ea0931e8dd56a50ac12900b27169fced092ac231a56ce40a78d3fa0b64,NO,Banana,Banana,Augmented,Original,Banana,Banana
0,datasets\raw\Banana\OriginalSet\healthy\47.jpeg,datasets\raw\Banana\OriginalSet\healthy\9.jpeg,34fd38ea0931e8dd56a50ac12900b27169fced092ac231a56ce40a78d3fa0b64,34fd38ea0931e8dd56a50ac12900b27169fced092ac231a56ce40a78d3fa0b64,YES,Banana,Banana,Original,Original,Banana,Banana
0,datasets\raw\Banana\AugmentedSet\healthy\81_aug.jpeg,datasets\raw\Banana\OriginalSet\healthy\126.jpeg,c104f96bdf7ec3bf2a1947fad3b51af7be8b7b4aa97ad97b012c60608cd30c6d,093f84343823f85bb18a4db225630208b822153cabaa7b831977f103aa954575,NO,Banana,Banana,Augmented,Original,Banana,Banana
0,datasets\raw\Banana\AugmentedSet\healthy\81_aug.jpeg,datasets\raw\Banana\OriginalSet\healthy\24.jpeg,c104f96bdf7ec3bf2a1947fad3b51af7be8b7b4aa97ad97b012c60608cd30c6d,093f84343823f85bb18a4db225630208b822153cabaa7b831977f103aa954575,NO,Banana,Banana,Augmented,Original,Banana,Banana
0,datasets\raw\Banana\OriginalSet\healthy\126.jpeg,datasets\raw\Banana\OriginalSet\healthy\24.jpeg,093f84343823f85bb18a4db225630208b822153cabaa7b831977f103aa954575,093f84343823f85bb18a4db225630208b822153cabaa7b831977f103aa954575,YES,Banana,Banana,Original,Original,Banana,Banana
0,datasets\raw\Banana\AugmentedSet\healthy\84_aug.jpeg,datasets\raw\Banana\OriginalSet\healthy\26.jpeg,26756403ec33d1a04c9f0f503bba0b3759a12943c7fefa6cbdcccdc1e72a05b4,67ef1eb3e6578b9c606bfb95dd91780be62cd8aea4784310623a154b31c15a8b,NO,Banana,Banana,Augmented,Original,Banana,Banana
0,datasets\raw\Banana\AugmentedSet\healthy\84_aug.jpeg,datasets\raw\Banana\OriginalSet\healthy\56.jpeg,26756403ec33d1a04c9f0f503bba0b3759a12943c7fefa6cbdcccdc1e72a05b4,67ef1eb3e6578b9c606bfb95dd91780be62cd8aea4784310623a154b31c15a8b,NO,Banana,Banana,Augmented,Original,Banana,Banana
0,datasets\raw\Banana\OriginalSet\healthy\26.jpeg,datasets\raw\Banana\OriginalSet\healthy\56.jpeg,67ef1eb3e6578b9c606bfb95dd91780be62cd8aea4784310623a154b31c15a8b,67ef1eb3e6578b9c606bfb95dd91780be62cd8aea4784310623a154b31c15a8b,YES,Banana,Banana,Original,Original,Banana,Banana
0,datasets\raw\Banana\AugmentedSet\healthy\86_aug.jpeg,datasets\raw\Banana\AugmentedSet\healthy\90_aug.jpeg,c0f9f4bcebe2d25c5fb9d02145d9f2e0ddd0fd559d529777561a03b90c1e0bab,c0f9f4bcebe2d25c5fb9d02145d9f2e0ddd0fd559d529777561a03b90c1e0bab,YES,Banana,Banana,Augmented,Augmented,Banana,Banana
0,datasets\raw\Banana\AugmentedSet\healthy\97_aug.jpeg,datasets\raw\Banana\OriginalSet\healthy\27.jpeg,0adec30743b2ceb3c075713b511539e2099bbd0d9c448bfc01fb08bd1eec4f47,68cfd539496ae29928840e377e4d7d13bde766863384fc92961dc3bf8fc2f98d,NO,Banana,Banana,Augmented,Original,Banana,Banana
0,datasets\raw\Banana\AugmentedSet\healthy\97_aug.jpeg,datasets\raw\Banana\OriginalSet\healthy\57.jpeg,0adec30743b2ceb3c075713b511539e2099bbd0d9c448bfc01fb08bd1eec4f47,68cfd539496ae29928840e377e4d7d13bde766863384fc92961dc3bf8fc2f98d,NO,Banana,Banana,Augmented,Original,Banana,Banana
0,datasets\raw\Banana\OriginalSet\healthy\27.jpeg,datasets\raw\Banana\OriginalSet\healthy\57.jpeg,68cfd539496ae29928840e377e4d7d13bde766863384fc92961dc3bf8fc2f98d,68cfd539496ae29928840e377e4d7d13bde766863384fc92961dc3bf8fc2f98d,YES,Banana,Banana,Original,Original,Banana,Banana
0,datasets\raw\Banana\AugmentedSet\pestalotiopsis\129_aug.jpeg,datasets\raw\Banana\OriginalSet\pestalotiopsis\18.jpeg,1c9502bb4b920d76de57c450fb2f710f3f898195cf0b2183a4c82dd060b0afd1,8cce9d03b1d88531ac7a923252ac0414aa12a579a7bd8ef65e2ce6a089ec7de2,NO,Banana,Banana,Augmented,Original,Banana,Banana
0,datasets\raw\Banana\AugmentedSet\pestalotiopsis\164_aug.jpeg,datasets\raw\Banana\OriginalSet\pestalotiopsis\28.jpeg,a13a86672d85a4223b5fb7f53cd41054b869c3ffddca982f423cbd4ebfb3aa7d,fd25672ffdd7e6a622e7722bd24a244e2bd19577673a47a4d0b2317ad4ef340b,NO,Banana,Banana,Augmented,Original,Banana,Banana
0,datasets\raw\Banana\AugmentedSet\pestalotiopsis\167_aug.jpeg,datasets\raw\Banana\OriginalSet\pestalotiopsis\29.jpeg,b4618fecf9e0ac61fbfe8eef6524f993c2c10b8edaba61e34ab8c0bf0d3149f0,5e132a756e8b4d46dc5e467a21db0e60fadea72d5990f46b21e34a869ffbf0fe,NO,Banana,Banana,Augmented,Original,Banana,Banana
0,datasets\raw\Banana\AugmentedSet\pestalotiopsis\201_aug.jpeg,datasets\raw\Banana\OriginalSet\pestalotiopsis\40.jpeg,269b697d3f50a17910bcbeec602ee15cfa9c7e397bfe5f3762dcf93d2a94650f,64dd141bd794311a563846976e3adc336729377b4c1d5f67742a140575828b18,NO,Banana,Banana,Augmented,Original,Banana,Banana
0,datasets\raw\Banana\AugmentedSet\pestalotiopsis\217_aug.jpeg,datasets\raw\Banana\OriginalSet\pestalotiopsis\44.jpeg,6ae870ef4e4908d2e6f6bf85301cf84291c087423b6a5f018a73615c0cfb71c7,2dcaafe2f30ebe72f5bbfec9d27844ddd296a92850a6ece53231f6d6bdddc261,NO,Banana,Banana,Augmented,Original,Banana,Banana
0,datasets\raw\Banana\AugmentedSet\pestalotiopsis\240_aug.jpeg,datasets\raw\Banana\OriginalSet\pestalotiopsis\51.jpeg,116ccae0b127a43c34cc1014635b606227ac33d92c6880b06200bb2149297965,f152dade190fd8db80ccceb9210b7f714ae711a67c6e6bcc1caa12490e608da3,NO,Banana,Banana,Augmented,Original,Banana,Banana
0,datasets\raw\Banana\AugmentedSet\pestalotiopsis\297_aug.jpeg,datasets\raw\Banana\OriginalSet\pestalotiopsis\67.jpeg,a885042c5a7c09cdefd2ba29a7c5d8373a944ded3deceb47de6bdaaf2a2e8e8c,9a6497f478600a52ac54c133cac62cd7b2d7420b39a6c447e77d2812a8146e00,NO,Banana,Banana,Augmented,Original,Banana,Banana
0,datasets\raw\Banana\AugmentedSet\pestalotiopsis\363_aug.jpeg,datasets\raw\Banana\OriginalSet\pestalotiopsis\84.jpeg,ab441487d670d8b3db35c16ba59ae7431f17c04bdfffd6da6ae0af85c8a2a867,854b0efea3a24367b872a1f0ac7ec46d4e0b17117c2b66f9fc491d57711aa69d,NO,Banana,Banana,Augmented,Original,Banana,Banana
0,datasets\raw\Banana\AugmentedSet\pestalotiopsis\392_aug.jpeg,datasets\raw\Banana\OriginalSet\pestalotiopsis\95.jpeg,b85d79271ec757b34fe7c92c571f8aeaa6a0ce5f9ed5ca38e86787d7fbc1996b,d2b744da7aaa5a4ef0e5d728f40393e2f6a3d5c89e125ec74d82fd47b8a9de86,NO,Banana,Banana,Augmented,Original,Banana,Banana
0,datasets\raw\Banana\AugmentedSet\pestalotiopsis\41_aug.jpeg,datasets\raw\Banana\OriginalSet\pestalotiopsis\112.jpeg,f2d1ffc69f2f912ceec9f53991fb06fbc259296d05a432bcf4e531b5c9cb0ca2,72be84c4ecde0fe34e4798528dbb39635bc95080e0554438cf9eabe2e9a44df0,NO,Banana,Banana,Augmented,Original,Banana,Banana
0,datasets\raw\Banana\AugmentedSet\pestalotiopsis\43_aug.jpeg,datasets\raw\Banana\OriginalSet\pestalotiopsis\113.jpeg,e5e3e15dbbdcce001fb2021a90a26c53012b964bf112655524b9827fe488a5b3,2589744f870c1741ffa189a38d30c00c9d7b1535af6fd61b434280565d122f80,NO,Banana,Banana,Augmented,Original,Banana,Banana
0,datasets\raw\Banana\AugmentedSet\pestalotiopsis\60_aug.jpeg,datasets\raw\Banana\OriginalSet\pestalotiopsis\118.jpeg,03d32e79c33eddb963ea20475f30480e800aaf229e2caa65b85c82628f303191,c1b0f961b09c414b65d770641ba531a19da2b5a112bbce0dbf28cfed6b44bb1c,NO,Banana,Banana,Augmented,Original,Banana,Banana
0,datasets\raw\Banana\AugmentedSet\pestalotiopsis\99_aug.jpeg,datasets\raw\Banana\OriginalSet\pestalotiopsis\13.jpeg,88f8c41fed03492b2db94fd8e486f9fb456d147e4f777bdb3b0556dc37b21d7c,da1d2bc0e7055ffe7597ef198d7fdc68348bf8dc0f97102d0dae63ec7ea672d1,NO,Banana,Banana,Augmented,Original,Banana,Banana
0,datasets\raw\Banana\AugmentedSet\sigatoka\102_aug.jpeg,datasets\raw\Banana\OriginalSet\sigatoka\197.jpeg,616e90e3c5157fec5f76b8a1ecb31f86d646cb1030870d36b293b3f1d147b737,e1f7fd99a1c4970fac3794bc10d28d028bbf84d3b8ed219773263fb5260a7c38,NO,Banana,Banana,Augmented,Original,Banana,Banana
0,datasets\raw\Banana\AugmentedSet\sigatoka\132_aug.jpeg,datasets\raw\Banana\OriginalSet\sigatoka\219.jpeg,0608923129dc402f37b27d8ba791fe8d6512bd90ceb89776e282cfa22478afe1,e221ddb805094780b945509369598002f7681c2458b285e2d3b508f66dbfb061,NO,Banana,Banana,Augmented,Original,Banana,Banana
0,datasets\raw\Banana\AugmentedSet\sigatoka\144_aug.jpeg,datasets\raw\Banana\OriginalSet\sigatoka\227.jpeg,6629e623e07ceeaf167ae6faa37225b13387b22b3de0b7c6c730be63121bc24b,f5d27765239003b8cfe077e8e764555b7c15f09d4a4db6d6bf43b1b2d379d422,NO,Banana,Banana,Augmented,Original,Banana,Banana
0,datasets\raw\Banana\AugmentedSet\sigatoka\310_aug.jpeg,datasets\raw\Banana\OriginalSet\sigatoka\402.jpeg,e41f4db55fd3c0fedc9a18c353a1f7493e663d146ba1a376bd59924a6ab88195,97dd374bf9310af6063fe3172b08da84ff413db8a616b6da7f77f564ae9d7abf,NO,Banana,Banana,Augmented,Original,Banana,Banana
0,datasets\raw\Banana\AugmentedSet\sigatoka\317_aug.jpeg,datasets\raw\Banana\OriginalSet\sigatoka\406.jpeg,321293a725763a57bd04296fdda3d1f0318f30fe191966e369d020d871a4ccc8,0dc9f45f6459e8d1348a33c9b6e5356e822996ef4d70cdce71fc1b426554ed8b,NO,Banana,Banana,Augmented,Original,Banana,Banana
0,datasets\raw\Banana\AugmentedSet\sigatoka\325_aug.jpeg,datasets\raw\Banana\OriginalSet\sigatoka\416.jpeg,c12827b7ce8193708cfcb4f1c727fe2dbad64710d2933024450b885d06b994a9,da88587d4868efcb82599b060e4a822ecd5ac1a7fbb2e491e51f09a067be6f59,NO,Banana,Banana,Augmented,Original,Banana,Banana
0,datasets\raw\Banana\AugmentedSet\sigatoka\373_aug.jpeg,datasets\raw\Banana\OriginalSet\sigatoka\74.jpeg,840e59cc1ee5f48e29c282684a45aac0b07214afd847050b163af494fc45bcfa,3a82130ab2f159b282bedabdb8c16314404132046b8471ab5dab8f2289ec966d,NO,Banana,Banana,Augmented,Original,Banana,Banana
0,datasets\raw\Banana\AugmentedSet\sigatoka\379_aug.jpeg,datasets\raw\Banana\OriginalSet\sigatoka\8.jpeg,cd102c378d98b528a438f1d61898dc04b6b697b17667152e78cbbddd9f3f3e56,1e16d2020d8596e15f84a417fee8c222351b6d60f24a9eeef100b8004bdede1b,NO,Banana,Banana,Augmented,Original,Banana,Banana
0,datasets\raw\Banana\AugmentedSet\sigatoka\382_aug.jpeg,datasets\raw\Banana\OriginalSet\sigatoka\81.jpeg,489513dd0cefa762223b121dc99d89196b7b1855dd71912f2ab9be1f49c1cb77,46951e3df2625071d4b46bca8848d5753a6bd80553116f51c547238bbe982c08,NO,Banana,Banana,Augmented,Original,Banana,Banana
0,datasets\raw\Banana\AugmentedSet\sigatoka\51_aug.jpeg,datasets\raw\Banana\OriginalSet\sigatoka\144.jpeg,2fecb02610482591d221ae9b607e23ae223d8c07905122d3114f9acb4ce99f64,f7f18488a3a2b29168eab4676b3919cfe8ba80c3d7b58328eb784b810c9f5f94,NO,Banana,Banana,Augmented,Original,Banana,Banana
0,datasets\raw\Banana\AugmentedSet\sigatoka\97_aug.jpeg,datasets\raw\Banana\OriginalSet\sigatoka\193.jpeg,bac8922198509b8b24dfab6e8fc02ec164acabe2e5d7f2c604d2af425ae532df,d48d0e0bbe912c2ca334c474a13681abbe24e8190e0e7c85a69fe478826e430e,NO,Banana,Banana,Augmented,Original,Banana,Banana
0,datasets\raw\Banana\AugmentedSet\sigatoka\99_aug.jpeg,datasets\raw\Banana\OriginalSet\sigatoka\195.jpeg,ec47fbb377c88436719ad16f5fb86b606f67b532f110a13d1b34e57dfab18900,b373b030aab31eb77dc0a8131871eae273ef2814f4f856deb731c6bd6e8c89d3,NO,Banana,Banana,Augmented,Original,Banana,Banana
0,datasets\raw\Banana\OriginalSet\healthy\0.jpeg,datasets\raw\Banana\OriginalSet\healthy\104.jpeg,7896108cfe821220ab4933f560b117d8316c89f0f1cf8759e0f8b33275f19eb7,7896108cfe821220ab4933f560b117d8316c89f0f1cf8759e0f8b33275f19eb7,YES,Banana,Banana,Original,Original,Banana,Banana
0,datasets\raw\Banana\OriginalSet\healthy\1.jpeg,datasets\raw\Banana\OriginalSet\healthy\109.jpeg,a4028b2e264c189eecb73aeccedba0b414ae5cfad1f05816a5a6cf171a06d5c3,a4028b2e264c189eecb73aeccedba0b414ae5cfad1f05816a5a6cf171a06d5c3,YES,Banana,Banana,Original,Original,Banana,Banana
0,datasets\raw\Banana\OriginalSet\healthy\10.jpeg,datasets\raw\Banana\OriginalSet\healthy\106.jpeg,c08fba19e8884e407b57e1d656686e42ea264b7bbb465e0d9bf323c33fcc9c8d,c08fba19e8884e407b57e1d656686e42ea264b7bbb465e0d9bf323c33fcc9c8d,YES,Banana,Banana,Original,Original,Banana,Banana
0,datasets\raw\Banana\OriginalSet\healthy\101.jpeg,datasets\raw\Banana\OriginalSet\healthy\46.jpeg,fe6f305519abf4734fcc36012f1ec8710e0e928590476f12f8fa047713900c74,fe6f305519abf4734fcc36012f1ec8710e0e928590476f12f8fa047713900c74,YES,Banana,Banana,Original,Original,Banana,Banana
0,datasets\raw\Banana\OriginalSet\healthy\102.jpeg,datasets\raw\Banana\OriginalSet\healthy\39.jpeg,ffb710fe4c8dd7d60b81909022c1a1b2f9e5f04733ed1f0eb11a8a3a84497765,ffb710fe4c8dd7d60b81909022c1a1b2f9e5f04733ed1f0eb11a8a3a84497765,YES,Banana,Banana,Original,Original,Banana,Banana
0,datasets\raw\Banana\OriginalSet\healthy\103.jpeg,datasets\raw\Banana\OriginalSet\healthy\110.jpeg,6dd0786c6eb41520b014c3004a8615b90e6882f6bd795efafbac9b575a3ebf78,6dd0786c6eb41520b014c3004a8615b90e6882f6bd795efafbac9b575a3ebf78,YES,Banana,Banana,Original,Original,Banana,Banana
0,datasets\raw\Banana\OriginalSet\healthy\105.jpeg,datasets\raw\Banana\OriginalSet\healthy\11.jpeg,bbacd3addc7b21b2c52790115db62238e83cb46d20743c1811c484a48ab102f1,bbacd3addc7b21b2c52790115db62238e83cb46d20743c1811c484a48ab102f1,YES,Banana,Banana,Original,Original,Banana,Banana
0,datasets\raw\Banana\OriginalSet\healthy\107.jpeg,datasets\raw\Banana\OriginalSet\healthy\14.jpeg,48c02269596612a69ff526565d6c803c9e7af1ba4d1e811172d66898da0eb47d,48c02269596612a69ff526565d6c803c9e7af1ba4d1e811172d66898da0eb47d,YES,Banana,Banana,Original,Original,Banana,Banana
0,datasets\raw\Banana\OriginalSet\healthy\111.jpeg,datasets\raw\Banana\OriginalSet\healthy\18.jpeg,13ff6648e6859fbeaae033d29e4a5bbe9ebc8b5138c75c8c0792aec83412839b,13ff6648e6859fbeaae033d29e4a5bbe9ebc8b5138c75c8c0792aec83412839b,YES,Banana,Banana,Original,Original,Banana,Banana
0,datasets\raw\Banana\OriginalSet\healthy\112.jpeg,datasets\raw\Banana\OriginalSet\healthy\62.jpeg,98227709b05bfd6d82f8626be48ca91bab430aa2459cbce3387a7f04e349b50d,98227709b05bfd6d82f8626be48ca91bab430aa2459cbce3387a7f04e349b50d,YES,Banana,Banana,Original,Original,Banana,Banana
0,datasets\raw\Banana\OriginalSet\healthy\12.jpeg,datasets\raw\Banana\OriginalSet\healthy\45.jpeg,f8ccf1b0c6baca992b44f6e497b7a6ae3e4f3831bf9853dcdeaa2cb006f2aa38,f8ccf1b0c6baca992b44f6e497b7a6ae3e4f3831bf9853dcdeaa2cb006f2aa38,YES,Banana,Banana,Original,Original,Banana,Banana
0,datasets\raw\Banana\OriginalSet\healthy\122.jpeg,datasets\raw\Banana\OriginalSet\pestalotiopsis\78.jpeg,38d196d7b04c894fe392ca43d44be63da3d69bdd5f49d74d82e5cc61c8d5c8ba,38d196d7b04c894fe392ca43d44be63da3d69bdd5f49d74d82e5cc61c8d5c8ba,YES,Banana,Banana,Original,Original,Banana,Banana
0,datasets\raw\Banana\OriginalSet\healthy\123.jpeg,datasets\raw\Banana\OriginalSet\healthy\4.jpeg,0fe44bbd254a5ff5cb11fcfd5e98a7378e7d01c1972daa5da9019fc4d03b1b60,0fe44bbd254a5ff5cb11fcfd5e98a7378e7d01c1972daa5da9019fc4d03b1b60,YES,Banana,Banana,Original,Original,Banana,Banana
0,datasets\raw\Banana\OriginalSet\healthy\124.jpeg,datasets\raw\Banana\OriginalSet\healthy\30.jpeg,961f96a70f37859c04e60fc594967b07769c029136fd1ab1e8df58546cb15786,961f96a70f37859c04e60fc594967b07769c029136fd1ab1e8df58546cb15786,YES,Banana,Banana,Original,Original,Banana,Banana
0,datasets\raw\Banana\OriginalSet\healthy\125.jpeg,datasets\raw\Banana\OriginalSet\healthy\31.jpeg,0d1212007c12be529243a8cf4836c748a0e07ce28250e55c76a53afb669e951f,0d1212007c12be529243a8cf4836c748a0e07ce28250e55c76a53afb669e951f,YES,Banana,Banana,Original,Original,Banana,Banana
0,datasets\raw\Banana\OriginalSet\healthy\127.jpeg,datasets\raw\Banana\OriginalSet\healthy\22.jpeg,d515a1a6a9349b55c9b2785ca3dd9f3d27c2cc42a8feb986499cb2367e668451,d515a1a6a9349b55c9b2785ca3dd9f3d27c2cc42a8feb986499cb2367e668451,YES,Banana,Banana,Original,Original,Banana,Banana
0,datasets\raw\Banana\OriginalSet\healthy\128.jpeg,datasets\raw\Banana\OriginalSet\healthy\21.jpeg,3c72fb32fa558f5f4fa536cda9c11e10444e6dafb77bad3fe1569b9d57c13bfa,3c72fb32fa558f5f4fa536cda9c11e10444e6dafb77bad3fe1569b9d57c13bfa,YES,Banana,Banana,Original,Original,Banana,Banana
0,datasets\raw\Banana\OriginalSet\healthy\15.jpeg,datasets\raw\Banana\OriginalSet\healthy\44.jpeg,fa1d5649f86ff3fc1a6ca0151b9f39cd37f8b90d88867a10147a5cf11192829b,fa1d5649f86ff3fc1a6ca0151b9f39cd37f8b90d88867a10147a5cf11192829b,YES,Banana,Banana,Original,Original,Banana,Banana
0,datasets\raw\Banana\OriginalSet\healthy\17.jpeg,datasets\raw\Banana\OriginalSet\healthy\63.jpeg,a4f1846c2298c7249ead1cd87706ec7ae9076da710f725068162721c94cd001b,a4f1846c2298c7249ead1cd87706ec7ae9076da710f725068162721c94cd001b,YES,Banana,Banana,Original,Original,Banana,Banana
0,datasets\raw\Banana\OriginalSet\healthy\2.jpeg,datasets\raw\Banana\OriginalSet\healthy\34.jpeg,3cb435276804a9488ad927b126354f5c650de395fa783b2f27b6e27a1cbcf555,3cb435276804a9488ad927b126354f5c650de395fa783b2f27b6e27a1cbcf555,YES,Banana,Banana,Original,Original,Banana,Banana
0,datasets\raw\Banana\OriginalSet\healthy\20.jpeg,datasets\raw\Banana\OriginalSet\healthy\59.jpeg,e152f087777677f585aa72c97a1c713d8370c22145af4e3cd8e8c33583b98953,e152f087777677f585aa72c97a1c713d8370c22145af4e3cd8e8c33583b98953,YES,Banana,Banana,Original,Original,Banana,Banana
0,datasets\raw\Banana\OriginalSet\healthy\25.jpeg,datasets\raw\Banana\OriginalSet\healthy\55.jpeg,5666d47cef69b23667725d05c3b697a42e8641cc21701c9cbf0e64434e3465e8,5666d47cef69b23667725d05c3b697a42e8641cc21701c9cbf0e64434e3465e8,YES,Banana,Banana,Original,Original,Banana,Banana
0,datasets\raw\Banana\OriginalSet\healthy\29.jpeg,datasets\raw\Banana\OriginalSet\healthy\51.jpeg,6576c19f0a4541cbe9101b86d60a0b26ac971c31ab6610f09c762291c8946c3c,6576c19f0a4541cbe9101b86d60a0b26ac971c31ab6610f09c762291c8946c3c,YES,Banana,Banana,Original,Original,Banana,Banana
0,datasets\raw\Banana\OriginalSet\healthy\3.jpeg,datasets\raw\Banana\OriginalSet\healthy\92.jpeg,9de39fb183e16df49b6dfe64cae74e6197f112dd13d17a089e26709c080375bf,9de39fb183e16df49b6dfe64cae74e6197f112dd13d17a089e26709c080375bf,YES,Banana,Banana,Original,Original,Banana,Banana
0,datasets\raw\Banana\OriginalSet\healthy\41.jpeg,datasets\raw\Banana\OriginalSet\healthy\8.jpeg,167c01676357aeeaa183b9f6d023fed0750004c050ced353b8f13f791c476cf2,167c01676357aeeaa183b9f6d023fed0750004c050ced353b8f13f791c476cf2,YES,Banana,Banana,Original,Original,Banana,Banana
0,datasets\raw\Banana\OriginalSet\healthy\48.jpeg,datasets\raw\Banana\OriginalSet\healthy\89.jpeg,6c00a2453a371a1f5c712b1ebc30a43c8bda224f806f0ab63275858e5fee6327,6c00a2453a371a1f5c712b1ebc30a43c8bda224f806f0ab63275858e5fee6327,YES,Banana,Banana,Original,Original,Banana,Banana
0,datasets\raw\Banana\OriginalSet\healthy\49.jpeg,datasets\raw\Banana\OriginalSet\healthy\5.jpeg,c32fa9bc901b0066fb1ac0a7f74fde579237c0e80a6822c12463e60261974c26,c32fa9bc901b0066fb1ac0a7f74fde579237c0e80a6822c12463e60261974c26,YES,Banana,Banana,Original,Original,Banana,Banana
0,datasets\raw\Cotton\bacterial_blight\2015-angular-leaf-spot-colquitt-county-2.jpg,datasets\raw\Cotton\bacterial_blight\bact355.jpg,f4c7a3c30f487dd83dfc6bb83acdbd5b6899d61b03c908ce95ed7a5071fab080,f4c7a3c30f487dd83dfc6bb83acdbd5b6899d61b03c908ce95ed7a5071fab080,YES,Cotton,Cotton,Main,Main,Cotton,Cotton
0,datasets\raw\Cotton\bacterial_blight\2015-angular-leaf-spot-colquitt-county-2.jpg,datasets\raw\Cotton\bacterial_blight\bact359.jpg,f4c7a3c30f487dd83dfc6bb83acdbd5b6899d61b03c908ce95ed7a5071fab080,0f1d2d17f83bf52c6ca12b0127901812ae3036e2af37242ee61c1fc88f8e8d68,NO,Cotton,Cotton,Main,Main,Cotton,Cotton
0,datasets\raw\Cotton\bacterial_blight\bact355.jpg,datasets\raw\Cotton\bacterial_blight\bact359.jpg,f4c7a3c30f487dd83dfc6bb83acdbd5b6899d61b03c908ce95ed7a5071fab080,0f1d2d17f83bf52c6ca12b0127901812ae3036e2af37242ee61c1fc88f8e8d68,NO,Cotton,Cotton,Main,Main,Cotton,Cotton
0,datasets\raw\Cotton\bacterial_blight\5586201.jpg,datasets\raw\Cotton\bacterial_blight\bact436.jpg,17eb3687f599ff7fdac6dfa91c1e898cd025222513deeb93d036e817aed97890,7aee196a36dd5418a6d94eac4150d68775977e86ed5f686d3e43d7e6366c3870,NO,Cotton,Cotton,Main,Main,Cotton,Cotton
0,datasets\raw\Cotton\bacterial_blight\bact0.jpg,datasets\raw\Cotton\bacterial_blight\bact1.jpg,0b300a26b80b75ad685909a067b54315e3d948eef2232cb7117bf5b217f1e3d8,c049be42541428aaeea55eff0338bcec6ed9ce993861b139c7f8ce2d412a771e,NO,Cotton,Cotton,Main,Main,Cotton,Cotton
0,datasets\raw\Cotton\bacterial_blight\bact107.jpg,datasets\raw\Cotton\bacterial_blight\bact288.jpg,70ffb8df35b798e30025627e8f5111c31d2c790bc0a9b3d57777816daf4d0894,a39c5b9fbf895a5718376f3a7f17e88d8544f11867177e82bc45373a092255d4,NO,Cotton,Cotton,Main,Main,Cotton,Cotton
0,datasets\raw\Cotton\bacterial_blight\bact136.png,datasets\raw\Cotton\bacterial_blight\bact137.png,81c98c586244bc03fb1458efdceba8818e479553e6079c76729b94bb400487fb,8aa478ce2e195ce79be7c6ec1fdf67e9366192c3126f55b8ba2afb6a83e8b222,NO,Cotton,Cotton,Main,Main,Cotton,Cotton
0,datasets\raw\Cotton\bacterial_blight\bact142.png,datasets\raw\Cotton\bacterial_blight\bact147.png,a85e199fbca2a72a515be78d16ab263b77cf288cc3cad8979444dac0cf9b9935,5d78e6c21dc9dab2589aa2e92cbfde1fcf0c8a46bde2a716c0f50176a8271f85,NO,Cotton,Cotton,Main,Main,Cotton,Cotton
0,datasets\raw\Cotton\bacterial_blight\bact143.png,datasets\raw\Cotton\bacterial_blight\bact148.png,f030a7768309034aa834ed3b58c0d7d446a2276773fe8ade844626f7c14057f8,013b8bbfe34b635839b37928deb50c5358b2770ea3bee4a5ac28f7a68c69ef7d,NO,Cotton,Cotton,Main,Main,Cotton,Cotton
0,datasets\raw\Cotton\bacterial_blight\bact149.png,datasets\raw\Cotton\bacterial_blight\bact150.png,07b6a05adbcff6b3aeccd0633681a48abdc3396e01727cafe560ac008222f1de,b127f27f9539926388c94e69e7dde732f16d8c59da89e6baf14f907bad696055,NO,Cotton,Cotton,Main,Main,Cotton,Cotton
0,datasets\raw\Cotton\bacterial_blight\bact151.png,datasets\raw\Cotton\bacterial_blight\bact3.png,b1fa8c618ad50847350f99a1cc0cc07a1c93a27f5619b3fcae2e46853091d8a8,e22d91a60feabb2a47dd6904ee713b26eaf01e95adef2ce370091827598029c2,NO,Cotton,Cotton,Main,Main,Cotton,Cotton
0,datasets\raw\Cotton\bacterial_blight\bact152.png,datasets\raw\Cotton\bacterial_blight\bact4.png,3fe93c6d10562f9cf4b0e731346da1095b59bb5945da6339c821f2fb04c19746,19993ac69c65568fe82d871b93be2afc960fcb5b7712f0ff7f3a5ba15e4b764b,NO,Cotton,Cotton,Main,Main,Cotton,Cotton
0,datasets\raw\Cotton\bacterial_blight\bact153.png,datasets\raw\Cotton\bacterial_blight\bact5.png,b734c821b3ed66134d9ac26a698270123f426e844581a0303260f609c061b3da,304f405ed879b93f546529b9e413a42a8db7711d1245171194e46f2601ec648a,NO,Cotton,Cotton,Main,Main,Cotton,Cotton
0,datasets\raw\Cotton\bacterial_blight\bact158.jpg,datasets\raw\Cotton\bacterial_blight\bact162.jpg,c1aa18ba230ba6e9f77eb1e12f8350c57e699c57166d0320d9ec32542d74d599,f06fec7f72ace56f14fbc76eceb76c6dcde22a43ed591c1c0d997689a393cb84,NO,Cotton,Cotton,Main,Main,Cotton,Cotton
0,datasets\raw\Cotton\bacterial_blight\bact170.jpg,datasets\raw\Cotton\bacterial_blight\bact174.jpg,db5dc9178cf7d83af82a49fe574258ea7f9625c967908bd49acb65f80f9ead21,c3fe9113d359c97e57dbb2f5e2c321c96b4677e144b7075665ffddbdda776c53,NO,Cotton,Cotton,Main,Main,Cotton,Cotton
0,datasets\raw\Cotton\bacterial_blight\bact178.png,datasets\raw\Cotton\bacterial_blight\bact247.png,336e3ae1738472557709913030c777ff74ee3c70d4d652e6047b885a137668e8,0c5185c90a1ac5cf91e6e265539991383d419cacb5fc459cad82b4adc418b1e2,NO,Cotton,Cotton,Main,Main,Cotton,Cotton
0,datasets\raw\Cotton\bacterial_blight\bact179.png,datasets\raw\Cotton\bacterial_blight\bact183.png,b7f6b08d556b1f1e150c398cebb83918a35c8b41a8514552107d532677e40c65,52290bb5d79720feeca6d9e9170b3f92ed12c2415e4c5fe992f3fa4631755879,NO,Cotton,Cotton,Main,Main,Cotton,Cotton
0,datasets\raw\Cotton\bacterial_blight\bact179.png,datasets\raw\Cotton\bacterial_blight\bact248.png,b7f6b08d556b1f1e150c398cebb83918a35c8b41a8514552107d532677e40c65,b7f6b08d556b1f1e150c398cebb83918a35c8b41a8514552107d532677e40c65,YES,Cotton,Cotton,Main,Main,Cotton,Cotton
0,datasets\raw\Cotton\bacterial_blight\bact179.png,datasets\raw\Cotton\bacterial_blight\bact252.png,b7f6b08d556b1f1e150c398cebb83918a35c8b41a8514552107d532677e40c65,d659c7ce3d5cf0cf36c36f56b6f3c5fc3850af402f663611e1072f02285861aa,NO,Cotton,Cotton,Main,Main,Cotton,Cotton
0,datasets\raw\Cotton\bacterial_blight\bact183.png,datasets\raw\Cotton\bacterial_blight\bact248.png,52290bb5d79720feeca6d9e9170b3f92ed12c2415e4c5fe992f3fa4631755879,b7f6b08d556b1f1e150c398cebb83918a35c8b41a8514552107d532677e40c65,NO,Cotton,Cotton,Main,Main,Cotton,Cotton
0,datasets\raw\Cotton\bacterial_blight\bact183.png,datasets\raw\Cotton\bacterial_blight\bact252.png,52290bb5d79720feeca6d9e9170b3f92ed12c2415e4c5fe992f3fa4631755879,d659c7ce3d5cf0cf36c36f56b6f3c5fc3850af402f663611e1072f02285861aa,NO,Cotton,Cotton,Main,Main,Cotton,Cotton
0,datasets\raw\Cotton\bacterial_blight\bact248.png,datasets\raw\Cotton\bacterial_blight\bact252.png,b7f6b08d556b1f1e150c398cebb83918a35c8b41a8514552107d532677e40c65,d659c7ce3d5cf0cf36c36f56b6f3c5fc3850af402f663611e1072f02285861aa,NO,Cotton,Cotton,Main,Main,Cotton,Cotton
0,datasets\raw\Cotton\bacterial_blight\bact180.png,datasets\raw\Cotton\bacterial_blight\bact184.png,e1199cd7131494d802f90622f52b37889f9afe36523ff259a7fc5ff16bb860dd,df621bca751cfc547c0349cab46258eb40f197728970251e37861b14a29782dd,NO,Cotton,Cotton,Main,Main,Cotton,Cotton
0,datasets\raw\Cotton\bacterial_blight\bact180.png,datasets\raw\Cotton\bacterial_blight\bact249.png,e1199cd7131494d802f90622f52b37889f9afe36523ff259a7fc5ff16bb860dd,e1199cd7131494d802f90622f52b37889f9afe36523ff259a7fc5ff16bb860dd,YES,Cotton,Cotton,Main,Main,Cotton,Cotton
0,datasets\raw\Cotton\bacterial_blight\bact180.png,datasets\raw\Cotton\bacterial_blight\bact253.png,e1199cd7131494d802f90622f52b37889f9afe36523ff259a7fc5ff16bb860dd,a18b116eaee5267ceffc35bfbc7e894c61cba47cd21610bb14dfe72145254551,NO,Cotton,Cotton,Main,Main,Cotton,Cotton
0,datasets\raw\Cotton\bacterial_blight\bact184.png,datasets\raw\Cotton\bacterial_blight\bact249.png,df621bca751cfc547c0349cab46258eb40f197728970251e37861b14a29782dd,e1199cd7131494d802f90622f52b37889f9afe36523ff259a7fc5ff16bb860dd,NO,Cotton,Cotton,Main,Main,Cotton,Cotton
0,datasets\raw\Cotton\bacterial_blight\bact184.png,datasets\raw\Cotton\bacterial_blight\bact253.png,df621bca751cfc547c0349cab46258eb40f197728970251e37861b14a29782dd,a18b116eaee5267ceffc35bfbc7e894c61cba47cd21610bb14dfe72145254551,NO,Cotton,Cotton,Main,Main,Cotton,Cotton
0,datasets\raw\Cotton\bacterial_blight\bact249.png,datasets\raw\Cotton\bacterial_blight\bact253.png,e1199cd7131494d802f90622f52b37889f9afe36523ff259a7fc5ff16bb860dd,a18b116eaee5267ceffc35bfbc7e894c61cba47cd21610bb14dfe72145254551,NO,Cotton,Cotton,Main,Main,Cotton,Cotton
0,datasets\raw\Cotton\bacterial_blight\bact181.png,datasets\raw\Cotton\bacterial_blight\bact185.png,0a8e4c6da610815b793177b4264893714ec238fb38b8e28b9388f59ce6b19b57,271a4c500db1172196bb2604293301bea8ea5b20cc1195201479117140cde60e,NO,Cotton,Cotton,Main,Main,Cotton,Cotton
0,datasets\raw\Cotton\bacterial_blight\bact181.png,datasets\raw\Cotton\bacterial_blight\bact250.png,0a8e4c6da610815b793177b4264893714ec238fb38b8e28b9388f59ce6b19b57,0a8e4c6da610815b793177b4264893714ec238fb38b8e28b9388f59ce6b19b57,YES,Cotton,Cotton,Main,Main,Cotton,Cotton
0,datasets\raw\Cotton\bacterial_blight\bact181.png,datasets\raw\Cotton\bacterial_blight\bact254.png,0a8e4c6da610815b793177b4264893714ec238fb38b8e28b9388f59ce6b19b57,b2896c96f34b50449faa4ab9dee9dd515feb45aeb5a9d5e0c81e9588e73fa791,NO,Cotton,Cotton,Main,Main,Cotton,Cotton
0,datasets\raw\Cotton\bacterial_blight\bact185.png,datasets\raw\Cotton\bacterial_blight\bact250.png,271a4c500db1172196bb2604293301bea8ea5b20cc1195201479117140cde60e,0a8e4c6da610815b793177b4264893714ec238fb38b8e28b9388f59ce6b19b57,NO,Cotton,Cotton,Main,Main,Cotton,Cotton
0,datasets\raw\Cotton\bacterial_blight\bact185.png,datasets\raw\Cotton\bacterial_blight\bact254.png,271a4c500db1172196bb2604293301bea8ea5b20cc1195201479117140cde60e,b2896c96f34b50449faa4ab9dee9dd515feb45aeb5a9d5e0c81e9588e73fa791,NO,Cotton,Cotton,Main,Main,Cotton,Cotton
0,datasets\raw\Cotton\bacterial_blight\bact250.png,datasets\raw\Cotton\bacterial_blight\bact254.png,0a8e4c6da610815b793177b4264893714ec238fb38b8e28b9388f59ce6b19b57,b2896c96f34b50449faa4ab9dee9dd515feb45aeb5a9d5e0c81e9588e73fa791,NO,Cotton,Cotton,Main,Main,Cotton,Cotton
0,datasets\raw\Cotton\bacterial_blight\bact186.png,datasets\raw\Cotton\bacterial_blight\bact190.png,0f92d953d76977672834dda1f6b53e92c46264e1e6c9f201b01e73288eb5006e,4d0996503011a9e8fe78a180b7b79e2a1c9384a88dc1c60a7d4e5bddae086927,NO,Cotton,Cotton,Main,Main,Cotton,Cotton
0,datasets\raw\Cotton\bacterial_blight\bact186.png,datasets\raw\Cotton\bacterial_blight\bact255.png,0f92d953d76977672834dda1f6b53e92c46264e1e6c9f201b01e73288eb5006e,0f92d953d76977672834dda1f6b53e92c46264e1e6c9f201b01e73288eb5006e,YES,Cotton,Cotton,Main,Main,Cotton,Cotton
0,datasets\raw\Cotton\bacterial_blight\bact186.png,datasets\raw\Cotton\bacterial_blight\bact259.png,0f92d953d76977672834dda1f6b53e92c46264e1e6c9f201b01e73288eb5006e,c654a1e3719d7680dc6f89ac578b8df25567c29683e9e5055994f51d5f2d3311,NO,Cotton,Cotton,Main,Main,Cotton,Cotton
0,datasets\raw\Cotton\bacterial_blight\bact190.png,datasets\raw\Cotton\bacterial_blight\bact255.png,4d0996503011a9e8fe78a180b7b79e2a1c9384a88dc1c60a7d4e5bddae086927,0f92d953d76977672834dda1f6b53e92c46264e1e6c9f201b01e73288eb5006e,NO,Cotton,Cotton,Main,Main,Cotton,Cotton
0,datasets\raw\Cotton\bacterial_blight\bact190.png,datasets\raw\Cotton\bacterial_blight\bact259.png,4d0996503011a9e8fe78a180b7b79e2a1c9384a88dc1c60a7d4e5bddae086927,c654a1e3719d7680dc6f89ac578b8df25567c29683e9e5055994f51d5f2d3311,NO,Cotton,Cotton,Main,Main,Cotton,Cotton
0,datasets\raw\Cotton\bacterial_blight\bact255.png,datasets\raw\Cotton\bacterial_blight\bact259.png,0f92d953d76977672834dda1f6b53e92c46264e1e6c9f201b01e73288eb5006e,c654a1e3719d7680dc6f89ac578b8df25567c29683e9e5055994f51d5f2d3311,NO,Cotton,Cotton,Main,Main,Cotton,Cotton
0,datasets\raw\Cotton\bacterial_blight\bact187.png,datasets\raw\Cotton\bacterial_blight\bact256.png,2633ee4224e4fd90031797b886b832b8945be3ff081a53fbd011a92eca5402ce,2633ee4224e4fd90031797b886b832b8945be3ff081a53fbd011a92eca5402ce,YES,Cotton,Cotton,Main,Main,Cotton,Cotton
0,datasets\raw\Cotton\bacterial_blight\bact188.png,datasets\raw\Cotton\bacterial_blight\bact257.png,b56d57c0df2c254c9ed03d95d39a2a0956830a662e4431fa6b4caa6e3c9bb2bc,b56d57c0df2c254c9ed03d95d39a2a0956830a662e4431fa6b4caa6e3c9bb2bc,YES,Cotton,Cotton,Main,Main,Cotton,Cotton
0,datasets\raw\Cotton\bacterial_blight\bact189.png,datasets\raw\Cotton\bacterial_blight\bact258.png,050e0c2101f3d9403c65278df68b0497cbfe8f5236873d4f57bc75734ec1c746,050e0c2101f3d9403c65278df68b0497cbfe8f5236873d4f57bc75734ec1c746,YES,Cotton,Cotton,Main,Main,Cotton,Cotton
0,datasets\raw\Cotton\bacterial_blight\bact193.png,datasets\raw\Cotton\bacterial_blight\bact262.png,df706cdd369407e9f361f345e79bbe943841637d33441674276c9b9724c7f902,0a1a1a1ff4893dd19389a06798d2db5a2186515ea95d22f4ea2670cb807fb26e,NO,Cotton,Cotton,Main,Main,Cotton,Cotton
0,datasets\raw\Cotton\bacterial_blight\bact191.png,datasets\raw\Cotton\bacterial_blight\bact260.png,b7a303f11215b4a1b45ad96e8339ab79f98b5f7d020ab0b18fd44d929bcc3505,62dc0fd5232e3107d45894596ff4bf10984d9362b7884e654447a8c963afcf9c,NO,Cotton,Cotton,Main,Main,Cotton,Cotton
0,datasets\raw\Cotton\bacterial_blight\bact192.png,datasets\raw\Cotton\bacterial_blight\bact261.png,3e8639b1ff209103ffe4feb4169a8dcfa6a339d63f0e7843c60984f1f6b0f9ad,f2dc1f47cf6d83430bd9ffbb96b884a1e4a87e3800a9c95045619154788ad5ec,NO,Cotton,Cotton,Main,Main,Cotton,Cotton
0,datasets\raw\Cotton\bacterial_blight\bact205.png,datasets\raw\Cotton\bacterial_blight\bact209.png,37c00be00e6980f2cb4374702af81466222102cb6b5c5e4a531217df58d9f87f,e88d58c52aea2d768a09999c06c89828b98cf02799f2dbcc486ca5803b36f24c,NO,Cotton,Cotton,Main,Main,Cotton,Cotton
0,datasets\raw\Cotton\bacterial_blight\bact211.jpg,datasets\raw\Cotton\bacterial_blight\bact215.jpg,56496eeff56872ded17e50452a1c229ce3a4f7138c1d089b1ad70815465ea075,3cac33859a528651c22b0056f27f990ff614a8a681625239ef2ea50adfea99f5,NO,Cotton,Cotton,Main,Main,Cotton,Cotton
0,datasets\raw\Cotton\bacterial_blight\bact219.jpg,datasets\raw\Cotton\bacterial_blight\bact223.jpg,a98d76f9e3e8ba437a4bcbf246e4873b370c1513d18b5353a9aa2b610707e6db,e135af7760576356d045e9cc35cfe5a0cc7ae2464d4ea51dd3bab1a226d70e11,NO,Cotton,Cotton,Main,Main,Cotton,Cotton
0,datasets\raw\Cotton\bacterial_blight\bact225.jpg,datasets\raw\Cotton\bacterial_blight\bact229.jpg,091b7067fd2c36d70723adafafe9939d7cf9dfebccacf4d2f6aa19c5feb4cfab,8eac1adc9a0d44e3afcbd359491fa443f8cda8551cddc8d8250fe41eea29f142,NO,Cotton,Cotton,Main,Main,Cotton,Cotton
0,datasets\raw\Cotton\bacterial_blight\bact225.jpg,datasets\raw\Cotton\bacterial_blight\leaf-blight-7-13-16-225x300 - Copy.jpg,091b7067fd2c36d70723adafafe9939d7cf9dfebccacf4d2f6aa19c5feb4cfab,8cdf7dfd71f2855d73e1b3bd6f84671e9d44d009c997784062d1e7b3e3a0db75,NO,Cotton,Cotton,Main,Main,Cotton,Cotton
0,datasets\raw\Cotton\bacterial_blight\bact225.jpg,datasets\raw\Cotton\bacterial_blight\leaf-blight-7-13-16-225x300.jpg,091b7067fd2c36d70723adafafe9939d7cf9dfebccacf4d2f6aa19c5feb4cfab,8cdf7dfd71f2855d73e1b3bd6f84671e9d44d009c997784062d1e7b3e3a0db75,NO,Cotton,Cotton,Main,Main,Cotton,Cotton
0,datasets\raw\Cotton\bacterial_blight\bact229.jpg,datasets\raw\Cotton\bacterial_blight\leaf-blight-7-13-16-225x300 - Copy.jpg,8eac1adc9a0d44e3afcbd359491fa443f8cda8551cddc8d8250fe41eea29f142,8cdf7dfd71f2855d73e1b3bd6f84671e9d44d009c997784062d1e7b3e3a0db75,NO,Cotton,Cotton,Main,Main,Cotton,Cotton
0,datasets\raw\Cotton\bacterial_blight\bact229.jpg,datasets\raw\Cotton\bacterial_blight\leaf-blight-7-13-16-225x300.jpg,8eac1adc9a0d44e3afcbd359491fa443f8cda8551cddc8d8250fe41eea29f142,8cdf7dfd71f2855d73e1b3bd6f84671e9d44d009c997784062d1e7b3e3a0db75,NO,Cotton,Cotton,Main,Main,Cotton,Cotton
0,datasets\raw\Cotton\bacterial_blight\leaf-blight-7-13-16-225x300 - Copy.jpg,datasets\raw\Cotton\bacterial_blight\leaf-blight-7-13-16-225x300.jpg,8cdf7dfd71f2855d73e1b3bd6f84671e9d44d009c997784062d1e7b3e3a0db75,8cdf7dfd71f2855d73e1b3bd6f84671e9d44d009c997784062d1e7b3e3a0db75,YES,Cotton,Cotton,Main,Main,Cotton,Cotton
0,datasets\raw\Cotton\bacterial_blight\bact228.jpg,datasets\raw\Cotton\bacterial_blight\bact232.jpg,c721020e6242942e892cbf4f9034bf3a35c8e2da2f957522b2a937ea3f91ce2d,f305c891e0db9381ca5236eb46d35c359517eacc0129e51671c91dc513eb064f,NO,Cotton,Cotton,Main,Main,Cotton,Cotton
0,datasets\raw\Cotton\bacterial_blight\P1010086jpg - Copy.jpg,datasets\raw\Cotton\bacterial_blight\P1010086jpg.jpg,56ab970bc0e0c5be5eed630da5d0cf28f70bda8c0fa5dd897e0d60ef4a6a2423,56ab970bc0e0c5be5eed630da5d0cf28f70bda8c0fa5dd897e0d60ef4a6a2423,YES,Cotton,Cotton,Main,Main,Cotton,Cotton
0,datasets\raw\Cotton\bacterial_blight\bact266.jpg,datasets\raw\Cotton\bacterial_blight\bact270.jpg,2b36f904072cb03be767ad724e2a3c1475540dfb6b3adbf7c392c20faf710e4e,09b1a70a1d81e7562744c379389f50845c21a7dadc1ef52297ba0d1427875a6e,NO,Cotton,Cotton,Main,Main,Cotton,Cotton
0,datasets\raw\Cotton\bacterial_blight\bact280.jpg,datasets\raw\Cotton\bacterial_blight\bact284.jpg,2a56575fcc52542f73d45f75305efee4d355e7a28d94fc92183baa2cf3b8451b,eab60abe25b370de260efc09638cf7c112eaebd68f6b61e83f159de583e551b9,NO,Cotton,Cotton,Main,Main,Cotton,Cotton
0,datasets\raw\Cotton\bacterial_blight\bact281.jpg,datasets\raw\Cotton\bacterial_blight\bact285.jpg,9ba40abd697716d5e8308bdc987891a1ed8a10582bb7da66d5c5d1c65bf2de00,4ad38e16eb799fa11b3bfae5281cbe28fbcf6aeae4842301ae961d968ec92585,NO,Cotton,Cotton,Main,Main,Cotton,Cotton
0,datasets\raw\Cotton\bacterial_blight\bact282.jpg,datasets\raw\Cotton\bacterial_blight\bact286.jpg,ab9b586d227f9c1a5126e2cfd70e424e40d0b37927f98794447e0acad9b5558b,0a28101060fe2db260bbc9a7d8ab7bb935bf8ccfe6388f84aeff5d0bdaa0aadc,NO,Cotton,Cotton,Main,Main,Cotton,Cotton
0,datasets\raw\Cotton\bacterial_blight\bact291.jpg,datasets\raw\Cotton\bacterial_blight\bact295.jpg,0476fbe9bca77728cffc1d4bdc2207377480a09fe997d29d4fe1513bcb58d9ac,aea354fff6fd325fc9f34041f12310bdbb0e78c82c2ab8633792f70b750f0a1b,NO,Cotton,Cotton,Main,Main,Cotton,Cotton
0,datasets\raw\Cotton\bacterial_blight\bact292.jpg,datasets\raw\Cotton\bacterial_blight\bact296.jpg,a3ec33c54d86edfa6944b2bf5b84ebf0a452cd33ac33443c99060c92ef9d3a07,c0f8e7a7c6186494f16bf64d21ec383630b0452f06973540efcc2962aaa29dec,NO,Cotton,Cotton,Main,Main,Cotton,Cotton
0,datasets\raw\Cotton\bacterial_blight\bact293.jpg,datasets\raw\Cotton\bacterial_blight\bact297.jpg,a20b92843bd6ba6daca60e7554718bc952195d67d816cfbf299f47de8893f93d,cc2e3fbab04523fb0324f074fd64043f246f525ff058043bb5f28e450f27b39b,NO,Cotton,Cotton,Main,Main,Cotton,Cotton
0,datasets\raw\Cotton\bacterial_blight\bact301.jpg,datasets\raw\Cotton\bacterial_blight\bact306.jpg,76df0e0316a920a750e6a9accdb3e96d69e1330fd4e0dd28f6ec079770e3c8ab,3071c81d844288b36b0d2d712a4bf1c4aa703c4772e5747603570d74e37aecf5,NO,Cotton,Cotton,Main,Main,Cotton,Cotton
0,datasets\raw\Cotton\bacterial_blight\bact317.jpg,datasets\raw\Cotton\bacterial_blight\bact321.jpg,bc3b4b4c32fb40ef394b1eaa0886090cdfbb3457a80fb11c72b53a4d83706e79,eb182dc19dc01ef830c1cfba57921b5edfd6ee62584acb4373b98d73fa2d6ed8,NO,Cotton,Cotton,Main,Main,Cotton,Cotton
0,datasets\raw\Cotton\bacterial_blight\bact325.jpg,datasets\raw\Cotton\bacterial_blight\bact330.jpg,9a388412acc6b6aa6f13a30098b73b9b1507b02ba5a2eee192236371bff2229d,97d5c89a86b5ce271b6c4feaa5bf921b5a181daefdedd89edf9a84ed8907820f,NO,Cotton,Cotton,Main,Main,Cotton,Cotton
0,datasets\raw\Cotton\bacterial_blight\bact331.jpg,datasets\raw\Cotton\bacterial_blight\bact335.jpg,062e5d0f158e79df6d3ce981ed266ffd30589523adf0384f45d217eb34762f1d,ea6b0d096d5fdb340731f28ff6abd04a26a64b5b383b3d1972c17166dc2ccacb,NO,Cotton,Cotton,Main,Main,Cotton,Cotton
0,datasets\raw\Cotton\bacterial_blight\bact333.jpg,datasets\raw\Cotton\bacterial_blight\bact337.jpg,ff7981b5ae624eca437908bf9bb49088558ac86704caa5edd57e15689e30b00e,11c19c15fc2db3b6285b97b15a38f3824def38db7bdd1f22047ceecb459dc3a4,NO,Cotton,Cotton,Main,Main,Cotton,Cotton
0,datasets\raw\Cotton\bacterial_blight\bact334.jpg,datasets\raw\Cotton\bacterial_blight\bact338.jpg,4d17a752a335223241e21a14637c43219eadf3f9590ccb17b846c946e52f8f2e,ead42bf01018d6702ba1100d0084c2c0c8aad95170f957ac8f5e54a6e03deecb,NO,Cotton,Cotton,Main,Main,Cotton,Cotton
0,datasets\raw\Cotton\bacterial_blight\bact339.jpg,datasets\raw\Cotton\bacterial_blight\bact343.jpg,12b38d072a9cdea5bd3f97b35cf926bade794841eacba414c0581660302b7dde,d75bd4919250feaa243ebedfcd0a9cf61c30301aafd30a29776c490138ac399b,NO,Cotton,Cotton,Main,Main,Cotton,Cotton
0,datasets\raw\Cotton\bacterial_blight\bact340.jpg,datasets\raw\Cotton\bacterial_blight\bact344.jpg,e83e58afd22293f7f320f8227d639de720b623741478457a2150dcf57d365cda,1a87dd5336515d056619631e075137fd36192e2b989a2a9ff34f061d70f07586,NO,Cotton,Cotton,Main,Main,Cotton,Cotton
0,datasets\raw\Cotton\bacterial_blight\bact356.jpg,datasets\raw\Cotton\bacterial_blight\bact360.jpg,089c9d3845b39ac11b6a377503706868a1f7ed53a03eab2da5d651c1411d4bd9,011ec7376fbcb19b829c79313ddf1b67f3f1ad6b7bc43e27a75451d31fe9a4ff,NO,Cotton,Cotton,Main,Main,Cotton,Cotton
0,datasets\raw\Cotton\bacterial_blight\bact362.jpg,datasets\raw\Cotton\bacterial_blight\bact366.jpg,460c7e6dfcee0541d7a7bf08545d3fbcffc0cb16eb818a98364ec30bf8686442,8eb9dd442f1ba1b5f95934cdf2797de059a7c65fabd843e10240f6fe9326faf6,NO,Cotton,Cotton,Main,Main,Cotton,Cotton
0,datasets\raw\Cotton\bacterial_blight\bact369.jpg,datasets\raw\Cotton\bacterial_blight\bact373.jpg,8ddcf85d977395e635c60efa721dbdadf27085c4b9bcedc3012a7ee28d20678d,2d7adfd540dc164b67b1c031d8e15132f0a7ace1611b1312316c9f09bebbc78b,NO,Cotton,Cotton,Main,Main,Cotton,Cotton
0,datasets\raw\Cotton\bacterial_blight\bact370.jpg,datasets\raw\Cotton\bacterial_blight\bact374.jpg,c8d91a1d875eaa9400cd51ad8c313cbe9fc443861e8cb214eec175feea1ad516,cb03a13dd86d175cd353a0add81c68c18b22100f2ddc2b2bd2810b28c354e755,NO,Cotton,Cotton,Main,Main,Cotton,Cotton
0,datasets\raw\Cotton\bacterial_blight\bact371.jpg,datasets\raw\Cotton\bacterial_blight\bact375.jpg,0d2cd16ef176d5f5deda4b8a81971a2ae3496e3703d39a0a66f05ff3761df439,3a8d0b721edbe9ff00e3e0fc3cc40922e20f087473653c174d86153b84b0df76,NO,Cotton,Cotton,Main,Main,Cotton,Cotton
0,datasets\raw\Cotton\bacterial_blight\bact372.jpg,datasets\raw\Cotton\bacterial_blight\bact376.jpg,505421d1799695e4406e49fa56f87f2ec744ce4c4e2a180f082abfa7edd95191,a49dc9bde9115dfe28b6bce406e8961a869b47992b2166b2d973f213ba6974f2,NO,Cotton,Cotton,Main,Main,Cotton,Cotton
0,datasets\raw\Cotton\bacterial_blight\bact378.png,datasets\raw\Cotton\bacterial_blight\bact382.png,9df724543a5c2d58edb6b539f3a92296636ffcbdad42ed74949e317df515da53,f477a725c01c4823a23eecdcffda8bfecfd54668d15d75e59b2a196c308d12bd,NO,Cotton,Cotton,Main,Main,Cotton,Cotton
0,datasets\raw\Cotton\bacterial_blight\bact379.png,datasets\raw\Cotton\bacterial_blight\bact383.png,e84947b8dbcd64fb1c68d324c78ab7e0cd32c2dddc0abfc480dc5dc7d4293cc2,c556947576796fd9ac540f7439ac2c9fb210aea04aade30b55a4441ee3381437,NO,Cotton,Cotton,Main,Main,Cotton,Cotton
0,datasets\raw\Cotton\bacterial_blight\bact386.jpg,datasets\raw\Cotton\bacterial_blight\bact390.jpg,42aa341ca88ee4ade13cf196a58f0abab42113c018c4f48cbd6abe398022fdc3,d6d9107028ece4c3bf5b611a941ee7152efd37db6d216c5964e9d0507bb1857a,NO,Cotton,Cotton,Main,Main,Cotton,Cotton
0,datasets\raw\Cotton\bacterial_blight\bact395.png,datasets\raw\Cotton\bacterial_blight\bact396.png,6f6301b66ee0f388349eb5790cdc162d97036e8dd466d40c04a4d9c601cca895,6f6301b66ee0f388349eb5790cdc162d97036e8dd466d40c04a4d9c601cca895,YES,Cotton,Cotton,Main,Main,Cotton,Cotton
0,datasets\raw\Cotton\bacterial_blight\bact397.png,datasets\raw\Cotton\bacterial_blight\bact401.png,1b9135a85de4b2b0440a97ca10efcccfe90410b312a00d6aec9ef833077bb167,6ebc79f325c7fa7c99cc367c83907d2ae38ca82725089c0b219aea416e1620e3,NO,Cotton,Cotton,Main,Main,Cotton,Cotton
0,datasets\raw\Cotton\bacterial_blight\bact399.png,datasets\raw\Cotton\bacterial_blight\bact403.png,c63a495cc5120e2ea1dd2be339a9aa530ef2ae4bccf3719af793a389427d1427,5d2aa40c6995e68b2068e2c826b29e67c61b662e6263a7d578acd0967f847aa5,NO,Cotton,Cotton,Main,Main,Cotton,Cotton
0,datasets\raw\Cotton\bacterial_blight\bact407.jpg,datasets\raw\Cotton\bacterial_blight\bact411.jpg,ecc9583bf5b0dc9455bac5b6e10b1c5cb4252b01da41d193e0c5222a991e74d8,d443ed006586bf95dcc7ca952d5c2265d340a84d652730e91cfc6a5a533a219d,NO,Cotton,Cotton,Main,Main,Cotton,Cotton
0,datasets\raw\Cotton\bacterial_blight\bact429.jpg,datasets\raw\Cotton\bacterial_blight\bact433.jpg,bc7f97fe50e642dd8e83bf0d9036bc42acca139930baa6ec7610eae3726a554f,12ab9f57331ea367f37b6cc09c50d31de9811456d103592637961b0c11d8a220,NO,Cotton,Cotton,Main,Main,Cotton,Cotton
0,datasets\raw\Cotton\bacterial_blight\bact439.jpg,datasets\raw\Cotton\bacterial_blight\bb - Copy.jpg,9dd9334a8e3486c8e10f593a86993f76cd000045f54a495900b5711d7a74bc74,9dd9334a8e3486c8e10f593a86993f76cd000045f54a495900b5711d7a74bc74,YES,Cotton,Cotton,Main,Main,Cotton,Cotton
0,datasets\raw\Cotton\bacterial_blight\bact439.jpg,datasets\raw\Cotton\bacterial_blight\bb.jpg,9dd9334a8e3486c8e10f593a86993f76cd000045f54a495900b5711d7a74bc74,9dd9334a8e3486c8e10f593a86993f76cd000045f54a495900b5711d7a74bc74,YES,Cotton,Cotton,Main,Main,Cotton,Cotton
0,datasets\raw\Cotton\bacterial_blight\bb - Copy.jpg,datasets\raw\Cotton\bacterial_blight\bb.jpg,9dd9334a8e3486c8e10f593a86993f76cd000045f54a495900b5711d7a74bc74,9dd9334a8e3486c8e10f593a86993f76cd000045f54a495900b5711d7a74bc74,YES,Cotton,Cotton,Main,Main,Cotton,Cotton
0,datasets\raw\Cotton\bacterial_blight\bact447 - Copy.jpg,datasets\raw\Cotton\bacterial_blight\bact447.jpg,b7e10387a9d1f36062e3b57578db129614cccf32d9dbcd0c6726da3e1dc8d614,b7e10387a9d1f36062e3b57578db129614cccf32d9dbcd0c6726da3e1dc8d614,YES,Cotton,Cotton,Main,Main,Cotton,Cotton
0,datasets\raw\Cotton\bacterial_blight\bact443.jpg,datasets\raw\Cotton\bacterial_blight\bact445.jpg,4fcf070714ffbe15a99cdeb05b4a346a72154b535580b26e0ccb99d5eca592fa,4fcf070714ffbe15a99cdeb05b4a346a72154b535580b26e0ccb99d5eca592fa,YES,Cotton,Cotton,Main,Main,Cotton,Cotton
0,datasets\raw\Cotton\bacterial_blight\bact45.png,datasets\raw\Cotton\bacterial_blight\bact50.png,aa3e9de79a0fcf0b9ab5065381a2b48c05c5176e84d56790ef2affb939207eec,d521e1ddd3fffc8aed7403ab0b992f770b5cf669553df07119c8f21b7f841cb7,NO,Cotton,Cotton,Main,Main,Cotton,Cotton
0,datasets\raw\Cotton\bacterial_blight\bact46.png,datasets\raw\Cotton\bacterial_blight\bact51.png,2e871250b352279a7537f483d2d4bc9a3f26be78d6850ba24d3374facdace8d4,cdf07213f0bd259963e62e17f83f3b00b800efed054dda365ac8c3173a266d02,NO,Cotton,Cotton,Main,Main,Cotton,Cotton
0,datasets\raw\Cotton\bacterial_blight\bact48.png,datasets\raw\Cotton\bacterial_blight\bact49.png,3c6129cb16cec3953ee2367a4e62a3c0804134fc41712a28351567c5d0be67b1,66077366be29b02edf00ce126152b383f53a7db701439e7808346b35bdb032cb,NO,Cotton,Cotton,Main,Main,Cotton,Cotton
0,datasets\raw\Cotton\bacterial_blight\bact55.jpg,datasets\raw\Cotton\bacterial_blight\bact60.jpg,36c25b18f1c4c4061d3db78202497f3134ec22ba3efb9e8376ba246e635737d2,251a797f7e11e6b2afbfd988dd5959f973b565170ecc1cfb074791134004fb41,NO,Cotton,Cotton,Main,Main,Cotton,Cotton
0,datasets\raw\Cotton\bacterial_blight\bact56.jpg,datasets\raw\Cotton\bacterial_blight\bact57.jpg,16bddb262701d38459fa17adac0c2aba29a7c4e2e180df52ffe1a598bf191cbf,2e4042b7a0eb3915059eb02f79b52713ed30d775ae658d44a4a6d5b279d1a5d6,NO,Cotton,Cotton,Main,Main,Cotton,Cotton
0,datasets\raw\Cotton\bacterial_blight\bact61.jpg,datasets\raw\Cotton\bacterial_blight\bact66.jpg,de9fc43b84aaf0107cb512cca0c0760f9de1193fd2067b1441b386f1738f80ba,be3da91f8616f2e3e4482d0e12e76b49c65305e2ab084cc7439d3dfe3c93c92c,NO,Cotton,Cotton,Main,Main,Cotton,Cotton
0,datasets\raw\Cotton\bacterial_blight\bact63.jpg,datasets\raw\Cotton\bacterial_blight\bact68.jpg,216dc3865ffec9cc59d8670c8285e99219b7e544166cfb122c9a1e45e1bf7001,c7a747e43dced6342cb53d9cc3005b1ebc65dc3d219643e6726217c1d538f606,NO,Cotton,Cotton,Main,Main,Cotton,Cotton
0,datasets\raw\Cotton\bacterial_blight\bact77.jpg,datasets\raw\Cotton\bacterial_blight\bact82.jpg,78eefd512d4a0838261112ee8406f4e46da3efb37e34f5e96bb7294edd154497,b5d4d32fa560176c1ca9f6d7907a4358df5b8ceddca1c2c65229c7bc25952c16,NO,Cotton,Cotton,Main,Main,Cotton,Cotton
0,datasets\raw\Cotton\bacterial_blight\bact81.jpg,datasets\raw\Cotton\bacterial_blight\bact85.jpg,fad7e9bc68bc082f19686a9b849daa8296f6fd9f51e015d1820bf7c3ffed1e0c,fad7e9bc68bc082f19686a9b849daa8296f6fd9f51e015d1820bf7c3ffed1e0c,YES,Cotton,Cotton,Main,Main,Cotton,Cotton
0,datasets\raw\Cotton\bacterial_blight\bact86.jpg,datasets\raw\Cotton\bacterial_blight\bact90.jpg,5e19b579c93dfafd22f8fe1a241d2fb3f618324639613ceaade5970d11025668,737bf8a7a3c76c4b5877c69817f6b0c06c2b14f67ff0c67b4f8e1925935e44ba,NO,Cotton,Cotton,Main,Main,Cotton,Cotton
0,datasets\raw\Cotton\bacterial_blight\bact87.jpg,datasets\raw\Cotton\bacterial_blight\bact91.jpg,779d7fdf3e1d518a658f549d1cf0e18aff075ec6b5cc604e37f9b7ae69295c1a,0c09bc7a92bb389433742506f868972aa221a96770cb8b21d56d020a96b8e857,NO,Cotton,Cotton,Main,Main,Cotton,Cotton
0,datasets\raw\Cotton\curl_virus\cotton-leaf-curl-virus-cotton-1595427323.jpg,datasets\raw\Cotton\curl_virus\curl327.jpg,c862c5378aafb52ba99a2b79a639e019f65e4c44ba4ee31b092c244e419d8058,017d85a5959147745d7cbae963fdc66d71f08e45b318d3ab453d234bc0e3b0de,NO,Cotton,Cotton,Main,Main,Cotton,Cotton
0,datasets\raw\Cotton\curl_virus\cotton-leaf-curl-virus-cotton-1595427323.jpg,datasets\raw\Cotton\curl_virus\curl387.jpg,c862c5378aafb52ba99a2b79a639e019f65e4c44ba4ee31b092c244e419d8058,c862c5378aafb52ba99a2b79a639e019f65e4c44ba4ee31b092c244e419d8058,YES,Cotton,Cotton,Main,Main,Cotton,Cotton
0,datasets\raw\Cotton\curl_virus\curl327.jpg,datasets\raw\Cotton\curl_virus\curl387.jpg,017d85a5959147745d7cbae963fdc66d71f08e45b318d3ab453d234bc0e3b0de,c862c5378aafb52ba99a2b79a639e019f65e4c44ba4ee31b092c244e419d8058,NO,Cotton,Cotton,Main,Main,Cotton,Cotton
0,datasets\raw\Cotton\curl_virus\curl331.jpg,datasets\raw\Cotton\curl_virus\curl391.jpg,96718d9f432c1fa2d5257190432c1ae7f603749d55696f770f413def29c6698d,9050313567dc0bd58cf5693ff18e8e1388f915ff8832cb504d971e8eff20ba95,NO,Cotton,Cotton,Main,Main,Cotton,Cotton
0,datasets\raw\Cotton\curl_virus\curl0.jpg,datasets\raw\Cotton\curl_virus\curl310.jpg,473b613d4103cfa21661a499c858bf51b03a795e0f613746b935c21822268099,7c7b495e6d939b5b11020ba79dd78a9ca26121f5a4308909f8320020d57c0dba,NO,Cotton,Cotton,Main,Main,Cotton,Cotton
0,datasets\raw\Cotton\curl_virus\curl0.jpg,datasets\raw\Cotton\curl_virus\curl45 - Copy.jpg,473b613d4103cfa21661a499c858bf51b03a795e0f613746b935c21822268099,473b613d4103cfa21661a499c858bf51b03a795e0f613746b935c21822268099,YES,Cotton,Cotton,Main,Main,Cotton,Cotton
0,datasets\raw\Cotton\curl_virus\curl0.jpg,datasets\raw\Cotton\curl_virus\curl45.jpg,473b613d4103cfa21661a499c858bf51b03a795e0f613746b935c21822268099,473b613d4103cfa21661a499c858bf51b03a795e0f613746b935c21822268099,YES,Cotton,Cotton,Main,Main,Cotton,Cotton
0,datasets\raw\Cotton\curl_virus\curl0.jpg,datasets\raw\Cotton\curl_virus\curl96.jpg,473b613d4103cfa21661a499c858bf51b03a795e0f613746b935c21822268099,0114ca66136bbed1ee61dd47d9cb7731a126a05bfc01e4e802e3a9e2c0008508,NO,Cotton,Cotton,Main,Main,Cotton,Cotton
0,datasets\raw\Cotton\curl_virus\curl310.jpg,datasets\raw\Cotton\curl_virus\curl45 - Copy.jpg,7c7b495e6d939b5b11020ba79dd78a9ca26121f5a4308909f8320020d57c0dba,473b613d4103cfa21661a499c858bf51b03a795e0f613746b935c21822268099,NO,Cotton,Cotton,Main,Main,Cotton,Cotton
0,datasets\raw\Cotton\curl_virus\curl310.jpg,datasets\raw\Cotton\curl_virus\curl45.jpg,7c7b495e6d939b5b11020ba79dd78a9ca26121f5a4308909f8320020d57c0dba,473b613d4103cfa21661a499c858bf51b03a795e0f613746b935c21822268099,NO,Cotton,Cotton,Main,Main,Cotton,Cotton
0,datasets\raw\Cotton\curl_virus\curl310.jpg,datasets\raw\Cotton\curl_virus\curl96.jpg,7c7b495e6d939b5b11020ba79dd78a9ca26121f5a4308909f8320020d57c0dba,0114ca66136bbed1ee61dd47d9cb7731a126a05bfc01e4e802e3a9e2c0008508,NO,Cotton,Cotton,Main,Main,Cotton,Cotton
0,datasets\raw\Cotton\curl_virus\curl45 - Copy.jpg,datasets\raw\Cotton\curl_virus\curl45.jpg,473b613d4103cfa21661a499c858bf51b03a795e0f613746b935c21822268099,473b613d4103cfa21661a499c858bf51b03a795e0f613746b935c21822268099,YES,Cotton,Cotton,Main,Main,Cotton,Cotton
0,datasets\raw\Cotton\curl_virus\curl45 - Copy.jpg,datasets\raw\Cotton\curl_virus\curl96.jpg,473b613d4103cfa21661a499c858bf51b03a795e0f613746b935c21822268099,0114ca66136bbed1ee61dd47d9cb7731a126a05bfc01e4e802e3a9e2c0008508,NO,Cotton,Cotton,Main,Main,Cotton,Cotton
0,datasets\raw\Cotton\curl_virus\curl45.jpg,datasets\raw\Cotton\curl_virus\curl96.jpg,473b613d4103cfa21661a499c858bf51b03a795e0f613746b935c21822268099,0114ca66136bbed1ee61dd47d9cb7731a126a05bfc01e4e802e3a9e2c0008508,NO,Cotton,Cotton,Main,Main,Cotton,Cotton
0,datasets\raw\Cotton\curl_virus\curl00.jpg,datasets\raw\Cotton\curl_virus\curl123.jpg,5d3a8f514fa34e315f90621dd6f543e69ceed32f71d03cc5b436bfd7efce97c5,80e847a251332c887b53fbe05a89bea06d59fb2c557afa1e7318b4315e26e9b7,NO,Cotton,Cotton,Main,Main,Cotton,Cotton
0,datasets\raw\Cotton\curl_virus\curl00.jpg,datasets\raw\Cotton\curl_virus\curl128.jpg,5d3a8f514fa34e315f90621dd6f543e69ceed32f71d03cc5b436bfd7efce97c5,576b2fadcc9a44e4224658b38ab180eea372c33b3c05ab80dd87a97613dec101,NO,Cotton,Cotton,Main,Main,Cotton,Cotton
0,datasets\raw\Cotton\curl_virus\curl123.jpg,datasets\raw\Cotton\curl_virus\curl128.jpg,80e847a251332c887b53fbe05a89bea06d59fb2c557afa1e7318b4315e26e9b7,576b2fadcc9a44e4224658b38ab180eea372c33b3c05ab80dd87a97613dec101,NO,Cotton,Cotton,Main,Main,Cotton,Cotton
0,datasets\raw\Cotton\curl_virus\curl1 (2).jpg,datasets\raw\Cotton\curl_virus\curl112.jpg,b6e16627c431fb5b7660f67d69e84ac5bacb973d9cd7134bbacf10825bf067cc,b6e16627c431fb5b7660f67d69e84ac5bacb973d9cd7134bbacf10825bf067cc,YES,Cotton,Cotton,Main,Main,Cotton,Cotton
0,datasets\raw\Cotton\curl_virus\curl1 (2).jpg,datasets\raw\Cotton\curl_virus\curl113.jpg,b6e16627c431fb5b7660f67d69e84ac5bacb973d9cd7134bbacf10825bf067cc,a18459711dae1dd32cd84c530574ebdca8f13b7a0b90d1fd55aee3c0be0d9e99,NO,Cotton,Cotton,Main,Main,Cotton,Cotton
0,datasets\raw\Cotton\curl_virus\curl1 (2).jpg,datasets\raw\Cotton\curl_virus\images.jpg,b6e16627c431fb5b7660f67d69e84ac5bacb973d9cd7134bbacf10825bf067cc,b6e16627c431fb5b7660f67d69e84ac5bacb973d9cd7134bbacf10825bf067cc,YES,Cotton,Cotton,Main,Main,Cotton,Cotton
0,datasets\raw\Cotton\curl_virus\curl112.jpg,datasets\raw\Cotton\curl_virus\curl113.jpg,b6e16627c431fb5b7660f67d69e84ac5bacb973d9cd7134bbacf10825bf067cc,a18459711dae1dd32cd84c530574ebdca8f13b7a0b90d1fd55aee3c0be0d9e99,NO,Cotton,Cotton,Main,Main,Cotton,Cotton
0,datasets\raw\Cotton\curl_virus\curl112.jpg,datasets\raw\Cotton\curl_virus\images.jpg,b6e16627c431fb5b7660f67d69e84ac5bacb973d9cd7134bbacf10825bf067cc,b6e16627c431fb5b7660f67d69e84ac5bacb973d9cd7134bbacf10825bf067cc,YES,Cotton,Cotton,Main,Main,Cotton,Cotton
0,datasets\raw\Cotton\curl_virus\curl113.jpg,datasets\raw\Cotton\curl_virus\images.jpg,a18459711dae1dd32cd84c530574ebdca8f13b7a0b90d1fd55aee3c0be0d9e99,b6e16627c431fb5b7660f67d69e84ac5bacb973d9cd7134bbacf10825bf067cc,NO,Cotton,Cotton,Main,Main,Cotton,Cotton
0,datasets\raw\Cotton\curl_virus\curl103.jpg,datasets\raw\Cotton\curl_virus\curl105.jpg,e9a1664cd5c2fccbe501f0f7d083483bdf64abad0e5ea6dca28a88e2224e2df4,e9a1664cd5c2fccbe501f0f7d083483bdf64abad0e5ea6dca28a88e2224e2df4,YES,Cotton,Cotton,Main,Main,Cotton,Cotton
0,datasets\raw\Cotton\curl_virus\curl104.jpg,datasets\raw\Cotton\curl_virus\curl108.jpg,c3c0e0cd75fbaf12c9dad7d1a06e76b22666eadec6b4d170f3b5806b7516b12e,23dd12c11196df76b081a8ad8a6043278993585c56d6e6012c17c8175597b793,NO,Cotton,Cotton,Main,Main,Cotton,Cotton
0,datasets\raw\Cotton\curl_virus\curl114.jpg,datasets\raw\Cotton\curl_virus\curl118.jpg,a0c6285f4c400e7885eb07c50deb6aa80f4ccafb83191ab7bd5fa52ae6ac3e0f,a0c6285f4c400e7885eb07c50deb6aa80f4ccafb83191ab7bd5fa52ae6ac3e0f,YES,Cotton,Cotton,Main,Main,Cotton,Cotton
0,datasets\raw\Cotton\curl_virus\curl110.jpg,datasets\raw\Cotton\curl_virus\curl115.jpg,6cf90f876cd2626dc793b48066b0dc7efc3030de196b0193c4cbc68d8aa1e735,27d07a864d5e9ff8042d108f4cf03bed0b407046bdc266dd16e8b9839336b29e,NO,Cotton,Cotton,Main,Main,Cotton,Cotton
0,datasets\raw\Cotton\curl_virus\curl110.jpg,datasets\raw\Cotton\curl_virus\curl117.jpg,6cf90f876cd2626dc793b48066b0dc7efc3030de196b0193c4cbc68d8aa1e735,27d07a864d5e9ff8042d108f4cf03bed0b407046bdc266dd16e8b9839336b29e,NO,Cotton,Cotton,Main,Main,Cotton,Cotton
0,datasets\raw\Cotton\curl_virus\curl115.jpg,datasets\raw\Cotton\curl_virus\curl117.jpg,27d07a864d5e9ff8042d108f4cf03bed0b407046bdc266dd16e8b9839336b29e,27d07a864d5e9ff8042d108f4cf03bed0b407046bdc266dd16e8b9839336b29e,YES,Cotton,Cotton,Main,Main,Cotton,Cotton
0,datasets\raw\Cotton\curl_virus\curl121.jpg,datasets\raw\Cotton\curl_virus\curl122.jpg,3624647f6e411d1083c14f4a254dcd68e0ae168109439ad9e3e242cb5a696017,dafd81a2c4d69d565ed995edca5fe185987cd62a146ec4d5a45024c54c73e63e,NO,Cotton,Cotton,Main,Main,Cotton,Cotton
0,datasets\raw\Cotton\curl_virus\curl121.jpg,datasets\raw\Cotton\curl_virus\curl127.jpg,3624647f6e411d1083c14f4a254dcd68e0ae168109439ad9e3e242cb5a696017,3f587caaef1726cf37a58b7c8a379679455088548e9d00cc91dffb114182bde7,NO,Cotton,Cotton,Main,Main,Cotton,Cotton
0,datasets\raw\Cotton\curl_virus\curl121.jpg,datasets\raw\Cotton\curl_virus\curl131.jpg,3624647f6e411d1083c14f4a254dcd68e0ae168109439ad9e3e242cb5a696017,3f587caaef1726cf37a58b7c8a379679455088548e9d00cc91dffb114182bde7,NO,Cotton,Cotton,Main,Main,Cotton,Cotton
0,datasets\raw\Cotton\curl_virus\curl122.jpg,datasets\raw\Cotton\curl_virus\curl127.jpg,dafd81a2c4d69d565ed995edca5fe185987cd62a146ec4d5a45024c54c73e63e,3f587caaef1726cf37a58b7c8a379679455088548e9d00cc91dffb114182bde7,NO,Cotton,Cotton,Main,Main,Cotton,Cotton
0,datasets\raw\Cotton\curl_virus\curl122.jpg,datasets\raw\Cotton\curl_virus\curl131.jpg,dafd81a2c4d69d565ed995edca5fe185987cd62a146ec4d5a45024c54c73e63e,3f587caaef1726cf37a58b7c8a379679455088548e9d00cc91dffb114182bde7,NO,Cotton,Cotton,Main,Main,Cotton,Cotton
0,datasets\raw\Cotton\curl_virus\curl127.jpg,datasets\raw\Cotton\curl_virus\curl131.jpg,3f587caaef1726cf37a58b7c8a379679455088548e9d00cc91dffb114182bde7,3f587caaef1726cf37a58b7c8a379679455088548e9d00cc91dffb114182bde7,YES,Cotton,Cotton,Main,Main,Cotton,Cotton
0,datasets\raw\Cotton\curl_virus\curl124.jpg,datasets\raw\Cotton\curl_virus\curl129.jpg,17637f7d6d7a99b439abaa3172389e2b9e3ede2aaa45fc5d7bc1d853b1d6fbaa,73acd80034e086a5f7691ae94e6cc218961cbdeb34240c42fce8eb3768888d2d,NO,Cotton,Cotton,Main,Main,Cotton,Cotton
0,datasets\raw\Cotton\curl_virus\curl125.jpg,datasets\raw\Cotton\curl_virus\curl126.jpg,2e25bab11951538e2e2b2ebe1f0e4b6ee3ca1b0b88cd5d92835d67c9dd0b9121,169a1246b6147424921ad54cd50f1b2131d800b523830b3ab2318664d838554f,NO,Cotton,Cotton,Main,Main,Cotton,Cotton
0,datasets\raw\Cotton\curl_virus\curl125.jpg,datasets\raw\Cotton\curl_virus\curl130.jpg,2e25bab11951538e2e2b2ebe1f0e4b6ee3ca1b0b88cd5d92835d67c9dd0b9121,169a1246b6147424921ad54cd50f1b2131d800b523830b3ab2318664d838554f,NO,Cotton,Cotton,Main,Main,Cotton,Cotton
0,datasets\raw\Cotton\curl_virus\curl126.jpg,datasets\raw\Cotton\curl_virus\curl130.jpg,169a1246b6147424921ad54cd50f1b2131d800b523830b3ab2318664d838554f,169a1246b6147424921ad54cd50f1b2131d800b523830b3ab2318664d838554f,YES,Cotton,Cotton,Main,Main,Cotton,Cotton
0,datasets\raw\Cotton\curl_virus\curl132.jpg,datasets\raw\Cotton\curl_virus\curl138.jpg,3078bdee26193d61a258e19033cea25bcd0802b1b238979c80c01f510bf4ef86,5420cd1b94d985c7cc0049fbcf2219604ee346c083d462ff0d116cab00ebb01e,NO,Cotton,Cotton,Main,Main,Cotton,Cotton
0,datasets\raw\Cotton\curl_virus\curl133.jpg,datasets\raw\Cotton\curl_virus\curl134.jpg,a69490d8361ef933dadb6b186621b30a06ef913f1d3f85a3f18940c8b5664886,5449c8ae6c867a53daae667f2417054e17ba0c3ce4446b4d04c182ad3c559889,NO,Cotton,Cotton,Main,Main,Cotton,Cotton
0,datasets\raw\Cotton\curl_virus\curl137.jpg,datasets\raw\Cotton\curl_virus\curl6.jpg,80d8c1caec2ab51e7f3d0f98a6cdb4b7f0729db46ae5fc41cc98046bece44872,022919bd39e4d063497052788c9ef507570cbc6117308d46fc6fcc1b258db7f2,NO,Cotton,Cotton,Main,Main,Cotton,Cotton
0,datasets\raw\Cotton\curl_virus\curl139.jpg,datasets\raw\Cotton\curl_virus\curl144.jpg,a01dfbc618061093cfc790712fb1906d3a44b44bc25c95a1f7d0bbef2d5e59e6,ddbb51360d795fa5a33e40ce4488a0570d6ebd4ea1b8541b505d67cbead7cf4e,NO,Cotton,Cotton,Main,Main,Cotton,Cotton
0,datasets\raw\Cotton\curl_virus\curl14.jpg,datasets\raw\Cotton\curl_virus\curl250 - Copy.jpg,906320da8e348090e68e19c794fdb9e6e75eacb772ba7c0d19fc42a68f283ef0,d02c7804cb070120a0b128425397bd34728df9d9faf4639746039b171c94760b,NO,Cotton,Cotton,Main,Main,Cotton,Cotton
0,datasets\raw\Cotton\curl_virus\curl14.jpg,datasets\raw\Cotton\curl_virus\curl250.jpg,906320da8e348090e68e19c794fdb9e6e75eacb772ba7c0d19fc42a68f283ef0,d02c7804cb070120a0b128425397bd34728df9d9faf4639746039b171c94760b,NO,Cotton,Cotton,Main,Main,Cotton,Cotton
0,datasets\raw\Cotton\curl_virus\curl250 - Copy.jpg,datasets\raw\Cotton\curl_virus\curl250.jpg,d02c7804cb070120a0b128425397bd34728df9d9faf4639746039b171c94760b,d02c7804cb070120a0b128425397bd34728df9d9faf4639746039b171c94760b,YES,Cotton,Cotton,Main,Main,Cotton,Cotton
0,datasets\raw\Cotton\curl_virus\curl140.jpg,datasets\raw\Cotton\curl_virus\curl145.jpg,8b99982d9cbc04a8d40c7bcf12db0e3045ef360ddd9c592669c20f24570f361b,72b624f4ef2840168e33d831129970989c412abe6dc673ff69fccd94ec48b0c4,NO,Cotton,Cotton,Main,Main,Cotton,Cotton
0,datasets\raw\Cotton\curl_virus\curl141.jpg,datasets\raw\Cotton\curl_virus\curl142.jpg,218afa54fc15b3a3a8c3c78c5ab56e55ce56268c48c3c16c57530e4d75962c0c,899e2ddb204cdecac902666f98c2bf4cb11b5f0ef878c2facb20204d0f85b796,NO,Cotton,Cotton,Main,Main,Cotton,Cotton
0,datasets\raw\Cotton\curl_virus\curl143.jpg,datasets\raw\Cotton\curl_virus\curl146.jpg,f297375f333856491fe787d73c9b35dc9763a532bfc337410e4b8f2df7f6f584,28198216ea0ad2925d6f3f2cc862f17126a44fd7fe46231901106728064bdc8f,NO,Cotton,Cotton,Main,Main,Cotton,Cotton
0,datasets\raw\Cotton\curl_virus\curl147.jpg,datasets\raw\Cotton\curl_virus\curl148.jpg,68d667204aaa3b48be2f11ed3012b62d8b8300c9c1f54ac40077f22d9cbac222,68d667204aaa3b48be2f11ed3012b62d8b8300c9c1f54ac40077f22d9cbac222,YES,Cotton,Cotton,Main,Main,Cotton,Cotton
0,datasets\raw\Cotton\curl_virus\curl155.jpg,datasets\raw\Cotton\curl_virus\curl214.jpg,904c78e9ed2d38a9b2bd11fa94b4347ccbdc1b57e01a93ed7609284f3ca3d527,904c78e9ed2d38a9b2bd11fa94b4347ccbdc1b57e01a93ed7609284f3ca3d527,YES,Cotton,Cotton,Main,Main,Cotton,Cotton
0,datasets\raw\Cotton\curl_virus\curl156.jpg,datasets\raw\Cotton\curl_virus\curl215.jpg,c7c064e9f4cbd813bfc45e81d5b072d58b7aafd1a32ae5b284a7a453d196b543,c7c064e9f4cbd813bfc45e81d5b072d58b7aafd1a32ae5b284a7a453d196b543,YES,Cotton,Cotton,Main,Main,Cotton,Cotton
0,datasets\raw\Cotton\curl_virus\curl157.jpg,datasets\raw\Cotton\curl_virus\curl158.jpg,87aa01c6d066a6759f3cab61524907eb953a757aac1738a9969f9e4be3b9b66b,e034f6c98edc5f6469d732d5bfda5028eba378389301704106015c0ef7bd787f,NO,Cotton,Cotton,Main,Main,Cotton,Cotton
0,datasets\raw\Cotton\curl_virus\curl157.jpg,datasets\raw\Cotton\curl_virus\curl216.jpg,87aa01c6d066a6759f3cab61524907eb953a757aac1738a9969f9e4be3b9b66b,87aa01c6d066a6759f3cab61524907eb953a757aac1738a9969f9e4be3b9b66b,YES,Cotton,Cotton,Main,Main,Cotton,Cotton
0,datasets\raw\Cotton\curl_virus\curl158.jpg,datasets\raw\Cotton\curl_virus\curl216.jpg,e034f6c98edc5f6469d732d5bfda5028eba378389301704106015c0ef7bd787f,87aa01c6d066a6759f3cab61524907eb953a757aac1738a9969f9e4be3b9b66b,NO,Cotton,Cotton,Main,Main,Cotton,Cotton
0,datasets\raw\Cotton\curl_virus\curl162.jpg,datasets\raw\Cotton\curl_virus\curl371.jpg,703f2ad924192506fd7e44171503e70a0ab69b054f461eee6c1ab84dc501c44b,703f2ad924192506fd7e44171503e70a0ab69b054f461eee6c1ab84dc501c44b,YES,Cotton,Cotton,Main,Main,Cotton,Cotton
0,datasets\raw\Cotton\curl_virus\curl163.jpg,datasets\raw\Cotton\curl_virus\curl372.jpg,5f4731b1039cd03050a09bf5da8ba684657e25a826f28b7cfb4e9ce49a44d522,5f4731b1039cd03050a09bf5da8ba684657e25a826f28b7cfb4e9ce49a44d522,YES,Cotton,Cotton,Main,Main,Cotton,Cotton
0,datasets\raw\Cotton\curl_virus\curl164.jpg,datasets\raw\Cotton\curl_virus\curl373.jpg,431918ede7353ef369bab34c6ed0d31e3986730eed22d0cba08acb7ef7e48b5f,431918ede7353ef369bab34c6ed0d31e3986730eed22d0cba08acb7ef7e48b5f,YES,Cotton,Cotton,Main,Main,Cotton,Cotton
0,datasets\raw\Cotton\curl_virus\curl164.jpg,datasets\raw\Cotton\curl_virus\curl374.jpg,431918ede7353ef369bab34c6ed0d31e3986730eed22d0cba08acb7ef7e48b5f,666b383d923db8f1030dabf6c5fe4b14861b1d1fc933925f31db9766748fd494,NO,Cotton,Cotton,Main,Main,Cotton,Cotton
0,datasets\raw\Cotton\curl_virus\curl373.jpg,datasets\raw\Cotton\curl_virus\curl374.jpg,431918ede7353ef369bab34c6ed0d31e3986730eed22d0cba08acb7ef7e48b5f,666b383d923db8f1030dabf6c5fe4b14861b1d1fc933925f31db9766748fd494,NO,Cotton,Cotton,Main,Main,Cotton,Cotton
0,datasets\raw\Cotton\curl_virus\curl165.jpg,datasets\raw\Cotton\curl_virus\curl174.jpg,e0f0c4141a8652927ee57118c14c154d621f7eec825722eb4c37a00aeadd2ef1,387438f4feab1238611b858666aac57dcc813bfc4ba4906ce87478e69f9dc181,NO,Cotton,Cotton,Main,Main,Cotton,Cotton
0,datasets\raw\Cotton\curl_virus\curl17.jpg,datasets\raw\Cotton\curl_virus\curl267.jpg,6d17e9c369c1355367d96175f8da8119353e81da86f78148eccdcf6f9103dd3f,6d17e9c369c1355367d96175f8da8119353e81da86f78148eccdcf6f9103dd3f,YES,Cotton,Cotton,Main,Main,Cotton,Cotton
0,datasets\raw\Cotton\curl_virus\Curl175.png,datasets\raw\Cotton\curl_virus\Curl180.png,91c7ae0a347d1323a232aa16b724b5f345b5478c2a051bd9c7129924f79b5bff,e20018838fd6178882449ea550d2404f60697a823de69ea9eb938e8e19cd94f0,NO,Cotton,Cotton,Main,Main,Cotton,Cotton
0,datasets\raw\Cotton\curl_virus\Curl177.png,datasets\raw\Cotton\curl_virus\Curl178.png,0dde141c9433dfc576f33ac3a8ab1cbc432e887e3860ffc48eaeea76425e6c01,1f82308bc3219c22e6dc417e5802b16942353c44681512fb264b940aa7b341bf,NO,Cotton,Cotton,Main,Main,Cotton,Cotton
0,datasets\raw\Cotton\curl_virus\Curl179.png,datasets\raw\Cotton\curl_virus\curl182.png,fb02d20c24b59c40d34cd7161a575e0d493dc399655085afcfd647f84c507d70,ab30568b6fbe8a8e3f0ee2d93ce534ed36c5546f26636b58088595a37ba36251,NO,Cotton,Cotton,Main,Main,Cotton,Cotton
0,datasets\raw\Cotton\curl_virus\curl186.jpg,datasets\raw\Cotton\curl_virus\curl190.jpg,e29e273d2e2ca469efd0b5e22277f4086ebcdab355195e85640cddc9676212d6,e29e273d2e2ca469efd0b5e22277f4086ebcdab355195e85640cddc9676212d6,YES,Cotton,Cotton,Main,Main,Cotton,Cotton
0,datasets\raw\Cotton\curl_virus\curl186.jpg,datasets\raw\Cotton\curl_virus\curl192.jpg,e29e273d2e2ca469efd0b5e22277f4086ebcdab355195e85640cddc9676212d6,e843ebf75690f4da8e5ef11869e5b792829d44a57e6973b63de48533092f8cc6,NO,Cotton,Cotton,Main,Main,Cotton,Cotton
0,datasets\raw\Cotton\curl_virus\curl190.jpg,datasets\raw\Cotton\curl_virus\curl192.jpg,e29e273d2e2ca469efd0b5e22277f4086ebcdab355195e85640cddc9676212d6,e843ebf75690f4da8e5ef11869e5b792829d44a57e6973b63de48533092f8cc6,NO,Cotton,Cotton,Main,Main,Cotton,Cotton
0,datasets\raw\Cotton\curl_virus\curl187.jpg,datasets\raw\Cotton\curl_virus\curl189.jpg,1a7d2d964647a875775e23885466b1212f287362c039f64f34bd8f0c5816823d,1a7d2d964647a875775e23885466b1212f287362c039f64f34bd8f0c5816823d,YES,Cotton,Cotton,Main,Main,Cotton,Cotton
0,datasets\raw\Cotton\curl_virus\curl188.jpg,datasets\raw\Cotton\curl_virus\curl194.jpg,e523660a7e5c05a912e440a10f54fdcece53e8398bba909b09f65af95c4900c6,67b9c3d3c7161c4162374d3e70e60836950c11a3f1fdbd3c40b9514c958ad4db,NO,Cotton,Cotton,Main,Main,Cotton,Cotton
0,datasets\raw\Cotton\curl_virus\curl191.jpg,datasets\raw\Cotton\curl_virus\curl195.jpg,2a5ca21c5c49509dee2593fedcf998c2a74bb2bfdee038876c810072ec34f433,7dcb45cd78519ab095c8e3551531cc7489ea31c59d71fe4b55e4165e29970792,NO,Cotton,Cotton,Main,Main,Cotton,Cotton
0,datasets\raw\Cotton\curl_virus\curl196.jpg,datasets\raw\Cotton\curl_virus\curl201.jpg,df7cc4992bd64de303b82042985441b43e6f06c2691cc8da9f32f973883d2b6f,043942d7436c764803336680cc473d7686a56e20ad2c0b0fca3fb0aeec754056,NO,Cotton,Cotton,Main,Main,Cotton,Cotton
0,datasets\raw\Cotton\curl_virus\curl198.jpg,datasets\raw\Cotton\curl_virus\curl203.jpg,de70001f0262322b739146fbbec254465b23a3242150683b87aed61ff1565831,878650fd25cd7ab82ba69d2931ed7ee7d77074a33552bc64d12eca00b8ee0904,NO,Cotton,Cotton,Main,Main,Cotton,Cotton
0,datasets\raw\Cotton\curl_virus\curl199.jpg,datasets\raw\Cotton\curl_virus\curl204.jpg,bfffea49db54baf976b5f2ce1486da96595bfae7fcb094d11a9b3c13948a9394,bfffea49db54baf976b5f2ce1486da96595bfae7fcb094d11a9b3c13948a9394,YES,Cotton,Cotton,Main,Main,Cotton,Cotton
0,datasets\raw\Cotton\curl_virus\curl205.jpg,datasets\raw\Cotton\curl_virus\curl207.jpg,ea021972ec247a30348b29e02abbe8080af0a8ac350481200a336a9b456048ae,ea021972ec247a30348b29e02abbe8080af0a8ac350481200a336a9b456048ae,YES,Cotton,Cotton,Main,Main,Cotton,Cotton
0,datasets\raw\Cotton\curl_virus\curl205.jpg,datasets\raw\Cotton\curl_virus\curl212.jpg,ea021972ec247a30348b29e02abbe8080af0a8ac350481200a336a9b456048ae,a8e460b8196412462a72bb358f1e5e027e9474a20248d9bf4595271324ca102e,NO,Cotton,Cotton,Main,Main,Cotton,Cotton
0,datasets\raw\Cotton\curl_virus\curl207.jpg,datasets\raw\Cotton\curl_virus\curl212.jpg,ea021972ec247a30348b29e02abbe8080af0a8ac350481200a336a9b456048ae,a8e460b8196412462a72bb358f1e5e027e9474a20248d9bf4595271324ca102e,NO,Cotton,Cotton,Main,Main,Cotton,Cotton
0,datasets\raw\Cotton\curl_virus\curl208.jpg,datasets\raw\Cotton\curl_virus\curl209.jpg,ab549aad3445d46466857222985609a0e1d46fcc9a65e93e8c7b09c14444046e,72121e2a47e16aea53279928d49824a011e6f4532f6189676fc36b25e5fe28df,NO,Cotton,Cotton,Main,Main,Cotton,Cotton
0,datasets\raw\Cotton\curl_virus\curl218.jpg,datasets\raw\Cotton\curl_virus\curl220.jpg,33fbce84cfddc9fc5e9e9b282080d5476579d48036264395a854fbf80025678b,28a4fda244d30a8992a9ee73643c0048c4ee242fa8f786a619cbd5b015122039,NO,Cotton,Cotton,Main,Main,Cotton,Cotton
0,datasets\raw\Cotton\curl_virus\curl219.jpg,datasets\raw\Cotton\curl_virus\curl222.jpg,c194dddd54383a4ec0874137b68a5f6d7f0ed439200489b2d9720c0df56e0b07,d14d67c1bcadc56ccd66466a533ce3b7c8a45b584d970f60e17b0bed25ee5788,NO,Cotton,Cotton,Main,Main,Cotton,Cotton
0,datasets\raw\Cotton\curl_virus\curl24.jpg,datasets\raw\Cotton\curl_virus\curl339.jpg,ce8d42dcfe2349b8513b7957d0c799ee0a92806d4d54a8a55ee5155f8a15944e,25e076056db31bc62a2e890e985f34e92b54f42b15140bfa29c25098ad550fde,NO,Cotton,Cotton,Main,Main,Cotton,Cotton
0,datasets\raw\Cotton\curl_virus\curl249 - Copy.jpg,datasets\raw\Cotton\curl_virus\curl249.jpg,241f27ac4b5d93378939389d0b0289dd7a9dd53a29357a0bb83eee2f50dd7316,241f27ac4b5d93378939389d0b0289dd7a9dd53a29357a0bb83eee2f50dd7316,YES,Cotton,Cotton,Main,Main,Cotton,Cotton
0,datasets\raw\Cotton\curl_virus\curl255.jpg,datasets\raw\Cotton\curl_virus\curl258.jpg,bd3934bc31cc78e4138d2f6c18a894287e32a36565e1d4186f4a18c5a0459c0b,bd3934bc31cc78e4138d2f6c18a894287e32a36565e1d4186f4a18c5a0459c0b,YES,Cotton,Cotton,Main,Main,Cotton,Cotton
0,datasets\raw\Cotton\curl_virus\curl28.jpg,datasets\raw\Cotton\curl_virus\curl76.jpg,d7552d76888b1d4823532648a8fac9008613b89ce3d9176944e6c60a407734c2,da7fd177998d47c8e337f784270bb149778fc5033cde6e79f010ae6f48d65b36,NO,Cotton,Cotton,Main,Main,Cotton,Cotton
0,datasets\raw\Cotton\curl_virus\curl284.jpg,datasets\raw\Cotton\curl_virus\curl288.jpg,155aa88dcc21b4718d10290a51e5f3db107ea1d47bd2f8091a16e998a8b8be54,229985dcb23df08ab4a1da586233fb0bc1c7304be4f1317f20f34e3f6c5f7d0e,NO,Cotton,Cotton,Main,Main,Cotton,Cotton
0,datasets\raw\Cotton\curl_virus\curl286.jpg,datasets\raw\Cotton\curl_virus\curl290.jpg,d0e0d7ea54940a687ecdb33628cc8c6478cd6eaf6fe61119a7d9ba14f0388ade,05d89a80daec4537a9dc1e138e7d26b51bf03b1bd431c9acb39ea76e6d886ea4,NO,Cotton,Cotton,Main,Main,Cotton,Cotton
0,datasets\raw\Cotton\curl_virus\curl299.jpg,datasets\raw\Cotton\curl_virus\curl379.jpg,c220cf2afff10c89517792fa3df833e63dd1f364fa075338a3ae56f88b92ca73,c220cf2afff10c89517792fa3df833e63dd1f364fa075338a3ae56f88b92ca73,YES,Cotton,Cotton,Main,Main,Cotton,Cotton
0,datasets\raw\Cotton\curl_virus\curl299.jpg,datasets\raw\Cotton\curl_virus\curlvirus1.jpg,c220cf2afff10c89517792fa3df833e63dd1f364fa075338a3ae56f88b92ca73,c220cf2afff10c89517792fa3df833e63dd1f364fa075338a3ae56f88b92ca73,YES,Cotton,Cotton,Main,Main,Cotton,Cotton
0,datasets\raw\Cotton\curl_virus\curl379.jpg,datasets\raw\Cotton\curl_virus\curlvirus1.jpg,c220cf2afff10c89517792fa3df833e63dd1f364fa075338a3ae56f88b92ca73,c220cf2afff10c89517792fa3df833e63dd1f364fa075338a3ae56f88b92ca73,YES,Cotton,Cotton,Main,Main,Cotton,Cotton
0,datasets\raw\Cotton\curl_virus\curl300.jpg,datasets\raw\Cotton\curl_virus\curl304.jpg,cd092029e5b8153f977f85e2b2a444fc69c7e1b235c5ee7cd485cb3a5bf201d0,4079182a68a902cf58015d3fd1266f761ea4096c6f9a2f501ebeeaa5b3682459,NO,Cotton,Cotton,Main,Main,Cotton,Cotton
0,datasets\raw\Cotton\curl_virus\curl300.jpg,datasets\raw\Cotton\curl_virus\curl380.jpg,cd092029e5b8153f977f85e2b2a444fc69c7e1b235c5ee7cd485cb3a5bf201d0,cd092029e5b8153f977f85e2b2a444fc69c7e1b235c5ee7cd485cb3a5bf201d0,YES,Cotton,Cotton,Main,Main,Cotton,Cotton
0,datasets\raw\Cotton\curl_virus\curl300.jpg,datasets\raw\Cotton\curl_virus\curl384.jpg,cd092029e5b8153f977f85e2b2a444fc69c7e1b235c5ee7cd485cb3a5bf201d0,d6c2794981060bcf73e86a7a5a886c92f9bdf946a16767c4f02c048df506c5a6,NO,Cotton,Cotton,Main,Main,Cotton,Cotton
0,datasets\raw\Cotton\curl_virus\curl304.jpg,datasets\raw\Cotton\curl_virus\curl380.jpg,4079182a68a902cf58015d3fd1266f761ea4096c6f9a2f501ebeeaa5b3682459,cd092029e5b8153f977f85e2b2a444fc69c7e1b235c5ee7cd485cb3a5bf201d0,NO,Cotton,Cotton,Main,Main,Cotton,Cotton
0,datasets\raw\Cotton\curl_virus\curl304.jpg,datasets\raw\Cotton\curl_virus\curl384.jpg,4079182a68a902cf58015d3fd1266f761ea4096c6f9a2f501ebeeaa5b3682459,d6c2794981060bcf73e86a7a5a886c92f9bdf946a16767c4f02c048df506c5a6,NO,Cotton,Cotton,Main,Main,Cotton,Cotton
0,datasets\raw\Cotton\curl_virus\curl380.jpg,datasets\raw\Cotton\curl_virus\curl384.jpg,cd092029e5b8153f977f85e2b2a444fc69c7e1b235c5ee7cd485cb3a5bf201d0,d6c2794981060bcf73e86a7a5a886c92f9bdf946a16767c4f02c048df506c5a6,NO,Cotton,Cotton,Main,Main,Cotton,Cotton
0,datasets\raw\Cotton\curl_virus\curl301.jpg,datasets\raw\Cotton\curl_virus\curl381.jpg,45a50fc674916c37b8fbeb9da3c085c124e2d5dd03e398489bd425f71d29c075,45a50fc674916c37b8fbeb9da3c085c124e2d5dd03e398489bd425f71d29c075,YES,Cotton,Cotton,Main,Main,Cotton,Cotton
0,datasets\raw\Cotton\curl_virus\curl302.jpg,datasets\raw\Cotton\curl_virus\curl382.jpg,3ce9b730447836091dac34a5210a2bf6b2a36393ada655848359448d6068b998,3ce9b730447836091dac34a5210a2bf6b2a36393ada655848359448d6068b998,YES,Cotton,Cotton,Main,Main,Cotton,Cotton
0,datasets\raw\Cotton\curl_virus\curl303.jpg,datasets\raw\Cotton\curl_virus\curl383.jpg,09d39b34a2fa441e2c644becd624a3e1b757e175543747bc6ea8ee3ee05d6253,5c487051bcb427d3fd1e17dd9f31b9b45324756a30a4fb48b966f268650c6397,NO,Cotton,Cotton,Main,Main,Cotton,Cotton
0,datasets\raw\Cotton\curl_virus\curl305.jpg,datasets\raw\Cotton\curl_virus\curl385.jpg,4bf2de2246b9cc60fdcb72f48d2cb813e3add8a56cbebd3c00bb2b0c4fb9db48,0f7d741b9b59d990b1ca160be7e45c25919df5601527a8fac848ce40299dd3a8,NO,Cotton,Cotton,Main,Main,Cotton,Cotton
0,datasets\raw\Cotton\curl_virus\curl306.jpg,datasets\raw\Cotton\curl_virus\curl386.jpg,2122f29dd919c15fe6b17030ccb5bda4c93a542d3aeecccecba29e445b3429b9,c6a05daa578f8d705f11ee0473ea983e0d4cfefacc0353ac7cecc07623342a6a,NO,Cotton,Cotton,Main,Main,Cotton,Cotton
0,datasets\raw\Cotton\curl_virus\curl307.jpg,datasets\raw\Cotton\curl_virus\curl311.jpg,c899c1647ed1d85483804c2387e3ae417d498fc5ebc780f6fb4d6b383840b8cc,0f9803618bb8812d1d0e2eed0520a1dafb380a6900b896e943dee21fae6e95b3,NO,Cotton,Cotton,Main,Main,Cotton,Cotton
0,datasets\raw\Cotton\curl_virus\curl307.jpg,datasets\raw\Cotton\curl_virus\curl91.jpg,c899c1647ed1d85483804c2387e3ae417d498fc5ebc780f6fb4d6b383840b8cc,c899c1647ed1d85483804c2387e3ae417d498fc5ebc780f6fb4d6b383840b8cc,YES,Cotton,Cotton,Main,Main,Cotton,Cotton
0,datasets\raw\Cotton\curl_virus\curl307.jpg,datasets\raw\Cotton\curl_virus\curl97.jpg,c899c1647ed1d85483804c2387e3ae417d498fc5ebc780f6fb4d6b383840b8cc,131821ca5167beebf91a0483d930f9550d78a269290939afa775d40036e1818e,NO,Cotton,Cotton,Main,Main,Cotton,Cotton
0,datasets\raw\Cotton\curl_virus\curl311.jpg,datasets\raw\Cotton\curl_virus\curl91.jpg,0f9803618bb8812d1d0e2eed0520a1dafb380a6900b896e943dee21fae6e95b3,c899c1647ed1d85483804c2387e3ae417d498fc5ebc780f6fb4d6b383840b8cc,NO,Cotton,Cotton,Main,Main,Cotton,Cotton
0,datasets\raw\Cotton\curl_virus\curl311.jpg,datasets\raw\Cotton\curl_virus\curl97.jpg,0f9803618bb8812d1d0e2eed0520a1dafb380a6900b896e943dee21fae6e95b3,131821ca5167beebf91a0483d930f9550d78a269290939afa775d40036e1818e,NO,Cotton,Cotton,Main,Main,Cotton,Cotton
0,datasets\raw\Cotton\curl_virus\curl91.jpg,datasets\raw\Cotton\curl_virus\curl97.jpg,c899c1647ed1d85483804c2387e3ae417d498fc5ebc780f6fb4d6b383840b8cc,131821ca5167beebf91a0483d930f9550d78a269290939afa775d40036e1818e,NO,Cotton,Cotton,Main,Main,Cotton,Cotton
0,datasets\raw\Cotton\curl_virus\curl308.jpg,datasets\raw\Cotton\curl_virus\curl312.jpg,5cd513473fa5ae47e9757eac5a0b3e95434ebad0e2a911021dc7710af1d6d2b4,54cb4b08a04d430e791d59d17a4b2bc4c38a7de815479d85a977335ed9aeaf73,NO,Cotton,Cotton,Main,Main,Cotton,Cotton
0,datasets\raw\Cotton\curl_virus\curl308.jpg,datasets\raw\Cotton\curl_virus\curl92.jpg,5cd513473fa5ae47e9757eac5a0b3e95434ebad0e2a911021dc7710af1d6d2b4,5cd513473fa5ae47e9757eac5a0b3e95434ebad0e2a911021dc7710af1d6d2b4,YES,Cotton,Cotton,Main,Main,Cotton,Cotton
0,datasets\raw\Cotton\curl_virus\curl308.jpg,datasets\raw\Cotton\curl_virus\curl98.jpg,5cd513473fa5ae47e9757eac5a0b3e95434ebad0e2a911021dc7710af1d6d2b4,0844023c26e3e1f14fe8d92cf11f00cfb8c93e95d8c6384e9a5cbc7872d20188,NO,Cotton,Cotton,Main,Main,Cotton,Cotton
0,datasets\raw\Cotton\curl_virus\curl312.jpg,datasets\raw\Cotton\curl_virus\curl92.jpg,54cb4b08a04d430e791d59d17a4b2bc4c38a7de815479d85a977335ed9aeaf73,5cd513473fa5ae47e9757eac5a0b3e95434ebad0e2a911021dc7710af1d6d2b4,NO,Cotton,Cotton,Main,Main,Cotton,Cotton
0,datasets\raw\Cotton\curl_virus\curl312.jpg,datasets\raw\Cotton\curl_virus\curl98.jpg,54cb4b08a04d430e791d59d17a4b2bc4c38a7de815479d85a977335ed9aeaf73,0844023c26e3e1f14fe8d92cf11f00cfb8c93e95d8c6384e9a5cbc7872d20188,NO,Cotton,Cotton,Main,Main,Cotton,Cotton
0,datasets\raw\Cotton\curl_virus\curl92.jpg,datasets\raw\Cotton\curl_virus\curl98.jpg,5cd513473fa5ae47e9757eac5a0b3e95434ebad0e2a911021dc7710af1d6d2b4,0844023c26e3e1f14fe8d92cf11f00cfb8c93e95d8c6384e9a5cbc7872d20188,NO,Cotton,Cotton,Main,Main,Cotton,Cotton
0,datasets\raw\Cotton\curl_virus\curl309.jpg,datasets\raw\Cotton\curl_virus\curl313.jpg,8f8928c6a3cd2622b5dc9d6f1a79dc8e7958289f832907ca25e3bc6fef83d988,4bc35d0492ec1fbf2bc70cffbd41dd5442a0c850de6d09e2ff0cc418114cdb7b,NO,Cotton,Cotton,Main,Main,Cotton,Cotton
0,datasets\raw\Cotton\curl_virus\curl309.jpg,datasets\raw\Cotton\curl_virus\curl93.jpg,8f8928c6a3cd2622b5dc9d6f1a79dc8e7958289f832907ca25e3bc6fef83d988,8f8928c6a3cd2622b5dc9d6f1a79dc8e7958289f832907ca25e3bc6fef83d988,YES,Cotton,Cotton,Main,Main,Cotton,Cotton
0,datasets\raw\Cotton\curl_virus\curl309.jpg,datasets\raw\Cotton\curl_virus\curl94.jpg,8f8928c6a3cd2622b5dc9d6f1a79dc8e7958289f832907ca25e3bc6fef83d988,7c98015a0a06cbf33cbd1926f79e44f041f18b6495b2548caa80dc0b82897dbf,NO,Cotton,Cotton,Main,Main,Cotton,Cotton
0,datasets\raw\Cotton\curl_virus\curl313.jpg,datasets\raw\Cotton\curl_virus\curl93.jpg,4bc35d0492ec1fbf2bc70cffbd41dd5442a0c850de6d09e2ff0cc418114cdb7b,8f8928c6a3cd2622b5dc9d6f1a79dc8e7958289f832907ca25e3bc6fef83d988,NO,Cotton,Cotton,Main,Main,Cotton,Cotton
0,datasets\raw\Cotton\curl_virus\curl313.jpg,datasets\raw\Cotton\curl_virus\curl94.jpg,4bc35d0492ec1fbf2bc70cffbd41dd5442a0c850de6d09e2ff0cc418114cdb7b,7c98015a0a06cbf33cbd1926f79e44f041f18b6495b2548caa80dc0b82897dbf,NO,Cotton,Cotton,Main,Main,Cotton,Cotton
0,datasets\raw\Cotton\curl_virus\curl93.jpg,datasets\raw\Cotton\curl_virus\curl94.jpg,8f8928c6a3cd2622b5dc9d6f1a79dc8e7958289f832907ca25e3bc6fef83d988,7c98015a0a06cbf33cbd1926f79e44f041f18b6495b2548caa80dc0b82897dbf,NO,Cotton,Cotton,Main,Main,Cotton,Cotton
0,datasets\raw\Cotton\curl_virus\curl328.jpg,datasets\raw\Cotton\curl_virus\curl388.jpg,b5dbb4f888fd97752dd8da067d71d70707926ac54d0cf29105ca26a811998fd5,0c6194d64c8ba6c1e171c5905e1992d8de625cd71d5c236405d81a7abadb5d63,NO,Cotton,Cotton,Main,Main,Cotton,Cotton
0,datasets\raw\Cotton\curl_virus\curl329.jpg,datasets\raw\Cotton\curl_virus\curl389.jpg,082cab067e28570e7bf75308559653fa650558a9fbf3de8648a8f27f4f57951a,d9410c3929bb569d4f1743f6db18e37ad7ad3618f8e5eb6b03fae0e05dc99874,NO,Cotton,Cotton,Main,Main,Cotton,Cotton
0,datasets\raw\Cotton\curl_virus\curl330.jpg,datasets\raw\Cotton\curl_virus\curl390.jpg,08a0848cbc6c605834f4479fb944556a8eb62ba25d9bb48fe5ee58c4431d63e0,7f9030aaa5ca81707dd2473786926feacd6c1860ce645cb2f144b8f44ca5a331,NO,Cotton,Cotton,Main,Main,Cotton,Cotton
0,datasets\raw\Cotton\curl_virus\curl332.jpg,datasets\raw\Cotton\curl_virus\curl392.jpg,cdab18d53bee3c74335921d02b0ae877f5c7d03efe9aa0b7c385d1e9c07b039d,da7f61c200baf04e799f12d6c651e8c51c8d76374c6e0e1fe981763547271d5c,NO,Cotton,Cotton,Main,Main,Cotton,Cotton
0,datasets\raw\Cotton\curl_virus\curl333.jpg,datasets\raw\Cotton\curl_virus\curl393.jpg,dce65e2a1c672355e708899a4479eed3f593a434d901129530a434e243e2bac3,5d11d7d7f2be50444b30a03577e962b86a4ca667d8ebab3bc2228fe3ecdb238d,NO,Cotton,Cotton,Main,Main,Cotton,Cotton
0,datasets\raw\Cotton\curl_virus\curl334.jpg,datasets\raw\Cotton\curl_virus\curl394.jpg,344f984c0bf032ac5a69c52080463e7b7ec5d2486fe9d038a177cadc708d371b,b6344495f290cfe8d9719b761c0489be7db8ccbf09bdc861f88baaf4e61e05a3,NO,Cotton,Cotton,Main,Main,Cotton,Cotton
0,datasets\raw\Cotton\curl_virus\curl343.jpg,datasets\raw\Cotton\curl_virus\curl8.jpg,6d6d8cda4ddaa6e48b07f896ac5365d724b5abf16dcd92c299c40dbd6193e63a,6d6d8cda4ddaa6e48b07f896ac5365d724b5abf16dcd92c299c40dbd6193e63a,YES,Cotton,Cotton,Main,Main,Cotton,Cotton
0,datasets\raw\Cotton\curl_virus\curl346.jpg,datasets\raw\Cotton\curl_virus\curl350.jpg,a1ccf7a3a240d870b0db950507a1d08038c82b641b0bd923c90eaa1ea0854f0e,988f8a2fdde0c30c75085e91bc3eb4b2ec78a7d40b35c6a07b5beb585cbcb78f,NO,Cotton,Cotton,Main,Main,Cotton,Cotton
0,datasets\raw\Cotton\curl_virus\curl355.jpg,datasets\raw\Cotton\curl_virus\curl359.jpg,89deffeea9d18caba19c01ea491d3d078db92b197c078b55aec4dc6ba8702b8e,b1110b111fd75951166cd9e1a0e23ba6a24da4c55e29adf581bc89d3a164c17d,NO,Cotton,Cotton,Main,Main,Cotton,Cotton
0,datasets\raw\Cotton\curl_virus\curl356.jpg,datasets\raw\Cotton\curl_virus\curl360.jpg,4c1a51b372c7a72deed6210ba5cf2e767c0234f19a44f3ae74247e381e3df613,6710685d58c8a440c4078929acea251f1dd346c952af1304d9c988c57410dc20,NO,Cotton,Cotton,Main,Main,Cotton,Cotton
0,datasets\raw\Cotton\curl_virus\curl357.jpg,datasets\raw\Cotton\curl_virus\curl361.jpg,cb96fdb9271e796078a85ec7652f127ed10279df0df0d7fb2fd94a1e54ea95a9,e3d4950328babd96e0e84b653d7c2cf47e5ebc4d03749c59811e25b9a53151a9,NO,Cotton,Cotton,Main,Main,Cotton,Cotton
0,datasets\raw\Cotton\curl_virus\curl358.jpg,datasets\raw\Cotton\curl_virus\curl362.jpg,d727b9bb0f88bf91bf8cc5102897e9220842407c68790c4d987a963b6510cdf8,f75bffa8c7d691c6f3d59cf499fc2df7be1dce1188cccdc72a1fd27931f8161c,NO,Cotton,Cotton,Main,Main,Cotton,Cotton
0,datasets\raw\Cotton\curl_virus\curl363.jpg,datasets\raw\Cotton\curl_virus\curl367.jpg,db96ed00953718fc75bed68c9719fdb09eb97140e49ae4ecc64f3d0607e3a4ed,43abc2ef9dd2cf52cb52872cf9254db8dce6cbb7dfcf14c4f7f0388920c6b762,NO,Cotton,Cotton,Main,Main,Cotton,Cotton
0,datasets\raw\Cotton\curl_virus\curl363.jpg,datasets\raw\Cotton\curl_virus\curl42.jpg,db96ed00953718fc75bed68c9719fdb09eb97140e49ae4ecc64f3d0607e3a4ed,db96ed00953718fc75bed68c9719fdb09eb97140e49ae4ecc64f3d0607e3a4ed,YES,Cotton,Cotton,Main,Main,Cotton,Cotton
0,datasets\raw\Cotton\curl_virus\curl367.jpg,datasets\raw\Cotton\curl_virus\curl42.jpg,43abc2ef9dd2cf52cb52872cf9254db8dce6cbb7dfcf14c4f7f0388920c6b762,db96ed00953718fc75bed68c9719fdb09eb97140e49ae4ecc64f3d0607e3a4ed,NO,Cotton,Cotton,Main,Main,Cotton,Cotton
0,datasets\raw\Cotton\curl_virus\curl364.jpg,datasets\raw\Cotton\curl_virus\curl368.jpg,9a54568953b77767677af03c1f8983b6a02c3c89d0dade03ea8c638fd9ffc52e,31493b41f9a87f0ac84cd36b8a29fe54ed0798cf638c20fbb9fd8b70fd8ebc1b,NO,Cotton,Cotton,Main,Main,Cotton,Cotton
0,datasets\raw\Cotton\curl_virus\curl365.jpg,datasets\raw\Cotton\curl_virus\curl369.jpg,474d5026a5891bd4faca40503e1f468866c7a1fb865ea472c0d376f1c1477b19,12bc2e5fc6af33cd548b8ccd4c35fb1540d5623489f788fb7ad0d13f9da23ec4,NO,Cotton,Cotton,Main,Main,Cotton,Cotton
0,datasets\raw\Cotton\curl_virus\curl375.jpg,datasets\raw\Cotton\curl_virus\curl47.jpg,a76345b29da6c72c4b3805908d7e8d9c0e3ae6bc2b2d2c5a078907767b81aaf5,34d875bb49925c62a306f2c7fe0285e230b8eaff3dd5490f26a29112bbff6889,NO,Cotton,Cotton,Main,Main,Cotton,Cotton
0,datasets\raw\Cotton\curl_virus\curl376.jpg,datasets\raw\Cotton\curl_virus\curl57.jpg,d0fdfca194d46475eb27c5ab5e593e480585071042f2600be49d9fec981e7ac6,d0fdfca194d46475eb27c5ab5e593e480585071042f2600be49d9fec981e7ac6,YES,Cotton,Cotton,Main,Main,Cotton,Cotton
0,datasets\raw\Cotton\curl_virus\curl397.jpg,datasets\raw\Cotton\curl_virus\curl401.jpg,75b09927596c2796c5257cca801a3a4d0a99ccd1d10722fca6862411e957571d,4da918a39491205143584a8f18901504049a3651783e578e97fa2b9f523d418d,NO,Cotton,Cotton,Main,Main,Cotton,Cotton
0,datasets\raw\Cotton\curl_virus\curl398.jpg,datasets\raw\Cotton\curl_virus\curl402.jpg,4fee8acfc48109dfef4d41fb412e1ba5013ecae6052eab67ef367cf20fd7af47,14228533fd4da40277a201692319cc15de816d6da3a8f24f4c59200b9497cc18,NO,Cotton,Cotton,Main,Main,Cotton,Cotton
0,datasets\raw\Cotton\curl_virus\curl421.jpg,datasets\raw\Cotton\curl_virus\images (2).jpg,35e76b8f239db1ff104f2c53fdf219630e499d7ffa0dd2c0bf257eddc9703a0f,35e76b8f239db1ff104f2c53fdf219630e499d7ffa0dd2c0bf257eddc9703a0f,YES,Cotton,Cotton,Main,Main,Cotton,Cotton
0,datasets\raw\Cotton\curl_virus\curl43.png,datasets\raw\Cotton\curl_virus\curl50.png,e579273bc54da8184f14dd9e95e9487bbf43d521f500793f79e3c709205a4ca7,e579273bc54da8184f14dd9e95e9487bbf43d521f500793f79e3c709205a4ca7,YES,Cotton,Cotton,Main,Main,Cotton,Cotton
0,datasets\raw\Cotton\curl_virus\curl73.jpg,datasets\raw\Cotton\curl_virus\curl78.jpg,ce4f56df99c58989c347e7b7e6d7c35202ae519b5b9c681a4929a6cf8a328a04,cbbf0d8ef916249ec8f7144600d5947f94f3ca2e628b3438458486b8ba4f5c62,NO,Cotton,Cotton,Main,Main,Cotton,Cotton
0,datasets\raw\Cotton\curl_virus\curl74.jpg,datasets\raw\Cotton\curl_virus\curl77.jpg,e50c3c8120a9f063c13ecbf8374129e428ad7c6201993030f41c95f7b9193480,170020fae6a52ee4105f91cc78ba53f69e712c5d2c22443ce400fa3c5f848e54,NO,Cotton,Cotton,Main,Main,Cotton,Cotton
0,datasets\raw\Cotton\curl_virus\curl79.jpg,datasets\raw\Cotton\curl_virus\curl84.jpg,62c6272ae05bb1ebc609fc9b6fe68920664d2e8fad265131bbe5979236d43600,dc7a39bd2913a89f50ec8b9802b034f032cb39bfb934a76612a4c41c5706bbd3,NO,Cotton,Cotton,Main,Main,Cotton,Cotton
0,datasets\raw\Cotton\curl_virus\curl79.jpg,datasets\raw\Cotton\curl_virus\curl90.jpg,62c6272ae05bb1ebc609fc9b6fe68920664d2e8fad265131bbe5979236d43600,625a7ea7bd10425c294dd083b1b5673a0e77fd8c343c70a48c2d37761b0db63e,NO,Cotton,Cotton,Main,Main,Cotton,Cotton
0,datasets\raw\Cotton\curl_virus\curl84.jpg,datasets\raw\Cotton\curl_virus\curl90.jpg,dc7a39bd2913a89f50ec8b9802b034f032cb39bfb934a76612a4c41c5706bbd3,625a7ea7bd10425c294dd083b1b5673a0e77fd8c343c70a48c2d37761b0db63e,NO,Cotton,Cotton,Main,Main,Cotton,Cotton
0,datasets\raw\Cotton\curl_virus\curl80.jpg,datasets\raw\Cotton\curl_virus\curl85.jpg,fa0c4be291b87443016717298af4a2528fc0db39b11d570a35eec1c46ff0d407,409b1a2a11a4fdff17a7085a066329f2d46d309f6495f634eb7b77b347adee3d,NO,Cotton,Cotton,Main,Main,Cotton,Cotton
0,datasets\raw\Cotton\curl_virus\curl83.jpg,datasets\raw\Cotton\curl_virus\curl89.jpg,4f431d274a3ff9610543aca1282826e5f6a26fb59d05fee9b63ee3c141b5e0a1,d39c7387397b2ba136ad9a537943051870604dc7a4ef58271d7af3ec31fe3cef,NO,Cotton,Cotton,Main,Main,Cotton,Cotton
0,datasets\raw\Cotton\fussarium_wilt\done.jpg,datasets\raw\Cotton\fussarium_wilt\fus9.jpg,b8aaabfa87d5d62ca42669fd5f3d42d72ddf8fcab620a12da1696144fab14fac,b8aaabfa87d5d62ca42669fd5f3d42d72ddf8fcab620a12da1696144fab14fac,YES,Cotton,Cotton,Main,Main,Cotton,Cotton
0,datasets\raw\Cotton\fussarium_wilt\done.jpg,datasets\raw\Cotton\fussarium_wilt\unnamed.jpg,b8aaabfa87d5d62ca42669fd5f3d42d72ddf8fcab620a12da1696144fab14fac,5d70085bbf520cb0f2b161f239fd2ea2e6de403246b7deaccc88dbfee166eac3,NO,Cotton,Cotton,Main,Main,Cotton,Cotton
0,datasets\raw\Cotton\fussarium_wilt\fus9.jpg,datasets\raw\Cotton\fussarium_wilt\unnamed.jpg,b8aaabfa87d5d62ca42669fd5f3d42d72ddf8fcab620a12da1696144fab14fac,5d70085bbf520cb0f2b161f239fd2ea2e6de403246b7deaccc88dbfee166eac3,NO,Cotton,Cotton,Main,Main,Cotton,Cotton
0,datasets\raw\Cotton\fussarium_wilt\done1.jpg,datasets\raw\Cotton\fussarium_wilt\fus16.jpg,e1ae28c9ebad6eb60117881090c250757a1d39c10f05bcac41348807ceb52b98,e1ae28c9ebad6eb60117881090c250757a1d39c10f05bcac41348807ceb52b98,YES,Cotton,Cotton,Main,Main,Cotton,Cotton
0,datasets\raw\Cotton\fussarium_wilt\done1.jpg,datasets\raw\Cotton\fussarium_wilt\fus20.jpg,e1ae28c9ebad6eb60117881090c250757a1d39c10f05bcac41348807ceb52b98,ea3aa95595b3babd645616d75f872d93f2b72776b1033b6fc3d4ef4999a937c3,NO,Cotton,Cotton,Main,Main,Cotton,Cotton
0,datasets\raw\Cotton\fussarium_wilt\done1.jpg,datasets\raw\Cotton\fussarium_wilt\fus24.jpg,e1ae28c9ebad6eb60117881090c250757a1d39c10f05bcac41348807ceb52b98,ea3aa95595b3babd645616d75f872d93f2b72776b1033b6fc3d4ef4999a937c3,NO,Cotton,Cotton,Main,Main,Cotton,Cotton
0,datasets\raw\Cotton\fussarium_wilt\fus16.jpg,datasets\raw\Cotton\fussarium_wilt\fus20.jpg,e1ae28c9ebad6eb60117881090c250757a1d39c10f05bcac41348807ceb52b98,ea3aa95595b3babd645616d75f872d93f2b72776b1033b6fc3d4ef4999a937c3,NO,Cotton,Cotton,Main,Main,Cotton,Cotton
0,datasets\raw\Cotton\fussarium_wilt\fus16.jpg,datasets\raw\Cotton\fussarium_wilt\fus24.jpg,e1ae28c9ebad6eb60117881090c250757a1d39c10f05bcac41348807ceb52b98,ea3aa95595b3babd645616d75f872d93f2b72776b1033b6fc3d4ef4999a937c3,NO,Cotton,Cotton,Main,Main,Cotton,Cotton
0,datasets\raw\Cotton\fussarium_wilt\fus20.jpg,datasets\raw\Cotton\fussarium_wilt\fus24.jpg,ea3aa95595b3babd645616d75f872d93f2b72776b1033b6fc3d4ef4999a937c3,ea3aa95595b3babd645616d75f872d93f2b72776b1033b6fc3d4ef4999a937c3,YES,Cotton,Cotton,Main,Main,Cotton,Cotton
0,datasets\raw\Cotton\fussarium_wilt\done10.jpg,datasets\raw\Cotton\fussarium_wilt\fus84.jpg,6ad215d2405ddafe3f8ee0d1c22b2855f00ae41672676ff4984032d7632d70d3,6ad215d2405ddafe3f8ee0d1c22b2855f00ae41672676ff4984032d7632d70d3,YES,Cotton,Cotton,Main,Main,Cotton,Cotton
0,datasets\raw\Cotton\fussarium_wilt\done11.jpg,datasets\raw\Cotton\fussarium_wilt\fus116.jpg,1401db92f344a43f4d47e2e8efc8694131664da8b9c3350b6c987e9e5c884ea9,1401db92f344a43f4d47e2e8efc8694131664da8b9c3350b6c987e9e5c884ea9,YES,Cotton,Cotton,Main,Main,Cotton,Cotton
0,datasets\raw\Cotton\fussarium_wilt\done12.jpg,datasets\raw\Cotton\fussarium_wilt\fus120.jpg,2ea48fcef90b07c3129d64f71f531b87ddd0290936479735b2d1eae0b9583cd5,2ea48fcef90b07c3129d64f71f531b87ddd0290936479735b2d1eae0b9583cd5,YES,Cotton,Cotton,Main,Main,Cotton,Cotton
0,datasets\raw\Cotton\fussarium_wilt\done12.jpg,datasets\raw\Cotton\fussarium_wilt\fus_oxy_plant.jpg,2ea48fcef90b07c3129d64f71f531b87ddd0290936479735b2d1eae0b9583cd5,9b7d022f52adbdb7164144985ead698dc571271ad34b5e9ef8ee20b6012d7d9d,NO,Cotton,Cotton,Main,Main,Cotton,Cotton
0,datasets\raw\Cotton\fussarium_wilt\fus120.jpg,datasets\raw\Cotton\fussarium_wilt\fus_oxy_plant.jpg,2ea48fcef90b07c3129d64f71f531b87ddd0290936479735b2d1eae0b9583cd5,9b7d022f52adbdb7164144985ead698dc571271ad34b5e9ef8ee20b6012d7d9d,NO,Cotton,Cotton,Main,Main,Cotton,Cotton
0,datasets\raw\Cotton\fussarium_wilt\done13.jpg,datasets\raw\Cotton\fussarium_wilt\fus128.jpg,e428385eeb0748f0ea0a0bd126cad79bab8be9b8a181f66e567726a9e2e9210c,e428385eeb0748f0ea0a0bd126cad79bab8be9b8a181f66e567726a9e2e9210c,YES,Cotton,Cotton,Main,Main,Cotton,Cotton
0,datasets\raw\Cotton\fussarium_wilt\done14.jpg,datasets\raw\Cotton\fussarium_wilt\fus136.jpg,aa4749970a26e454ecef3c1e255897734d41389608694a3e7bdc0f5c30f37351,aa4749970a26e454ecef3c1e255897734d41389608694a3e7bdc0f5c30f37351,YES,Cotton,Cotton,Main,Main,Cotton,Cotton
0,datasets\raw\Cotton\fussarium_wilt\done15.png,datasets\raw\Cotton\fussarium_wilt\fus144.png,5e1d5ba04dbdeeaef30170cb72a5be09ded29b3aaeaf50bb37526c46c2669bca,5e1d5ba04dbdeeaef30170cb72a5be09ded29b3aaeaf50bb37526c46c2669bca,YES,Cotton,Cotton,Main,Main,Cotton,Cotton
0,datasets\raw\Cotton\fussarium_wilt\done16.jpg,datasets\raw\Cotton\fussarium_wilt\fus153.jpg,2b11a5261ce80796dd146daa869c2bf19433555c29efa061136acb7cc8c69732,2b11a5261ce80796dd146daa869c2bf19433555c29efa061136acb7cc8c69732,YES,Cotton,Cotton,Main,Main,Cotton,Cotton
0,datasets\raw\Cotton\fussarium_wilt\done17.jpg,datasets\raw\Cotton\fussarium_wilt\fus159.jpg,c8d8eb759a5334cfc072672c057b9d9c09ae56c37368acd1ee4b43214cec19ce,c8d8eb759a5334cfc072672c057b9d9c09ae56c37368acd1ee4b43214cec19ce,YES,Cotton,Cotton,Main,Main,Cotton,Cotton
0,datasets\raw\Cotton\fussarium_wilt\done17.jpg,datasets\raw\Cotton\fussarium_wilt\images.jpg,c8d8eb759a5334cfc072672c057b9d9c09ae56c37368acd1ee4b43214cec19ce,7fa4e2a0bef171f6cf52082f0c32c85c0db7a9a330ceededce6c9297f1f9f7a6,NO,Cotton,Cotton,Main,Main,Cotton,Cotton
0,datasets\raw\Cotton\fussarium_wilt\fus159.jpg,datasets\raw\Cotton\fussarium_wilt\images.jpg,c8d8eb759a5334cfc072672c057b9d9c09ae56c37368acd1ee4b43214cec19ce,7fa4e2a0bef171f6cf52082f0c32c85c0db7a9a330ceededce6c9297f1f9f7a6,NO,Cotton,Cotton,Main,Main,Cotton,Cotton
0,datasets\raw\Cotton\fussarium_wilt\done18.jpg,datasets\raw\Cotton\fussarium_wilt\fus167.jpg,c4f84cbc232bc56dac2677959b6e091ffd639c4d46e7c2e4cad615a253c9cb59,c4f84cbc232bc56dac2677959b6e091ffd639c4d46e7c2e4cad615a253c9cb59,YES,Cotton,Cotton,Main,Main,Cotton,Cotton
0,datasets\raw\Cotton\fussarium_wilt\done19.jpg,datasets\raw\Cotton\fussarium_wilt\fus175.jpg,78030e7257ec1760a52340ba270683aa3a1665b3bfcc9477902492528555888c,78030e7257ec1760a52340ba270683aa3a1665b3bfcc9477902492528555888c,YES,Cotton,Cotton,Main,Main,Cotton,Cotton
0,datasets\raw\Cotton\fussarium_wilt\done19.jpg,datasets\raw\Cotton\fussarium_wilt\fus179.jpg,78030e7257ec1760a52340ba270683aa3a1665b3bfcc9477902492528555888c,7ad7c7b0863d31b040cb0d42839cd848754aae445fc81daf841f9074c32ae0c9,NO,Cotton,Cotton,Main,Main,Cotton,Cotton
0,datasets\raw\Cotton\fussarium_wilt\fus175.jpg,datasets\raw\Cotton\fussarium_wilt\fus179.jpg,78030e7257ec1760a52340ba270683aa3a1665b3bfcc9477902492528555888c,7ad7c7b0863d31b040cb0d42839cd848754aae445fc81daf841f9074c32ae0c9,NO,Cotton,Cotton,Main,Main,Cotton,Cotton
0,datasets\raw\Cotton\fussarium_wilt\done20.jpg,datasets\raw\Cotton\fussarium_wilt\fus198.jpg,fc1c1b5512b037daf435c7452f9181b523c467e20944ae0f5c0fe110e32ef43a,fc1c1b5512b037daf435c7452f9181b523c467e20944ae0f5c0fe110e32ef43a,YES,Cotton,Cotton,Main,Main,Cotton,Cotton
0,datasets\raw\Cotton\fussarium_wilt\done20.jpg,datasets\raw\Cotton\fussarium_wilt\fus202.jpg,fc1c1b5512b037daf435c7452f9181b523c467e20944ae0f5c0fe110e32ef43a,5a195990bf0f79e34a112c7c78df35ad5ef9c56c1693f98329dba1b222a76441,NO,Cotton,Cotton,Main,Main,Cotton,Cotton
0,datasets\raw\Cotton\fussarium_wilt\fus198.jpg,datasets\raw\Cotton\fussarium_wilt\fus202.jpg,fc1c1b5512b037daf435c7452f9181b523c467e20944ae0f5c0fe110e32ef43a,5a195990bf0f79e34a112c7c78df35ad5ef9c56c1693f98329dba1b222a76441,NO,Cotton,Cotton,Main,Main,Cotton,Cotton
0,datasets\raw\Cotton\fussarium_wilt\done21.jpg,datasets\raw\Cotton\fussarium_wilt\FOV4-leaf-symptoms-courtesy-UC-Davis_468x351.jpg,914591b49dcc7c5355933158fcaf04dea0148018116989abf3a7bf51ebc9d42f,914591b49dcc7c5355933158fcaf04dea0148018116989abf3a7bf51ebc9d42f,YES,Cotton,Cotton,Main,Main,Cotton,Cotton
0,datasets\raw\Cotton\fussarium_wilt\done23.png,datasets\raw\Cotton\fussarium_wilt\Figure-2B.png,1a22e182676bca9bff5a64f60e125c9fa4677009d07f8fb5ddebe366780030d1,1a22e182676bca9bff5a64f60e125c9fa4677009d07f8fb5ddebe366780030d1,YES,Cotton,Cotton,Main,Main,Cotton,Cotton
0,datasets\raw\Cotton\fussarium_wilt\done5.jpg,datasets\raw\Cotton\fussarium_wilt\fus33.jpg,22a25a1f1d6184ed734f0eaebe5ec09d402f83ecb5830237f91de7180c4d298c,22a25a1f1d6184ed734f0eaebe5ec09d402f83ecb5830237f91de7180c4d298c,YES,Cotton,Cotton,Main,Main,Cotton,Cotton
0,datasets\raw\Cotton\fussarium_wilt\done6.jpg,datasets\raw\Cotton\fussarium_wilt\fus41.jpg,e786ab8861c3287d831cedf3e451bc38abd61ea5ecfa43e44039202c53d13d66,e786ab8861c3287d831cedf3e451bc38abd61ea5ecfa43e44039202c53d13d66,YES,Cotton,Cotton,Main,Main,Cotton,Cotton
0,datasets\raw\Cotton\fussarium_wilt\done8 (2).jpg,datasets\raw\Cotton\fussarium_wilt\fus64.jpg,1e5c1a775c0cd0ed1bf96bb09b6eac7e579e459baae453ce800ced6587b06c8a,1e5c1a775c0cd0ed1bf96bb09b6eac7e579e459baae453ce800ced6587b06c8a,YES,Cotton,Cotton,Main,Main,Cotton,Cotton
0,datasets\raw\Cotton\fussarium_wilt\done8.jpg,datasets\raw\Cotton\fussarium_wilt\fus57.jpg,c282123080b516a051537a8a458505ae0fe7512fd06904267d4f84d988084503,c282123080b516a051537a8a458505ae0fe7512fd06904267d4f84d988084503,YES,Cotton,Cotton,Main,Main,Cotton,Cotton
0,datasets\raw\Cotton\fussarium_wilt\done9.jpg,datasets\raw\Cotton\fussarium_wilt\fus72.jpg,edc67cc73301eaf0a852e7eec0f84457e7f5b2d2a25fdccec3bc0cc80e911da9,edc67cc73301eaf0a852e7eec0f84457e7f5b2d2a25fdccec3bc0cc80e911da9,YES,Cotton,Cotton,Main,Main,Cotton,Cotton
0,datasets\raw\Cotton\fussarium_wilt\done9.jpg,datasets\raw\Cotton\fussarium_wilt\fus76.jpg,edc67cc73301eaf0a852e7eec0f84457e7f5b2d2a25fdccec3bc0cc80e911da9,2b8251a27c04b4b4bb75db443ba124cebffb09a919a98d6ebdab976d74ccb072,NO,Cotton,Cotton,Main,Main,Cotton,Cotton
0,datasets\raw\Cotton\fussarium_wilt\fus72.jpg,datasets\raw\Cotton\fussarium_wilt\fus76.jpg,edc67cc73301eaf0a852e7eec0f84457e7f5b2d2a25fdccec3bc0cc80e911da9,2b8251a27c04b4b4bb75db443ba124cebffb09a919a98d6ebdab976d74ccb072,NO,Cotton,Cotton,Main,Main,Cotton,Cotton
0,datasets\raw\Cotton\fussarium_wilt\Figure-2A.png,datasets\raw\Cotton\fussarium_wilt\fus222.png,75b9a266a6609d710c7a5a1aa06a3f41e14ea20e2b6d378423985bc32847cec0,75b9a266a6609d710c7a5a1aa06a3f41e14ea20e2b6d378423985bc32847cec0,YES,Cotton,Cotton,Main,Main,Cotton,Cotton
0,datasets\raw\Cotton\fussarium_wilt\foliar-damage-from-fusarium-oxysporum.png,datasets\raw\Cotton\fussarium_wilt\fus346.png,4b16290ecdfb88bc26bcea24ccadd754926d250768750e79d6e15ae72f9471a6,4b16290ecdfb88bc26bcea24ccadd754926d250768750e79d6e15ae72f9471a6,YES,Cotton,Cotton,Main,Main,Cotton,Cotton
0,datasets\raw\Cotton\fussarium_wilt\fus10.jpg,datasets\raw\Cotton\fussarium_wilt\fus13.jpg,0883f74e450052c0c46037557e9a192f399050998fa7dbab3d57cf9808786916,a11a53372b55289c68b01a93a7770eeaa50d2d59e5a70f46def78e94e0eb353f,NO,Cotton,Cotton,Main,Main,Cotton,Cotton
0,datasets\raw\Cotton\fussarium_wilt\fus101.jpg,datasets\raw\Cotton\fussarium_wilt\fus105.jpg,830d556c559e4d7d55190ff9b2ed7831558ec712856efbd0bd2402711c831520,e051180f7f341874bb1d455cd09de2ebbff5100866d2e14f0aac3c4f7a7ec4c5,NO,Cotton,Cotton,Main,Main,Cotton,Cotton
0,datasets\raw\Cotton\fussarium_wilt\fus103.jpg,datasets\raw\Cotton\fussarium_wilt\fus107.jpg,5155353d04104d02651dba4550e7f2ee92ff7b10be758f5a95ba2a185edee481,a214aea4944a5261e53bef0f3d2ea84ffbc894f95c50e0f2ef3e53c1e7c8d0e5,NO,Cotton,Cotton,Main,Main,Cotton,Cotton
0,datasets\raw\Cotton\fussarium_wilt\fus11.jpg,datasets\raw\Cotton\fussarium_wilt\fus14.jpg,b1884df826093b91413e9bc0580da6fff90a138487d5815f3c1d0c0e7c6b4f21,6449b31b342a354f415209335c5b3c91d501b478a6365d110fa27a8d489d3ce4,NO,Cotton,Cotton,Main,Main,Cotton,Cotton
0,datasets\raw\Cotton\fussarium_wilt\fus145.png,datasets\raw\Cotton\fussarium_wilt\fus149.png,ffdfb9818f37007b939ab51ada39d1832b946bf7c70c0f37fd7d341772357e98,5668210db731c1771ef1bc126b96baec5b0bcc807c6cdcac5a6882f2d7a5c592,NO,Cotton,Cotton,Main,Main,Cotton,Cotton
0,datasets\raw\Cotton\fussarium_wilt\fus15.jpg,datasets\raw\Cotton\fussarium_wilt\susariumwilt.jpg,ee11e5cb74d63380af47443dcdf7f8b4b258cf3f842884f2ed09736161d7723a,5ea64030923e163411419eba6356881c9c8938c2211d6316eebf29a7a6555373,NO,Cotton,Cotton,Main,Main,Cotton,Cotton
0,datasets\raw\Cotton\fussarium_wilt\fus151.jpg,datasets\raw\Cotton\fussarium_wilt\fus155.jpg,68c9a437b7feeea0365650229823202ff1425371c272df2155c50d3eb96126b8,44535b7d53b9af93666b521ecb9c3a4de47972a7517fa65c927b85f95240fc05,NO,Cotton,Cotton,Main,Main,Cotton,Cotton
0,datasets\raw\Cotton\fussarium_wilt\fus176.jpg,datasets\raw\Cotton\fussarium_wilt\fus180.jpg,94aaecbe61ec16f70b65c7cf8a484d5ddbae585c244be5556a5b05a2e0d4254a,90fc4a6a674ccf7a813bc4f7935dd7b95211795bd124d83c74a433e8c892fdd9,NO,Cotton,Cotton,Main,Main,Cotton,Cotton
0,datasets\raw\Cotton\fussarium_wilt\fus177.jpg,datasets\raw\Cotton\fussarium_wilt\fus181.jpg,47d8c5b66d961b18c5ce3a3c0f2824d44842aecdae462252868c22f9ae84a022,98dc9179b4f3581832cf6cef18adad50cba647080ad882e8afe89f0d9679cf82,NO,Cotton,Cotton,Main,Main,Cotton,Cotton
0,datasets\raw\Cotton\fussarium_wilt\fus178.jpg,datasets\raw\Cotton\fussarium_wilt\fus182.jpg,eab4a58a9d0920773839961c7d4bc7471cc12a2de5702fd4e642f1eade1a0a6b,2b60316a13e04b9831ae22f51d7f0b5449655ae2a9943616e5b73466d8ac0335,NO,Cotton,Cotton,Main,Main,Cotton,Cotton
0,datasets\raw\Cotton\fussarium_wilt\fus18.jpg,datasets\raw\Cotton\fussarium_wilt\fus22.jpg,96b100ef155708b9e816bab9adcff1a93d55d7251cfd2ce547924f221db2049b,3083b7dcc8a48b41d09794a6f113ed737cf03858b20d691c03449f614c289215,NO,Cotton,Cotton,Main,Main,Cotton,Cotton
0,datasets\raw\Cotton\fussarium_wilt\fus19.jpg,datasets\raw\Cotton\fussarium_wilt\fus23.jpg,b7d93502aae0c693049a003ce920b7bb2df8e219e4e2325ac613bfea52cde634,57b442c36d0fd14dd644feb8fca1f13c981a160e7e8f01db793a59cfa1e79807,NO,Cotton,Cotton,Main,Main,Cotton,Cotton
0,datasets\raw\Cotton\fussarium_wilt\fus199.jpg,datasets\raw\Cotton\fussarium_wilt\fus203.jpg,8c786f17e5cc97de68df7fbbb47aa3a4a9300852a8f12a4f4021d1b985463270,8a4b8317d9ff65942a5ed62c9f027f57a0e4c4aaab9d8b6e489f5e4f538ab850,NO,Cotton,Cotton,Main,Main,Cotton,Cotton
0,datasets\raw\Cotton\fussarium_wilt\fus200.jpg,datasets\raw\Cotton\fussarium_wilt\fus204.jpg,ba7f1ac68b9a9b945f0c6494e1d00373d2f560263c1e5197d772d5837e01d97c,c4dc4bc99ae7e01b8973995c10a78dbb6fb0893ba81b10915b7ff9f1d06ed62f,NO,Cotton,Cotton,Main,Main,Cotton,Cotton
0,datasets\raw\Cotton\fussarium_wilt\fus201.jpg,datasets\raw\Cotton\fussarium_wilt\fus205.jpg,01f320ecb7ef3f6f01fabd4c05d2338055d6517392fd7a3888d49d58e17c94de,10f093fbc508b9e28904c8fc198f897c785e9d768a8ec5298f56199a74a30962,NO,Cotton,Cotton,Main,Main,Cotton,Cotton
0,datasets\raw\Cotton\fussarium_wilt\fus227.png,datasets\raw\Cotton\fussarium_wilt\fus231.png,5ae47c3cf4c0b96b6c83cd54a9d8a7be38a2453c3a0daf62fcf75cf870c1c5f6,394658dcc6054c4371e280823ea4491c27aa7c8322d21f9aa00344d410cf0d76,NO,Cotton,Cotton,Main,Main,Cotton,Cotton
0,datasets\raw\Cotton\fussarium_wilt\fus230.png,datasets\raw\Cotton\fussarium_wilt\fus234.png,3e215b7d40f41d3d1a6af7c0e0013268b5ffa60e4c6764fab94f5cebcf91bf60,6a1b102bf97b6589d49480e405f0d3275ce5b6c8cc816210cb386d6775387d1a,NO,Cotton,Cotton,Main,Main,Cotton,Cotton
0,datasets\raw\Cotton\fussarium_wilt\fus237.jpg,datasets\raw\Cotton\fussarium_wilt\fus241.jpg,f7cb5d1b5b79fff74caed3c83c6576d19df87bdf91c57844c9632729e12e174b,eab2ed2d4d51ca643fc34c995736de13d4dc23ff1f43e52a997fe5cd8967c6eb,NO,Cotton,Cotton,Main,Main,Cotton,Cotton
0,datasets\raw\Cotton\fussarium_wilt\fus25.jpg,datasets\raw\Cotton\fussarium_wilt\fus29.jpg,a71ce800d6a26818a4292d9a8948e0f071fcfe4124d3ab9bcf097b53037329d0,d5c2f027621c10db6a7887fa2c325ec568fd83d9ffc49e22559598275e09e5a8,NO,Cotton,Cotton,Main,Main,Cotton,Cotton
0,datasets\raw\Cotton\fussarium_wilt\fus255.jpg,datasets\raw\Cotton\fussarium_wilt\fus259.jpg,cfcbb7cc255177fac8223ead9add52f25d124a684e7d468b119134b9bed210e7,34189958ed4a2c0b18df3f711ab197f0f0e70366bfb50b8b6660bad2b4d2ae45,NO,Cotton,Cotton,Main,Main,Cotton,Cotton
0,datasets\raw\Cotton\fussarium_wilt\fus26.jpg,datasets\raw\Cotton\fussarium_wilt\fus30.jpg,612ef6795119766e125b86e4838eb708844ce079b7ac63d54c0ab38dbff0ad86,87f85c53891d63e2fe5046f6d7e4b6d8393024ae6a473188553a00426fc1eebe,NO,Cotton,Cotton,Main,Main,Cotton,Cotton
0,datasets\raw\Cotton\fussarium_wilt\fus27.jpg,datasets\raw\Cotton\fussarium_wilt\fus31.jpg,646bf7ad1712be7d4123d0c805da3d8c148a3e35993982b93d3d045999ae5763,8998f6b5d5fa54cc8935a49213d05590aac1a9cdc2a5fbf2adbc8d13ef43a0a8,NO,Cotton,Cotton,Main,Main,Cotton,Cotton
0,datasets\raw\Cotton\fussarium_wilt\fus271.jpg,datasets\raw\Cotton\fussarium_wilt\fus275.jpg,c36f8466881cbb8bd6a52e5673c823c7984b664097296302db36b41ff54d9739,761becda0725254cfb60d344ce47569b4fa922d69a0cf99031ed1a11912dbba1,NO,Cotton,Cotton,Main,Main,Cotton,Cotton
0,datasets\raw\Cotton\fussarium_wilt\fus272.jpg,datasets\raw\Cotton\fussarium_wilt\fus276.jpg,a104dfd52adbc25c2793d764a7aef12f78ac6b41e16faf5e1213332912a52ae9,1fa4a26c0ddca104d1e89a48e32f3b94fcc5a1adc91424b6a1339e1f917f1237,NO,Cotton,Cotton,Main,Main,Cotton,Cotton
0,datasets\raw\Cotton\fussarium_wilt\fus274.jpg,datasets\raw\Cotton\fussarium_wilt\fus278.jpg,25273ed207f7f0e5712077d6c7f059a61feda451f1d2a4cbadaddc8471376b66,b8f7b31b5459a23b0e8069310b3bc11b67a7880d3bd9675fcca91be27de5faac,NO,Cotton,Cotton,Main,Main,Cotton,Cotton
0,datasets\raw\Cotton\fussarium_wilt\fus299.jpg,datasets\raw\Cotton\fussarium_wilt\fus300.jpg,280fcb950a02564f667d4cb4b97cfdb543c10365b75e7b6f7a4dc18d41b046d8,73b4cb00aff44b2c7a1ae5a20e87b598a5dc4df764535b0f95a79f5b7b41adc4,NO,Cotton,Cotton,Main,Main,Cotton,Cotton
0,datasets\raw\Cotton\fussarium_wilt\fus309.JPG,datasets\raw\Cotton\fussarium_wilt\fus310.JPG,fd1ea34ca1b8d2aeb87409a8f066cbf6b3bc95a7a454ebb0376edc2fd494aaa9,fd1ea34ca1b8d2aeb87409a8f066cbf6b3bc95a7a454ebb0376edc2fd494aaa9,YES,Cotton,Cotton,Main,Main,Cotton,Cotton
0,datasets\raw\Cotton\fussarium_wilt\fus309.JPG,datasets\raw\Cotton\fussarium_wilt\fus314.JPG,fd1ea34ca1b8d2aeb87409a8f066cbf6b3bc95a7a454ebb0376edc2fd494aaa9,bd2e09848c6d30ce0edbfa7ff646a4a51527fb2f6714ebafa062a2c6053b19c1,NO,Cotton,Cotton,Main,Main,Cotton,Cotton
0,datasets\raw\Cotton\fussarium_wilt\fus310.JPG,datasets\raw\Cotton\fussarium_wilt\fus314.JPG,fd1ea34ca1b8d2aeb87409a8f066cbf6b3bc95a7a454ebb0376edc2fd494aaa9,bd2e09848c6d30ce0edbfa7ff646a4a51527fb2f6714ebafa062a2c6053b19c1,NO,Cotton,Cotton,Main,Main,Cotton,Cotton
0,datasets\raw\Cotton\fussarium_wilt\fus311.JPG,datasets\raw\Cotton\fussarium_wilt\fus315.JPG,a649a2335c52dafc0fcac0c0f5be3247b206f96b7d66979ce0f6e02f687ca97f,2f6ca94a8f5cc8b52a689dde0262afe3ec81843415df8389b059accbcfa3371d,NO,Cotton,Cotton,Main,Main,Cotton,Cotton
0,datasets\raw\Cotton\fussarium_wilt\fus312.JPG,datasets\raw\Cotton\fussarium_wilt\fus316.JPG,506d5cb4dd00a5f698929a6c86708069a35ec093023ec9219def03015699a529,a41b85d6b13521b30ba3b523bddfec8cd184ead8ee7043d4a524e2f5934de093,NO,Cotton,Cotton,Main,Main,Cotton,Cotton
0,datasets\raw\Cotton\fussarium_wilt\fus318.jpg,datasets\raw\Cotton\fussarium_wilt\fus322.jpg,0cf0e7d509b75db5d9cb4bbd06f9ac9ceee333ce3b004be8ad963bf508ce409c,277fbe45c1705744c0fef91a35d7e0ee22cc2f9cb22cfe447d01dd7a1b061121,NO,Cotton,Cotton,Main,Main,Cotton,Cotton
0,datasets\raw\Cotton\fussarium_wilt\fus334.jpg,datasets\raw\Cotton\fussarium_wilt\fus338.jpg,82831ef91a86050f1945fe7386b73c96ead70d9899ade154e0a87be3c03cbcf7,60d7648fb6a2f098857c0cd7c64d0e129aad27f5827f4877856d5f53e4f029f0,NO,Cotton,Cotton,Main,Main,Cotton,Cotton
0,datasets\raw\Cotton\fussarium_wilt\fus335.jpg,datasets\raw\Cotton\fussarium_wilt\fus339.jpg,0d919130828474d8585a5478ffd194ead3591e83a5614f0f2f1d184c78e2ace4,42b6e90cd6ad4d6ad1b4de81de52ade6a99a04e1fbf37789df17e2c4d6fcfc77,NO,Cotton,Cotton,Main,Main,Cotton,Cotton
0,datasets\raw\Cotton\fussarium_wilt\fus336.jpg,datasets\raw\Cotton\fussarium_wilt\fus340.jpg,193d603b2d6492e275f4028e0116e95f958f4054758f3ba57a0ae14d275b452f,ffb7d78ebf6eb7f4e6cd95caad98472a1b0bd40af678203a488285218c7d13e7,NO,Cotton,Cotton,Main,Main,Cotton,Cotton
0,datasets\raw\Cotton\fussarium_wilt\fus337.jpg,datasets\raw\Cotton\fussarium_wilt\fus341.jpg,a0fdaad83b266cbf5d3842f68ba281222543b02b2cca3c5e833f6a72b94cd020,05b2d59f4b42b516dd4446a9bb316299b422d18a5098869cce3af52baaf57e27,NO,Cotton,Cotton,Main,Main,Cotton,Cotton
0,datasets\raw\Cotton\fussarium_wilt\fus374.jpg,datasets\raw\Cotton\fussarium_wilt\fus378.jpg,97ae680ec86bcb7e40ea03dca92a2c5fab6707e293d3ef438e02e83928046175,b6fb57b389500d5f152154d7e7a0bb10b4da03af1e661bb9efc0ef4d258df941,NO,Cotton,Cotton,Main,Main,Cotton,Cotton
0,datasets\raw\Cotton\fussarium_wilt\fus375.jpg,datasets\raw\Cotton\fussarium_wilt\fus379.jpg,dfafaccaa9202ae962778de3c4ba237edc5f21727c3341fde40c3add1c1a95e3,7d72aa19c8f2b56eb49a6d5982af5bd44515a5ef0a831322ca3178581f10d61e,NO,Cotton,Cotton,Main,Main,Cotton,Cotton
0,datasets\raw\Cotton\fussarium_wilt\fus376.jpg,datasets\raw\Cotton\fussarium_wilt\fus380.jpg,acae7dfe6a8672ac13998c4cfef09093f4b7493dff7624768a39e54c88dcfa99,4c6c9c004d0b6a49045062543218cf960966fd2249324ee51bbb747bb3174297,NO,Cotton,Cotton,Main,Main,Cotton,Cotton
0,datasets\raw\Cotton\fussarium_wilt\fus377.jpg,datasets\raw\Cotton\fussarium_wilt\fus381.jpg,d95ae0b9a8cdd9f48a1ed57799b1ab57b0dad6e6d5b0ae1eb6115156ee824b3d,f04e0457000f164f7b0ede40f77ddba118008f65c86763b7d0b2154591c7b9f8,NO,Cotton,Cotton,Main,Main,Cotton,Cotton
0,datasets\raw\Cotton\fussarium_wilt\fus382.jpg,datasets\raw\Cotton\fussarium_wilt\fus383.jpg,bea5d016f1d6577cf4523c2c4458e1819ee282a3045ef07d760d83fbe426c144,726bb176129ab6a95a711d1bc095c19fd4e779cae3de325cad199bb0629c084f,NO,Cotton,Cotton,Main,Main,Cotton,Cotton
0,datasets\raw\Cotton\fussarium_wilt\fus44.jpg,datasets\raw\Cotton\fussarium_wilt\fus48.jpg,533ab2e0eee2e3489d96b0463d1dc8c50c2a79c3ba84d55efa5761837f694977,672f96077ae795de4aa35c18740bd0948ff27ce36b75cc2061a93ae65791c363,NO,Cotton,Cotton,Main,Main,Cotton,Cotton
0,datasets\raw\Cotton\fussarium_wilt\fus65.jpg,datasets\raw\Cotton\fussarium_wilt\fus69.jpg,b3bd7b73744b302b51c88d73135af6beb25919691746e2b394f60e292ebcda3c,d2b8b24a1de73381c62ee2a270091dc9d188a0a11474932517ac375918910ecd,NO,Cotton,Cotton,Main,Main,Cotton,Cotton
0,datasets\raw\Cotton\fussarium_wilt\fus66.jpg,datasets\raw\Cotton\fussarium_wilt\fus70.jpg,ab34ed4dca1cb8fb3e4e573c8c56971f500f500da758cf71ad7bf1d58d6d1f88,843e4e4f53e44a3619010f68c5bfd582505ece6b0accc5325fc7130976e1e855,NO,Cotton,Cotton,Main,Main,Cotton,Cotton
0,datasets\raw\Cotton\fussarium_wilt\fus67.jpg,datasets\raw\Cotton\fussarium_wilt\fus71.jpg,098084231a1a5a7eeaafe062c75ea1c7f008ef4c399e7bba93303016aa6270c8,e4c5b1d044925bbc9950655739b7636b3700e726b59cfaf29094c93ef4936c6b,NO,Cotton,Cotton,Main,Main,Cotton,Cotton
0,datasets\raw\Cotton\fussarium_wilt\fus75.jpg,datasets\raw\Cotton\fussarium_wilt\fus79.jpg,50a9f77ec41dd0d7bf25d0d5eb49f1815b01498dd62d6b951456395cf43be353,a58fa7d6b6b5bae9d0c8cdacef76ecc15188767111dd6dded7a392f5d9748902,NO,Cotton,Cotton,Main,Main,Cotton,Cotton
0,datasets\raw\Cotton\healthy\555.jpg,datasets\raw\Cotton\healthy\h484.jpg,77fcc3d3fdda33fed460311e3ec8bdec8ced26e08b6dedc99057b101343367d0,77fcc3d3fdda33fed460311e3ec8bdec8ced26e08b6dedc99057b101343367d0,YES,Cotton,Cotton,Main,Main,Cotton,Cotton
0,datasets\raw\Cotton\healthy\h100.jpg,datasets\raw\Cotton\healthy\h101.jpg,034e6adb2a946f42f06b0aceebb0496abb08afa653c2afea18288fd4ea176799,9fd6a45a280e5e80ec87d036b98371e96758e6f9d0eaf71f407645d8b22f119f,NO,Cotton,Cotton,Main,Main,Cotton,Cotton
0,datasets\raw\Cotton\healthy\h100.jpg,datasets\raw\Cotton\healthy\h102.jpg,034e6adb2a946f42f06b0aceebb0496abb08afa653c2afea18288fd4ea176799,d797e43119f1bbc6691a84c1b60b157fd213099f3d235a28115ddeb07c5ecbfe,NO,Cotton,Cotton,Main,Main,Cotton,Cotton
0,datasets\raw\Cotton\healthy\h100.jpg,datasets\raw\Cotton\healthy\h99.jpg,034e6adb2a946f42f06b0aceebb0496abb08afa653c2afea18288fd4ea176799,1e15dc37b42c08708ecdede158b2c116aef84b81e6393e1776a4c98ec3bd4497,NO,Cotton,Cotton,Main,Main,Cotton,Cotton
0,datasets\raw\Cotton\healthy\h101.jpg,datasets\raw\Cotton\healthy\h102.jpg,9fd6a45a280e5e80ec87d036b98371e96758e6f9d0eaf71f407645d8b22f119f,d797e43119f1bbc6691a84c1b60b157fd213099f3d235a28115ddeb07c5ecbfe,NO,Cotton,Cotton,Main,Main,Cotton,Cotton
0,datasets\raw\Cotton\healthy\h101.jpg,datasets\raw\Cotton\healthy\h99.jpg,9fd6a45a280e5e80ec87d036b98371e96758e6f9d0eaf71f407645d8b22f119f,1e15dc37b42c08708ecdede158b2c116aef84b81e6393e1776a4c98ec3bd4497,NO,Cotton,Cotton,Main,Main,Cotton,Cotton
0,datasets\raw\Cotton\healthy\h102.jpg,datasets\raw\Cotton\healthy\h99.jpg,d797e43119f1bbc6691a84c1b60b157fd213099f3d235a28115ddeb07c5ecbfe,1e15dc37b42c08708ecdede158b2c116aef84b81e6393e1776a4c98ec3bd4497,NO,Cotton,Cotton,Main,Main,Cotton,Cotton
0,datasets\raw\Cotton\healthy\h103.jpg,datasets\raw\Cotton\healthy\h104.jpg,5498e6ab837c82b7fb865552f468218b7c8b4712008573e6a0657421b16d6df4,b8b0cc7d883c6d8b06ac84619488be243f2ca1300cc7d50e5a9bc57a71ef33e3,NO,Cotton,Cotton,Main,Main,Cotton,Cotton
0,datasets\raw\Cotton\healthy\h103.jpg,datasets\raw\Cotton\healthy\h105.jpg,5498e6ab837c82b7fb865552f468218b7c8b4712008573e6a0657421b16d6df4,aaf6da37fd808fac14f8d8a4eb1c7ac9a84b753e7a63125c90ca970905c93115,NO,Cotton,Cotton,Main,Main,Cotton,Cotton
0,datasets\raw\Cotton\healthy\h104.jpg,datasets\raw\Cotton\healthy\h105.jpg,b8b0cc7d883c6d8b06ac84619488be243f2ca1300cc7d50e5a9bc57a71ef33e3,aaf6da37fd808fac14f8d8a4eb1c7ac9a84b753e7a63125c90ca970905c93115,NO,Cotton,Cotton,Main,Main,Cotton,Cotton
0,datasets\raw\Cotton\healthy\h106.jpg,datasets\raw\Cotton\healthy\h107.jpg,b41f6261e0b2fe233852728e7d7de1f6b7a27bf2f0d3938dec3620b14fc3ba4b,5ead18203ec5ec43d67844fa5764b22272fa1383394691449d4324f0044a6484,NO,Cotton,Cotton,Main,Main,Cotton,Cotton
0,datasets\raw\Cotton\healthy\h106.jpg,datasets\raw\Cotton\healthy\h108.jpg,b41f6261e0b2fe233852728e7d7de1f6b7a27bf2f0d3938dec3620b14fc3ba4b,06037909a51c0078f96dfef00883209ddf19cf0441046d330c2cb07d6f9f9fbc,NO,Cotton,Cotton,Main,Main,Cotton,Cotton
0,datasets\raw\Cotton\healthy\h106.jpg,datasets\raw\Cotton\healthy\h109.jpg,b41f6261e0b2fe233852728e7d7de1f6b7a27bf2f0d3938dec3620b14fc3ba4b,06037909a51c0078f96dfef00883209ddf19cf0441046d330c2cb07d6f9f9fbc,NO,Cotton,Cotton,Main,Main,Cotton,Cotton
0,datasets\raw\Cotton\healthy\h107.jpg,datasets\raw\Cotton\healthy\h108.jpg,5ead18203ec5ec43d67844fa5764b22272fa1383394691449d4324f0044a6484,06037909a51c0078f96dfef00883209ddf19cf0441046d330c2cb07d6f9f9fbc,NO,Cotton,Cotton,Main,Main,Cotton,Cotton
0,datasets\raw\Cotton\healthy\h107.jpg,datasets\raw\Cotton\healthy\h109.jpg,5ead18203ec5ec43d67844fa5764b22272fa1383394691449d4324f0044a6484,06037909a51c0078f96dfef00883209ddf19cf0441046d330c2cb07d6f9f9fbc,NO,Cotton,Cotton,Main,Main,Cotton,Cotton
0,datasets\raw\Cotton\healthy\h108.jpg,datasets\raw\Cotton\healthy\h109.jpg,06037909a51c0078f96dfef00883209ddf19cf0441046d330c2cb07d6f9f9fbc,06037909a51c0078f96dfef00883209ddf19cf0441046d330c2cb07d6f9f9fbc,YES,Cotton,Cotton,Main,Main,Cotton,Cotton
0,datasets\raw\Cotton\healthy\h111.jpg,datasets\raw\Cotton\healthy\h112.jpg,d71325cc34fc049e3721272221b44926fa90f7749a9c60391650fdb98bb2ad57,935e190bb8db700dd3058ce81b3469682548eb7501ea5b396b0aa7d5abea533e,NO,Cotton,Cotton,Main,Main,Cotton,Cotton
0,datasets\raw\Cotton\healthy\h111.jpg,datasets\raw\Cotton\healthy\h113.jpg,d71325cc34fc049e3721272221b44926fa90f7749a9c60391650fdb98bb2ad57,acc9c2958fd7a1cb70a3cde39734121a9e9c75455d9cd1171f71434e77e8a618,NO,Cotton,Cotton,Main,Main,Cotton,Cotton
0,datasets\raw\Cotton\healthy\h112.jpg,datasets\raw\Cotton\healthy\h113.jpg,935e190bb8db700dd3058ce81b3469682548eb7501ea5b396b0aa7d5abea533e,acc9c2958fd7a1cb70a3cde39734121a9e9c75455d9cd1171f71434e77e8a618,NO,Cotton,Cotton,Main,Main,Cotton,Cotton
0,datasets\raw\Cotton\healthy\h114.jpg,datasets\raw\Cotton\healthy\h309.jpg,581b5fe4eae46a4fecfe93cf5a2bd5a4c50dc4b6a4927ab492eee371bcb95dab,581b5fe4eae46a4fecfe93cf5a2bd5a4c50dc4b6a4927ab492eee371bcb95dab,YES,Cotton,Cotton,Main,Main,Cotton,Cotton
0,datasets\raw\Cotton\healthy\h115.jpg,datasets\raw\Cotton\healthy\h116.jpg,f166dc3d59813ca8ecc1eaacab8620e873d08f90f2b538d1c12dbbf58392ef06,47ecb4135b4dd766dba43ab7f0a0be83a3e98a10665c08e62952dd789a04d61f,NO,Cotton,Cotton,Main,Main,Cotton,Cotton
0,datasets\raw\Cotton\healthy\h115.jpg,datasets\raw\Cotton\healthy\h118.jpg,f166dc3d59813ca8ecc1eaacab8620e873d08f90f2b538d1c12dbbf58392ef06,a319def00157a62ec0ab243daf298e9ef28d2516898ae4bf8902225d2013b6f9,NO,Cotton,Cotton,Main,Main,Cotton,Cotton
0,datasets\raw\Cotton\healthy\h115.jpg,datasets\raw\Cotton\healthy\h120.jpg,f166dc3d59813ca8ecc1eaacab8620e873d08f90f2b538d1c12dbbf58392ef06,0e7eb93fd46d0f0fac6c10c69268e9bc7f53af93bb5fa7dcc5f68380e8734d00,NO,Cotton,Cotton,Main,Main,Cotton,Cotton
0,datasets\raw\Cotton\healthy\h116.jpg,datasets\raw\Cotton\healthy\h118.jpg,47ecb4135b4dd766dba43ab7f0a0be83a3e98a10665c08e62952dd789a04d61f,a319def00157a62ec0ab243daf298e9ef28d2516898ae4bf8902225d2013b6f9,NO,Cotton,Cotton,Main,Main,Cotton,Cotton
0,datasets\raw\Cotton\healthy\h116.jpg,datasets\raw\Cotton\healthy\h120.jpg,47ecb4135b4dd766dba43ab7f0a0be83a3e98a10665c08e62952dd789a04d61f,0e7eb93fd46d0f0fac6c10c69268e9bc7f53af93bb5fa7dcc5f68380e8734d00,NO,Cotton,Cotton,Main,Main,Cotton,Cotton
0,datasets\raw\Cotton\healthy\h118.jpg,datasets\raw\Cotton\healthy\h120.jpg,a319def00157a62ec0ab243daf298e9ef28d2516898ae4bf8902225d2013b6f9,0e7eb93fd46d0f0fac6c10c69268e9bc7f53af93bb5fa7dcc5f68380e8734d00,NO,Cotton,Cotton,Main,Main,Cotton,Cotton
0,datasets\raw\Cotton\healthy\h125.jpg,datasets\raw\Cotton\healthy\h129.jpg,431558e8514cd45818fa57725b3e180f247ff5d83a926c4c3b4f12e6b4eaaef1,1ace4c7044985f6024e45425d89b9d8536545ce227e0eecd308960872a95a09b,NO,Cotton,Cotton,Main,Main,Cotton,Cotton
0,datasets\raw\Cotton\healthy\h125.jpg,datasets\raw\Cotton\healthy\h130.jpg,431558e8514cd45818fa57725b3e180f247ff5d83a926c4c3b4f12e6b4eaaef1,431558e8514cd45818fa57725b3e180f247ff5d83a926c4c3b4f12e6b4eaaef1,YES,Cotton,Cotton,Main,Main,Cotton,Cotton
0,datasets\raw\Cotton\healthy\h129.jpg,datasets\raw\Cotton\healthy\h130.jpg,1ace4c7044985f6024e45425d89b9d8536545ce227e0eecd308960872a95a09b,431558e8514cd45818fa57725b3e180f247ff5d83a926c4c3b4f12e6b4eaaef1,NO,Cotton,Cotton,Main,Main,Cotton,Cotton
0,datasets\raw\Cotton\healthy\h126.jpg,datasets\raw\Cotton\healthy\h127.jpg,4b561c903394ecf1990111b2dce88d071964589295ae4a6d27a4ab45d60419a3,5a57af3244ceaf9e31d4ec7e1511b93d3721702610d4eaec1858a129255f035e,NO,Cotton,Cotton,Main,Main,Cotton,Cotton
0,datasets\raw\Cotton\healthy\h126.jpg,datasets\raw\Cotton\healthy\h128.jpg,4b561c903394ecf1990111b2dce88d071964589295ae4a6d27a4ab45d60419a3,273bc967e7b636de4cf251a26bd9941f8f5d0e4079bcf3f35cd0a64a76f8c0d7,NO,Cotton,Cotton,Main,Main,Cotton,Cotton
0,datasets\raw\Cotton\healthy\h126.jpg,datasets\raw\Cotton\healthy\h310.jpg,4b561c903394ecf1990111b2dce88d071964589295ae4a6d27a4ab45d60419a3,429433c9c13bd46be506edff1edfe1eb3d950e4b578f612305aeeb6c1eb9f06d,NO,Cotton,Cotton,Main,Main,Cotton,Cotton
0,datasets\raw\Cotton\healthy\h127.jpg,datasets\raw\Cotton\healthy\h128.jpg,5a57af3244ceaf9e31d4ec7e1511b93d3721702610d4eaec1858a129255f035e,273bc967e7b636de4cf251a26bd9941f8f5d0e4079bcf3f35cd0a64a76f8c0d7,NO,Cotton,Cotton,Main,Main,Cotton,Cotton
0,datasets\raw\Cotton\healthy\h127.jpg,datasets\raw\Cotton\healthy\h310.jpg,5a57af3244ceaf9e31d4ec7e1511b93d3721702610d4eaec1858a129255f035e,429433c9c13bd46be506edff1edfe1eb3d950e4b578f612305aeeb6c1eb9f06d,NO,Cotton,Cotton,Main,Main,Cotton,Cotton
0,datasets\raw\Cotton\healthy\h128.jpg,datasets\raw\Cotton\healthy\h310.jpg,273bc967e7b636de4cf251a26bd9941f8f5d0e4079bcf3f35cd0a64a76f8c0d7,429433c9c13bd46be506edff1edfe1eb3d950e4b578f612305aeeb6c1eb9f06d,NO,Cotton,Cotton,Main,Main,Cotton,Cotton
0,datasets\raw\Cotton\healthy\h133.jpg,datasets\raw\Cotton\healthy\h134.jpg,0258a73b33228e34fce1cb5e7e277c570057220e2e62c1480bef065b0b8f6205,30cba8e2979c188996c761fa9f03260c13192396269f5e1c113748ec1c1a9b2e,NO,Cotton,Cotton,Main,Main,Cotton,Cotton
0,datasets\raw\Cotton\healthy\h133.jpg,datasets\raw\Cotton\healthy\h135.jpg,0258a73b33228e34fce1cb5e7e277c570057220e2e62c1480bef065b0b8f6205,47bc21ef93e13d2bf842faf9671cfc23fb39dcd36672ca04059940c7a32c6846,NO,Cotton,Cotton,Main,Main,Cotton,Cotton
0,datasets\raw\Cotton\healthy\h134.jpg,datasets\raw\Cotton\healthy\h135.jpg,30cba8e2979c188996c761fa9f03260c13192396269f5e1c113748ec1c1a9b2e,47bc21ef93e13d2bf842faf9671cfc23fb39dcd36672ca04059940c7a32c6846,NO,Cotton,Cotton,Main,Main,Cotton,Cotton
0,datasets\raw\Cotton\healthy\h136.jpg,datasets\raw\Cotton\healthy\h137.jpg,84db3074b306e41f4c94256f53e764c683306564192c5ffa4999251d0f6bc3c6,79e844a8533f3231f4753f1c677abc83a5e36eac83db0d1733fa2592f9618646,NO,Cotton,Cotton,Main,Main,Cotton,Cotton
0,datasets\raw\Cotton\healthy\h136.jpg,datasets\raw\Cotton\healthy\h140.jpg,84db3074b306e41f4c94256f53e764c683306564192c5ffa4999251d0f6bc3c6,79e844a8533f3231f4753f1c677abc83a5e36eac83db0d1733fa2592f9618646,NO,Cotton,Cotton,Main,Main,Cotton,Cotton
0,datasets\raw\Cotton\healthy\h137.jpg,datasets\raw\Cotton\healthy\h140.jpg,79e844a8533f3231f4753f1c677abc83a5e36eac83db0d1733fa2592f9618646,79e844a8533f3231f4753f1c677abc83a5e36eac83db0d1733fa2592f9618646,YES,Cotton,Cotton,Main,Main,Cotton,Cotton
0,datasets\raw\Cotton\healthy\h138.jpg,datasets\raw\Cotton\healthy\h139.jpg,a9dc0d46058f6f92c9a33ca85b7430feadc6b6c92381a1cdc25e6e1f488ae77f,7990d1748b76c0f4cbfcc8273b0d59c7e68847a36be10e7202f6ec39b902b3dc,NO,Cotton,Cotton,Main,Main,Cotton,Cotton
0,datasets\raw\Cotton\healthy\h141.jpg,datasets\raw\Cotton\healthy\h142.jpg,cac53c64986f1368c49534f6ca6a03e20203ac730651b5ce8986f28e7630611c,6591c94474586c52ef6bdd2cdbae1313dd9f1568dac8512448c17168d20ab7f9,NO,Cotton,Cotton,Main,Main,Cotton,Cotton
0,datasets\raw\Cotton\healthy\h141.jpg,datasets\raw\Cotton\healthy\h145.jpg,cac53c64986f1368c49534f6ca6a03e20203ac730651b5ce8986f28e7630611c,8696f66b536a67610ca068c021bd254cae6983df0e1df7d3870c52e0c3764abf,NO,Cotton,Cotton,Main,Main,Cotton,Cotton
0,datasets\raw\Cotton\healthy\h142.jpg,datasets\raw\Cotton\healthy\h145.jpg,6591c94474586c52ef6bdd2cdbae1313dd9f1568dac8512448c17168d20ab7f9,8696f66b536a67610ca068c021bd254cae6983df0e1df7d3870c52e0c3764abf,NO,Cotton,Cotton,Main,Main,Cotton,Cotton
0,datasets\raw\Cotton\healthy\h143.jpg,datasets\raw\Cotton\healthy\h144.jpg,43a56fb3d29299b74576c63046d9209a9dbe34b0f415bd9a18715b6612ba229d,1da606478d01b4916617028b19640ef88b703a0dc3852089eb308b3b4aa7d29c,NO,Cotton,Cotton,Main,Main,Cotton,Cotton
0,datasets\raw\Cotton\healthy\h143.jpg,datasets\raw\Cotton\healthy\h146.jpg,43a56fb3d29299b74576c63046d9209a9dbe34b0f415bd9a18715b6612ba229d,7607f551463206e2468e820aeaa95e3da31d993ede84d59328960ca0f2439615,NO,Cotton,Cotton,Main,Main,Cotton,Cotton
0,datasets\raw\Cotton\healthy\h143.jpg,datasets\raw\Cotton\healthy\h147.jpg,43a56fb3d29299b74576c63046d9209a9dbe34b0f415bd9a18715b6612ba229d,d928c123f22a406417ddf9fd53689715ec5c925d68a40d4dfd3f0a03bdfc2e35,NO,Cotton,Cotton,Main,Main,Cotton,Cotton
0,datasets\raw\Cotton\healthy\h143.jpg,datasets\raw\Cotton\healthy\h155.jpg,43a56fb3d29299b74576c63046d9209a9dbe34b0f415bd9a18715b6612ba229d,d928c123f22a406417ddf9fd53689715ec5c925d68a40d4dfd3f0a03bdfc2e35,NO,Cotton,Cotton,Main,Main,Cotton,Cotton
0,datasets\raw\Cotton\healthy\h144.jpg,datasets\raw\Cotton\healthy\h146.jpg,1da606478d01b4916617028b19640ef88b703a0dc3852089eb308b3b4aa7d29c,7607f551463206e2468e820aeaa95e3da31d993ede84d59328960ca0f2439615,NO,Cotton,Cotton,Main,Main,Cotton,Cotton
0,datasets\raw\Cotton\healthy\h144.jpg,datasets\raw\Cotton\healthy\h147.jpg,1da606478d01b4916617028b19640ef88b703a0dc3852089eb308b3b4aa7d29c,d928c123f22a406417ddf9fd53689715ec5c925d68a40d4dfd3f0a03bdfc2e35,NO,Cotton,Cotton,Main,Main,Cotton,Cotton
0,datasets\raw\Cotton\healthy\h144.jpg,datasets\raw\Cotton\healthy\h155.jpg,1da606478d01b4916617028b19640ef88b703a0dc3852089eb308b3b4aa7d29c,d928c123f22a406417ddf9fd53689715ec5c925d68a40d4dfd3f0a03bdfc2e35,NO,Cotton,Cotton,Main,Main,Cotton,Cotton
0,datasets\raw\Cotton\healthy\h146.jpg,datasets\raw\Cotton\healthy\h147.jpg,7607f551463206e2468e820aeaa95e3da31d993ede84d59328960ca0f2439615,d928c123f22a406417ddf9fd53689715ec5c925d68a40d4dfd3f0a03bdfc2e35,NO,Cotton,Cotton,Main,Main,Cotton,Cotton
0,datasets\raw\Cotton\healthy\h146.jpg,datasets\raw\Cotton\healthy\h155.jpg,7607f551463206e2468e820aeaa95e3da31d993ede84d59328960ca0f2439615,d928c123f22a406417ddf9fd53689715ec5c925d68a40d4dfd3f0a03bdfc2e35,NO,Cotton,Cotton,Main,Main,Cotton,Cotton
0,datasets\raw\Cotton\healthy\h147.jpg,datasets\raw\Cotton\healthy\h155.jpg,d928c123f22a406417ddf9fd53689715ec5c925d68a40d4dfd3f0a03bdfc2e35,d928c123f22a406417ddf9fd53689715ec5c925d68a40d4dfd3f0a03bdfc2e35,YES,Cotton,Cotton,Main,Main,Cotton,Cotton
0,datasets\raw\Cotton\healthy\h152.jpg,datasets\raw\Cotton\healthy\h153.jpg,792cdfef53054f0cff33262f15d3b98dabdba25e916f0a8495a994d9f2498ef9,0029ac869addf066efca017e12a74cbf618362b894e19f4414dfe98e6400bebc,NO,Cotton,Cotton,Main,Main,Cotton,Cotton
0,datasets\raw\Cotton\healthy\h152.jpg,datasets\raw\Cotton\healthy\h154.jpg,792cdfef53054f0cff33262f15d3b98dabdba25e916f0a8495a994d9f2498ef9,792cdfef53054f0cff33262f15d3b98dabdba25e916f0a8495a994d9f2498ef9,YES,Cotton,Cotton,Main,Main,Cotton,Cotton
0,datasets\raw\Cotton\healthy\h153.jpg,datasets\raw\Cotton\healthy\h154.jpg,0029ac869addf066efca017e12a74cbf618362b894e19f4414dfe98e6400bebc,792cdfef53054f0cff33262f15d3b98dabdba25e916f0a8495a994d9f2498ef9,NO,Cotton,Cotton,Main,Main,Cotton,Cotton
0,datasets\raw\Cotton\healthy\h156.jpg,datasets\raw\Cotton\healthy\h157.jpg,382673c37492816834733f2d2ccb590ca5afae4c45f7d328442a10bdd08bd262,3a98086f6445a02696d2f7670986ac2d55bae54e3e839d39d3c6ef0e8991705e,NO,Cotton,Cotton,Main,Main,Cotton,Cotton
0,datasets\raw\Cotton\healthy\h156.jpg,datasets\raw\Cotton\healthy\h158.jpg,382673c37492816834733f2d2ccb590ca5afae4c45f7d328442a10bdd08bd262,e8f8148595a827cf6d3c0bd3fea03b1fe5d1a609fadd7506dda45307ba7c8a7a,NO,Cotton,Cotton,Main,Main,Cotton,Cotton
0,datasets\raw\Cotton\healthy\h157.jpg,datasets\raw\Cotton\healthy\h158.jpg,3a98086f6445a02696d2f7670986ac2d55bae54e3e839d39d3c6ef0e8991705e,e8f8148595a827cf6d3c0bd3fea03b1fe5d1a609fadd7506dda45307ba7c8a7a,NO,Cotton,Cotton,Main,Main,Cotton,Cotton
0,datasets\raw\Cotton\healthy\h159.jpg,datasets\raw\Cotton\healthy\h161.jpg,1072afbed555be405639fa1e47fec440436167686739b3727b6a1a914931820f,3f34f59d6628ba63f44307632c2ed8c0af4b757d24412e4afc13cf2df8595f11,NO,Cotton,Cotton,Main,Main,Cotton,Cotton
0,datasets\raw\Cotton\healthy\h159.jpg,datasets\raw\Cotton\healthy\h162.jpg,1072afbed555be405639fa1e47fec440436167686739b3727b6a1a914931820f,ad23f7988029ea1245dc28a8949c6e6d0cc2f419d5cdf1eef587e283c832e774,NO,Cotton,Cotton,Main,Main,Cotton,Cotton
0,datasets\raw\Cotton\healthy\h159.jpg,datasets\raw\Cotton\healthy\h163.jpg,1072afbed555be405639fa1e47fec440436167686739b3727b6a1a914931820f,88ba9140c0778d84d5f281f888110dc88639241ef9bd845316c3bade9a3ae48d,NO,Cotton,Cotton,Main,Main,Cotton,Cotton
0,datasets\raw\Cotton\healthy\h159.jpg,datasets\raw\Cotton\healthy\h164.jpg,1072afbed555be405639fa1e47fec440436167686739b3727b6a1a914931820f,2c0d861158042906439cff05f27fcd019ef57de632a40406267f80b1edfacd95,NO,Cotton,Cotton,Main,Main,Cotton,Cotton
0,datasets\raw\Cotton\healthy\h159.jpg,datasets\raw\Cotton\healthy\h165.jpg,1072afbed555be405639fa1e47fec440436167686739b3727b6a1a914931820f,37e173b67ecb60049a58c161d8d18340c90af97fb62ebb7336474f83ce709b0b,NO,Cotton,Cotton,Main,Main,Cotton,Cotton
0,datasets\raw\Cotton\healthy\h159.jpg,datasets\raw\Cotton\healthy\h166.jpg,1072afbed555be405639fa1e47fec440436167686739b3727b6a1a914931820f,07baf75e03bd02c4a040da11ff8532cd0a33ff9eff62c0314d609955788234ea,NO,Cotton,Cotton,Main,Main,Cotton,Cotton
0,datasets\raw\Cotton\healthy\h159.jpg,datasets\raw\Cotton\healthy\h170.jpg,1072afbed555be405639fa1e47fec440436167686739b3727b6a1a914931820f,9bd18507331c62ce75f40f6bb1fd88abdcef3fe2005873ea14a301beed5f3612,NO,Cotton,Cotton,Main,Main,Cotton,Cotton
0,datasets\raw\Cotton\healthy\h161.jpg,datasets\raw\Cotton\healthy\h162.jpg,3f34f59d6628ba63f44307632c2ed8c0af4b757d24412e4afc13cf2df8595f11,ad23f7988029ea1245dc28a8949c6e6d0cc2f419d5cdf1eef587e283c832e774,NO,Cotton,Cotton,Main,Main,Cotton,Cotton
0,datasets\raw\Cotton\healthy\h161.jpg,datasets\raw\Cotton\healthy\h163.jpg,3f34f59d6628ba63f44307632c2ed8c0af4b757d24412e4afc13cf2df8595f11,88ba9140c0778d84d5f281f888110dc88639241ef9bd845316c3bade9a3ae48d,NO,Cotton,Cotton,Main,Main,Cotton,Cotton
0,datasets\raw\Cotton\healthy\h161.jpg,datasets\raw\Cotton\healthy\h164.jpg,3f34f59d6628ba63f44307632c2ed8c0af4b757d24412e4afc13cf2df8595f11,2c0d861158042906439cff05f27fcd019ef57de632a40406267f80b1edfacd95,NO,Cotton,Cotton,Main,Main,Cotton,Cotton
0,datasets\raw\Cotton\healthy\h161.jpg,datasets\raw\Cotton\healthy\h165.jpg,3f34f59d6628ba63f44307632c2ed8c0af4b757d24412e4afc13cf2df8595f11,37e173b67ecb60049a58c161d8d18340c90af97fb62ebb7336474f83ce709b0b,NO,Cotton,Cotton,Main,Main,Cotton,Cotton
0,datasets\raw\Cotton\healthy\h161.jpg,datasets\raw\Cotton\healthy\h166.jpg,3f34f59d6628ba63f44307632c2ed8c0af4b757d24412e4afc13cf2df8595f11,07baf75e03bd02c4a040da11ff8532cd0a33ff9eff62c0314d609955788234ea,NO,Cotton,Cotton,Main,Main,Cotton,Cotton
0,datasets\raw\Cotton\healthy\h161.jpg,datasets\raw\Cotton\healthy\h170.jpg,3f34f59d6628ba63f44307632c2ed8c0af4b757d24412e4afc13cf2df8595f11,9bd18507331c62ce75f40f6bb1fd88abdcef3fe2005873ea14a301beed5f3612,NO,Cotton,Cotton,Main,Main,Cotton,Cotton
0,datasets\raw\Cotton\healthy\h162.jpg,datasets\raw\Cotton\healthy\h163.jpg,ad23f7988029ea1245dc28a8949c6e6d0cc2f419d5cdf1eef587e283c832e774,88ba9140c0778d84d5f281f888110dc88639241ef9bd845316c3bade9a3ae48d,NO,Cotton,Cotton,Main,Main,Cotton,Cotton
0,datasets\raw\Cotton\healthy\h162.jpg,datasets\raw\Cotton\healthy\h164.jpg,ad23f7988029ea1245dc28a8949c6e6d0cc2f419d5cdf1eef587e283c832e774,2c0d861158042906439cff05f27fcd019ef57de632a40406267f80b1edfacd95,NO,Cotton,Cotton,Main,Main,Cotton,Cotton
0,datasets\raw\Cotton\healthy\h162.jpg,datasets\raw\Cotton\healthy\h165.jpg,ad23f7988029ea1245dc28a8949c6e6d0cc2f419d5cdf1eef587e283c832e774,37e173b67ecb60049a58c161d8d18340c90af97fb62ebb7336474f83ce709b0b,NO,Cotton,Cotton,Main,Main,Cotton,Cotton
0,datasets\raw\Cotton\healthy\h162.jpg,datasets\raw\Cotton\healthy\h166.jpg,ad23f7988029ea1245dc28a8949c6e6d0cc2f419d5cdf1eef587e283c832e774,07baf75e03bd02c4a040da11ff8532cd0a33ff9eff62c0314d609955788234ea,NO,Cotton,Cotton,Main,Main,Cotton,Cotton
0,datasets\raw\Cotton\healthy\h162.jpg,datasets\raw\Cotton\healthy\h170.jpg,ad23f7988029ea1245dc28a8949c6e6d0cc2f419d5cdf1eef587e283c832e774,9bd18507331c62ce75f40f6bb1fd88abdcef3fe2005873ea14a301beed5f3612,NO,Cotton,Cotton,Main,Main,Cotton,Cotton
0,datasets\raw\Cotton\healthy\h163.jpg,datasets\raw\Cotton\healthy\h164.jpg,88ba9140c0778d84d5f281f888110dc88639241ef9bd845316c3bade9a3ae48d,2c0d861158042906439cff05f27fcd019ef57de632a40406267f80b1edfacd95,NO,Cotton,Cotton,Main,Main,Cotton,Cotton
0,datasets\raw\Cotton\healthy\h163.jpg,datasets\raw\Cotton\healthy\h165.jpg,88ba9140c0778d84d5f281f888110dc88639241ef9bd845316c3bade9a3ae48d,37e173b67ecb60049a58c161d8d18340c90af97fb62ebb7336474f83ce709b0b,NO,Cotton,Cotton,Main,Main,Cotton,Cotton
0,datasets\raw\Cotton\healthy\h163.jpg,datasets\raw\Cotton\healthy\h166.jpg,88ba9140c0778d84d5f281f888110dc88639241ef9bd845316c3bade9a3ae48d,07baf75e03bd02c4a040da11ff8532cd0a33ff9eff62c0314d609955788234ea,NO,Cotton,Cotton,Main,Main,Cotton,Cotton
0,datasets\raw\Cotton\healthy\h163.jpg,datasets\raw\Cotton\healthy\h170.jpg,88ba9140c0778d84d5f281f888110dc88639241ef9bd845316c3bade9a3ae48d,9bd18507331c62ce75f40f6bb1fd88abdcef3fe2005873ea14a301beed5f3612,NO,Cotton,Cotton,Main,Main,Cotton,Cotton
0,datasets\raw\Cotton\healthy\h164.jpg,datasets\raw\Cotton\healthy\h165.jpg,2c0d861158042906439cff05f27fcd019ef57de632a40406267f80b1edfacd95,37e173b67ecb60049a58c161d8d18340c90af97fb62ebb7336474f83ce709b0b,NO,Cotton,Cotton,Main,Main,Cotton,Cotton
0,datasets\raw\Cotton\healthy\h164.jpg,datasets\raw\Cotton\healthy\h166.jpg,2c0d861158042906439cff05f27fcd019ef57de632a40406267f80b1edfacd95,07baf75e03bd02c4a040da11ff8532cd0a33ff9eff62c0314d609955788234ea,NO,Cotton,Cotton,Main,Main,Cotton,Cotton
0,datasets\raw\Cotton\healthy\h164.jpg,datasets\raw\Cotton\healthy\h170.jpg,2c0d861158042906439cff05f27fcd019ef57de632a40406267f80b1edfacd95,9bd18507331c62ce75f40f6bb1fd88abdcef3fe2005873ea14a301beed5f3612,NO,Cotton,Cotton,Main,Main,Cotton,Cotton
0,datasets\raw\Cotton\healthy\h165.jpg,datasets\raw\Cotton\healthy\h166.jpg,37e173b67ecb60049a58c161d8d18340c90af97fb62ebb7336474f83ce709b0b,07baf75e03bd02c4a040da11ff8532cd0a33ff9eff62c0314d609955788234ea,NO,Cotton,Cotton,Main,Main,Cotton,Cotton
0,datasets\raw\Cotton\healthy\h165.jpg,datasets\raw\Cotton\healthy\h170.jpg,37e173b67ecb60049a58c161d8d18340c90af97fb62ebb7336474f83ce709b0b,9bd18507331c62ce75f40f6bb1fd88abdcef3fe2005873ea14a301beed5f3612,NO,Cotton,Cotton,Main,Main,Cotton,Cotton
0,datasets\raw\Cotton\healthy\h166.jpg,datasets\raw\Cotton\healthy\h170.jpg,07baf75e03bd02c4a040da11ff8532cd0a33ff9eff62c0314d609955788234ea,9bd18507331c62ce75f40f6bb1fd88abdcef3fe2005873ea14a301beed5f3612,NO,Cotton,Cotton,Main,Main,Cotton,Cotton
0,datasets\raw\Cotton\healthy\h174.jpg,datasets\raw\Cotton\healthy\h175.jpg,a65a69b1c998306b1290bef439080e580367f94de45961d3f066aa8eabe95cbb,02158f65d929ff4ec954f6bfb2a70da525f358f30798442ab2d781f49056cefc,NO,Cotton,Cotton,Main,Main,Cotton,Cotton
0,datasets\raw\Cotton\healthy\h174.jpg,datasets\raw\Cotton\healthy\h176.jpg,a65a69b1c998306b1290bef439080e580367f94de45961d3f066aa8eabe95cbb,4b2486353b0a4c270b2866b7ced33a1d64086a5fd772a532ad7c768ba4dcf63c,NO,Cotton,Cotton,Main,Main,Cotton,Cotton
0,datasets\raw\Cotton\healthy\h174.jpg,datasets\raw\Cotton\healthy\h177.jpg,a65a69b1c998306b1290bef439080e580367f94de45961d3f066aa8eabe95cbb,a36bd2c00282d5e6cce83688a35c68b93a15c40d8fd9d2479eeda1664f21584f,NO,Cotton,Cotton,Main,Main,Cotton,Cotton
0,datasets\raw\Cotton\healthy\h174.jpg,datasets\raw\Cotton\healthy\h179.jpg,a65a69b1c998306b1290bef439080e580367f94de45961d3f066aa8eabe95cbb,a36bd2c00282d5e6cce83688a35c68b93a15c40d8fd9d2479eeda1664f21584f,NO,Cotton,Cotton,Main,Main,Cotton,Cotton
0,datasets\raw\Cotton\healthy\h175.jpg,datasets\raw\Cotton\healthy\h176.jpg,02158f65d929ff4ec954f6bfb2a70da525f358f30798442ab2d781f49056cefc,4b2486353b0a4c270b2866b7ced33a1d64086a5fd772a532ad7c768ba4dcf63c,NO,Cotton,Cotton,Main,Main,Cotton,Cotton
0,datasets\raw\Cotton\healthy\h175.jpg,datasets\raw\Cotton\healthy\h177.jpg,02158f65d929ff4ec954f6bfb2a70da525f358f30798442ab2d781f49056cefc,a36bd2c00282d5e6cce83688a35c68b93a15c40d8fd9d2479eeda1664f21584f,NO,Cotton,Cotton,Main,Main,Cotton,Cotton
0,datasets\raw\Cotton\healthy\h175.jpg,datasets\raw\Cotton\healthy\h179.jpg,02158f65d929ff4ec954f6bfb2a70da525f358f30798442ab2d781f49056cefc,a36bd2c00282d5e6cce83688a35c68b93a15c40d8fd9d2479eeda1664f21584f,NO,Cotton,Cotton,Main,Main,Cotton,Cotton
0,datasets\raw\Cotton\healthy\h176.jpg,datasets\raw\Cotton\healthy\h177.jpg,4b2486353b0a4c270b2866b7ced33a1d64086a5fd772a532ad7c768ba4dcf63c,a36bd2c00282d5e6cce83688a35c68b93a15c40d8fd9d2479eeda1664f21584f,NO,Cotton,Cotton,Main,Main,Cotton,Cotton
0,datasets\raw\Cotton\healthy\h176.jpg,datasets\raw\Cotton\healthy\h179.jpg,4b2486353b0a4c270b2866b7ced33a1d64086a5fd772a532ad7c768ba4dcf63c,a36bd2c00282d5e6cce83688a35c68b93a15c40d8fd9d2479eeda1664f21584f,NO,Cotton,Cotton,Main,Main,Cotton,Cotton
0,datasets\raw\Cotton\healthy\h177.jpg,datasets\raw\Cotton\healthy\h179.jpg,a36bd2c00282d5e6cce83688a35c68b93a15c40d8fd9d2479eeda1664f21584f,a36bd2c00282d5e6cce83688a35c68b93a15c40d8fd9d2479eeda1664f21584f,YES,Cotton,Cotton,Main,Main,Cotton,Cotton
0,datasets\raw\Cotton\healthy\h178.jpg,datasets\raw\Cotton\healthy\h196.jpg,d905589c53e60b160ab4654adc6f332c2ebfa30bd6416a9da9acf5e31309789f,eba130a8a82fbfc80c2d30f15f40177cd4ccfd57ea9b9fe9c07b3db4da0c0cad,NO,Cotton,Cotton,Main,Main,Cotton,Cotton
0,datasets\raw\Cotton\healthy\h178.jpg,datasets\raw\Cotton\healthy\h197.jpg,d905589c53e60b160ab4654adc6f332c2ebfa30bd6416a9da9acf5e31309789f,1b97dc82160fd3cd4eab0b9b9c1ecc8ddfcf615c8bac289a2b510ed063bb6ef5,NO,Cotton,Cotton,Main,Main,Cotton,Cotton
0,datasets\raw\Cotton\healthy\h178.jpg,datasets\raw\Cotton\healthy\h198.jpg,d905589c53e60b160ab4654adc6f332c2ebfa30bd6416a9da9acf5e31309789f,b05c618f254660ac100a5e96e15e57c294e4f63b2fd93ffc7698fb1e7d17bfc2,NO,Cotton,Cotton,Main,Main,Cotton,Cotton
0,datasets\raw\Cotton\healthy\h196.jpg,datasets\raw\Cotton\healthy\h197.jpg,eba130a8a82fbfc80c2d30f15f40177cd4ccfd57ea9b9fe9c07b3db4da0c0cad,1b97dc82160fd3cd4eab0b9b9c1ecc8ddfcf615c8bac289a2b510ed063bb6ef5,NO,Cotton,Cotton,Main,Main,Cotton,Cotton
0,datasets\raw\Cotton\healthy\h196.jpg,datasets\raw\Cotton\healthy\h198.jpg,eba130a8a82fbfc80c2d30f15f40177cd4ccfd57ea9b9fe9c07b3db4da0c0cad,b05c618f254660ac100a5e96e15e57c294e4f63b2fd93ffc7698fb1e7d17bfc2,NO,Cotton,Cotton,Main,Main,Cotton,Cotton
0,datasets\raw\Cotton\healthy\h197.jpg,datasets\raw\Cotton\healthy\h198.jpg,1b97dc82160fd3cd4eab0b9b9c1ecc8ddfcf615c8bac289a2b510ed063bb6ef5,b05c618f254660ac100a5e96e15e57c294e4f63b2fd93ffc7698fb1e7d17bfc2,NO,Cotton,Cotton,Main,Main,Cotton,Cotton
0,datasets\raw\Cotton\healthy\h199.jpg,datasets\raw\Cotton\healthy\h200.jpg,1ae6423da46dce527a0c81560a3036ce9bd1a190443819dba61841c3ce559a42,4cf9fa79aa2aaaf0b9eb6803c454ce974d26910186cc25dc3f856b7b4f57ee15,NO,Cotton,Cotton,Main,Main,Cotton,Cotton
0,datasets\raw\Cotton\healthy\h199.jpg,datasets\raw\Cotton\healthy\h201.jpg,1ae6423da46dce527a0c81560a3036ce9bd1a190443819dba61841c3ce559a42,157dcfa1b7cd8061b68385fb4f2a527abca496a4677c87cfb2228a8a88830f51,NO,Cotton,Cotton,Main,Main,Cotton,Cotton
0,datasets\raw\Cotton\healthy\h199.jpg,datasets\raw\Cotton\healthy\h202.jpg,1ae6423da46dce527a0c81560a3036ce9bd1a190443819dba61841c3ce559a42,043baea8c07def7d5fe78cbb90ad1538c6e38b546536b0cef98c8aaa4e920e5b,NO,Cotton,Cotton,Main,Main,Cotton,Cotton
0,datasets\raw\Cotton\healthy\h199.jpg,datasets\raw\Cotton\healthy\h205.jpg,1ae6423da46dce527a0c81560a3036ce9bd1a190443819dba61841c3ce559a42,043baea8c07def7d5fe78cbb90ad1538c6e38b546536b0cef98c8aaa4e920e5b,NO,Cotton,Cotton,Main,Main,Cotton,Cotton
0,datasets\raw\Cotton\healthy\h200.jpg,datasets\raw\Cotton\healthy\h201.jpg,4cf9fa79aa2aaaf0b9eb6803c454ce974d26910186cc25dc3f856b7b4f57ee15,157dcfa1b7cd8061b68385fb4f2a527abca496a4677c87cfb2228a8a88830f51,NO,Cotton,Cotton,Main,Main,Cotton,Cotton
0,datasets\raw\Cotton\healthy\h200.jpg,datasets\raw\Cotton\healthy\h202.jpg,4cf9fa79aa2aaaf0b9eb6803c454ce974d26910186cc25dc3f856b7b4f57ee15,043baea8c07def7d5fe78cbb90ad1538c6e38b546536b0cef98c8aaa4e920e5b,NO,Cotton,Cotton,Main,Main,Cotton,Cotton
0,datasets\raw\Cotton\healthy\h200.jpg,datasets\raw\Cotton\healthy\h205.jpg,4cf9fa79aa2aaaf0b9eb6803c454ce974d26910186cc25dc3f856b7b4f57ee15,043baea8c07def7d5fe78cbb90ad1538c6e38b546536b0cef98c8aaa4e920e5b,NO,Cotton,Cotton,Main,Main,Cotton,Cotton
0,datasets\raw\Cotton\healthy\h201.jpg,datasets\raw\Cotton\healthy\h202.jpg,157dcfa1b7cd8061b68385fb4f2a527abca496a4677c87cfb2228a8a88830f51,043baea8c07def7d5fe78cbb90ad1538c6e38b546536b0cef98c8aaa4e920e5b,NO,Cotton,Cotton,Main,Main,Cotton,Cotton
0,datasets\raw\Cotton\healthy\h201.jpg,datasets\raw\Cotton\healthy\h205.jpg,157dcfa1b7cd8061b68385fb4f2a527abca496a4677c87cfb2228a8a88830f51,043baea8c07def7d5fe78cbb90ad1538c6e38b546536b0cef98c8aaa4e920e5b,NO,Cotton,Cotton,Main,Main,Cotton,Cotton
0,datasets\raw\Cotton\healthy\h202.jpg,datasets\raw\Cotton\healthy\h205.jpg,043baea8c07def7d5fe78cbb90ad1538c6e38b546536b0cef98c8aaa4e920e5b,043baea8c07def7d5fe78cbb90ad1538c6e38b546536b0cef98c8aaa4e920e5b,YES,Cotton,Cotton,Main,Main,Cotton,Cotton
0,datasets\raw\Cotton\healthy\h182.jpg,datasets\raw\Cotton\healthy\h183.jpg,8d931925581796578db9669478ba6574f215e4b6d6c3b4f07ef5c9f8e5d688e3,97ee7bbd800eebe2f9c1b69dd80ba4cc314bafb51ac37913d1904743ad6c335d,NO,Cotton,Cotton,Main,Main,Cotton,Cotton
0,datasets\raw\Cotton\healthy\h182.jpg,datasets\raw\Cotton\healthy\h184.jpg,8d931925581796578db9669478ba6574f215e4b6d6c3b4f07ef5c9f8e5d688e3,b671d52fda8450b4949d54adfdf2d073e19dbd80b19b638b160ef9db54ff03f4,NO,Cotton,Cotton,Main,Main,Cotton,Cotton
0,datasets\raw\Cotton\healthy\h182.jpg,datasets\raw\Cotton\healthy\h185.jpg,8d931925581796578db9669478ba6574f215e4b6d6c3b4f07ef5c9f8e5d688e3,fcbd1b6fbc0f6bbbc53facf3024c8874f3b6116e8531011d48c04e7dbbf743d0,NO,Cotton,Cotton,Main,Main,Cotton,Cotton
0,datasets\raw\Cotton\healthy\h183.jpg,datasets\raw\Cotton\healthy\h184.jpg,97ee7bbd800eebe2f9c1b69dd80ba4cc314bafb51ac37913d1904743ad6c335d,b671d52fda8450b4949d54adfdf2d073e19dbd80b19b638b160ef9db54ff03f4,NO,Cotton,Cotton,Main,Main,Cotton,Cotton
0,datasets\raw\Cotton\healthy\h183.jpg,datasets\raw\Cotton\healthy\h185.jpg,97ee7bbd800eebe2f9c1b69dd80ba4cc314bafb51ac37913d1904743ad6c335d,fcbd1b6fbc0f6bbbc53facf3024c8874f3b6116e8531011d48c04e7dbbf743d0,NO,Cotton,Cotton,Main,Main,Cotton,Cotton
0,datasets\raw\Cotton\healthy\h184.jpg,datasets\raw\Cotton\healthy\h185.jpg,b671d52fda8450b4949d54adfdf2d073e19dbd80b19b638b160ef9db54ff03f4,fcbd1b6fbc0f6bbbc53facf3024c8874f3b6116e8531011d48c04e7dbbf743d0,NO,Cotton,Cotton,Main,Main,Cotton,Cotton
0,datasets\raw\Cotton\healthy\h186.jpg,datasets\raw\Cotton\healthy\h187.jpg,c5151513a7a46caf8e27e0272e3bac04aef39da747fb9d5143eafc0fb294414a,7ef036b4d74aeeb6bea0492fe2300c0a8abed475cf38d404a3d76782d8d10f0a,NO,Cotton,Cotton,Main,Main,Cotton,Cotton
0,datasets\raw\Cotton\healthy\h186.jpg,datasets\raw\Cotton\healthy\h188.jpg,c5151513a7a46caf8e27e0272e3bac04aef39da747fb9d5143eafc0fb294414a,f459290ce74c1d0300eab9bceb7a5e48d9056c0920dedea5df7f04e3648c9569,NO,Cotton,Cotton,Main,Main,Cotton,Cotton
0,datasets\raw\Cotton\healthy\h186.jpg,datasets\raw\Cotton\healthy\h189.jpg,c5151513a7a46caf8e27e0272e3bac04aef39da747fb9d5143eafc0fb294414a,f1bb9028555bcb4ca5b417f1955e060c29f1ed54ec567b0b7b0f665bd0ee44a1,NO,Cotton,Cotton,Main,Main,Cotton,Cotton
0,datasets\raw\Cotton\healthy\h187.jpg,datasets\raw\Cotton\healthy\h188.jpg,7ef036b4d74aeeb6bea0492fe2300c0a8abed475cf38d404a3d76782d8d10f0a,f459290ce74c1d0300eab9bceb7a5e48d9056c0920dedea5df7f04e3648c9569,NO,Cotton,Cotton,Main,Main,Cotton,Cotton
0,datasets\raw\Cotton\healthy\h187.jpg,datasets\raw\Cotton\healthy\h189.jpg,7ef036b4d74aeeb6bea0492fe2300c0a8abed475cf38d404a3d76782d8d10f0a,f1bb9028555bcb4ca5b417f1955e060c29f1ed54ec567b0b7b0f665bd0ee44a1,NO,Cotton,Cotton,Main,Main,Cotton,Cotton
0,datasets\raw\Cotton\healthy\h188.jpg,datasets\raw\Cotton\healthy\h189.jpg,f459290ce74c1d0300eab9bceb7a5e48d9056c0920dedea5df7f04e3648c9569,f1bb9028555bcb4ca5b417f1955e060c29f1ed54ec567b0b7b0f665bd0ee44a1,NO,Cotton,Cotton,Main,Main,Cotton,Cotton
0,datasets\raw\Cotton\healthy\h190.jpg,datasets\raw\Cotton\healthy\h191.jpg,66f157d415c7ec61dd4668019931b83435a6a255d2d2a9a08636416dd2f2cd7d,02fa39869fc0a4dc42eee27f7b0d4b4b9f46d3b14218c6a63f95b88e8f79d5d8,NO,Cotton,Cotton,Main,Main,Cotton,Cotton
0,datasets\raw\Cotton\healthy\h190.jpg,datasets\raw\Cotton\healthy\h192.jpg,66f157d415c7ec61dd4668019931b83435a6a255d2d2a9a08636416dd2f2cd7d,0b3c03b45845e91669cc5d627d0993570d652c6e2c41dcaf68f28a56d5626eda,NO,Cotton,Cotton,Main,Main,Cotton,Cotton
0,datasets\raw\Cotton\healthy\h190.jpg,datasets\raw\Cotton\healthy\h193.jpg,66f157d415c7ec61dd4668019931b83435a6a255d2d2a9a08636416dd2f2cd7d,1eb0ce1a5a47e12c02e87bc11245bcf639180fa899bb5b6de57a9fc964a119f3,NO,Cotton,Cotton,Main,Main,Cotton,Cotton
0,datasets\raw\Cotton\healthy\h190.jpg,datasets\raw\Cotton\healthy\h194.jpg,66f157d415c7ec61dd4668019931b83435a6a255d2d2a9a08636416dd2f2cd7d,0b3c03b45845e91669cc5d627d0993570d652c6e2c41dcaf68f28a56d5626eda,NO,Cotton,Cotton,Main,Main,Cotton,Cotton
0,datasets\raw\Cotton\healthy\h190.jpg,datasets\raw\Cotton\healthy\h195.jpg,66f157d415c7ec61dd4668019931b83435a6a255d2d2a9a08636416dd2f2cd7d,0b3c03b45845e91669cc5d627d0993570d652c6e2c41dcaf68f28a56d5626eda,NO,Cotton,Cotton,Main,Main,Cotton,Cotton
0,datasets\raw\Cotton\healthy\h191.jpg,datasets\raw\Cotton\healthy\h192.jpg,02fa39869fc0a4dc42eee27f7b0d4b4b9f46d3b14218c6a63f95b88e8f79d5d8,0b3c03b45845e91669cc5d627d0993570d652c6e2c41dcaf68f28a56d5626eda,NO,Cotton,Cotton,Main,Main,Cotton,Cotton
0,datasets\raw\Cotton\healthy\h191.jpg,datasets\raw\Cotton\healthy\h193.jpg,02fa39869fc0a4dc42eee27f7b0d4b4b9f46d3b14218c6a63f95b88e8f79d5d8,1eb0ce1a5a47e12c02e87bc11245bcf639180fa899bb5b6de57a9fc964a119f3,NO,Cotton,Cotton,Main,Main,Cotton,Cotton
0,datasets\raw\Cotton\healthy\h191.jpg,datasets\raw\Cotton\healthy\h194.jpg,02fa39869fc0a4dc42eee27f7b0d4b4b9f46d3b14218c6a63f95b88e8f79d5d8,0b3c03b45845e91669cc5d627d0993570d652c6e2c41dcaf68f28a56d5626eda,NO,Cotton,Cotton,Main,Main,Cotton,Cotton
0,datasets\raw\Cotton\healthy\h191.jpg,datasets\raw\Cotton\healthy\h195.jpg,02fa39869fc0a4dc42eee27f7b0d4b4b9f46d3b14218c6a63f95b88e8f79d5d8,0b3c03b45845e91669cc5d627d0993570d652c6e2c41dcaf68f28a56d5626eda,NO,Cotton,Cotton,Main,Main,Cotton,Cotton
0,datasets\raw\Cotton\healthy\h192.jpg,datasets\raw\Cotton\healthy\h193.jpg,0b3c03b45845e91669cc5d627d0993570d652c6e2c41dcaf68f28a56d5626eda,1eb0ce1a5a47e12c02e87bc11245bcf639180fa899bb5b6de57a9fc964a119f3,NO,Cotton,Cotton,Main,Main,Cotton,Cotton
0,datasets\raw\Cotton\healthy\h192.jpg,datasets\raw\Cotton\healthy\h194.jpg,0b3c03b45845e91669cc5d627d0993570d652c6e2c41dcaf68f28a56d5626eda,0b3c03b45845e91669cc5d627d0993570d652c6e2c41dcaf68f28a56d5626eda,YES,Cotton,Cotton,Main,Main,Cotton,Cotton
0,datasets\raw\Cotton\healthy\h192.jpg,datasets\raw\Cotton\healthy\h195.jpg,0b3c03b45845e91669cc5d627d0993570d652c6e2c41dcaf68f28a56d5626eda,0b3c03b45845e91669cc5d627d0993570d652c6e2c41dcaf68f28a56d5626eda,YES,Cotton,Cotton,Main,Main,Cotton,Cotton
0,datasets\raw\Cotton\healthy\h193.jpg,datasets\raw\Cotton\healthy\h194.jpg,1eb0ce1a5a47e12c02e87bc11245bcf639180fa899bb5b6de57a9fc964a119f3,0b3c03b45845e91669cc5d627d0993570d652c6e2c41dcaf68f28a56d5626eda,NO,Cotton,Cotton,Main,Main,Cotton,Cotton
0,datasets\raw\Cotton\healthy\h193.jpg,datasets\raw\Cotton\healthy\h195.jpg,1eb0ce1a5a47e12c02e87bc11245bcf639180fa899bb5b6de57a9fc964a119f3,0b3c03b45845e91669cc5d627d0993570d652c6e2c41dcaf68f28a56d5626eda,NO,Cotton,Cotton,Main,Main,Cotton,Cotton
0,datasets\raw\Cotton\healthy\h194.jpg,datasets\raw\Cotton\healthy\h195.jpg,0b3c03b45845e91669cc5d627d0993570d652c6e2c41dcaf68f28a56d5626eda,0b3c03b45845e91669cc5d627d0993570d652c6e2c41dcaf68f28a56d5626eda,YES,Cotton,Cotton,Main,Main,Cotton,Cotton
0,datasets\raw\Cotton\healthy\h203.jpg,datasets\raw\Cotton\healthy\h206.jpg,cc6e9760dcfa4b9005ab83649f3fdf05edf122a1011c0eb95a3e9a7fe91bedbb,a0a16068791c0ca6a07322a108e8a87df3d0230674c4615ae54f56b5dcfaf65c,NO,Cotton,Cotton,Main,Main,Cotton,Cotton
0,datasets\raw\Cotton\healthy\h203.jpg,datasets\raw\Cotton\healthy\h207.jpg,cc6e9760dcfa4b9005ab83649f3fdf05edf122a1011c0eb95a3e9a7fe91bedbb,f2a81a37b86ed8d06e24be4eeb61955e941ee2efb1ce5e328c37fc79f5b853d6,NO,Cotton,Cotton,Main,Main,Cotton,Cotton
0,datasets\raw\Cotton\healthy\h203.jpg,datasets\raw\Cotton\healthy\h208.jpg,cc6e9760dcfa4b9005ab83649f3fdf05edf122a1011c0eb95a3e9a7fe91bedbb,cce66c09fac56856d02a36640ae59aae41760dc500b3fa916e4e0f7b646c0213,NO,Cotton,Cotton,Main,Main,Cotton,Cotton
0,datasets\raw\Cotton\healthy\h206.jpg,datasets\raw\Cotton\healthy\h207.jpg,a0a16068791c0ca6a07322a108e8a87df3d0230674c4615ae54f56b5dcfaf65c,f2a81a37b86ed8d06e24be4eeb61955e941ee2efb1ce5e328c37fc79f5b853d6,NO,Cotton,Cotton,Main,Main,Cotton,Cotton
0,datasets\raw\Cotton\healthy\h206.jpg,datasets\raw\Cotton\healthy\h208.jpg,a0a16068791c0ca6a07322a108e8a87df3d0230674c4615ae54f56b5dcfaf65c,cce66c09fac56856d02a36640ae59aae41760dc500b3fa916e4e0f7b646c0213,NO,Cotton,Cotton,Main,Main,Cotton,Cotton
0,datasets\raw\Cotton\healthy\h207.jpg,datasets\raw\Cotton\healthy\h208.jpg,f2a81a37b86ed8d06e24be4eeb61955e941ee2efb1ce5e328c37fc79f5b853d6,cce66c09fac56856d02a36640ae59aae41760dc500b3fa916e4e0f7b646c0213,NO,Cotton,Cotton,Main,Main,Cotton,Cotton
0,datasets\raw\Cotton\healthy\h209.jpg,datasets\raw\Cotton\healthy\h210.jpg,36023f299f9379cac8319f4b54bb7dec73d0fe7916ba66ca4b1dad67543c45d5,204f1d97c2ec0d81f275786f6dbb1423a4ebc592a0e7f9e563dc3a09a2dacba9,NO,Cotton,Cotton,Main,Main,Cotton,Cotton
0,datasets\raw\Cotton\healthy\h209.jpg,datasets\raw\Cotton\healthy\h211.jpg,36023f299f9379cac8319f4b54bb7dec73d0fe7916ba66ca4b1dad67543c45d5,fb6640f94b3cd4c2e1389f5d69792c749b71d1a4c2f87596ab115d4f2107bfca,NO,Cotton,Cotton,Main,Main,Cotton,Cotton
0,datasets\raw\Cotton\healthy\h209.jpg,datasets\raw\Cotton\healthy\h212.jpg,36023f299f9379cac8319f4b54bb7dec73d0fe7916ba66ca4b1dad67543c45d5,fb6640f94b3cd4c2e1389f5d69792c749b71d1a4c2f87596ab115d4f2107bfca,NO,Cotton,Cotton,Main,Main,Cotton,Cotton
0,datasets\raw\Cotton\healthy\h210.jpg,datasets\raw\Cotton\healthy\h211.jpg,204f1d97c2ec0d81f275786f6dbb1423a4ebc592a0e7f9e563dc3a09a2dacba9,fb6640f94b3cd4c2e1389f5d69792c749b71d1a4c2f87596ab115d4f2107bfca,NO,Cotton,Cotton,Main,Main,Cotton,Cotton
0,datasets\raw\Cotton\healthy\h210.jpg,datasets\raw\Cotton\healthy\h212.jpg,204f1d97c2ec0d81f275786f6dbb1423a4ebc592a0e7f9e563dc3a09a2dacba9,fb6640f94b3cd4c2e1389f5d69792c749b71d1a4c2f87596ab115d4f2107bfca,NO,Cotton,Cotton,Main,Main,Cotton,Cotton
0,datasets\raw\Cotton\healthy\h211.jpg,datasets\raw\Cotton\healthy\h212.jpg,fb6640f94b3cd4c2e1389f5d69792c749b71d1a4c2f87596ab115d4f2107bfca,fb6640f94b3cd4c2e1389f5d69792c749b71d1a4c2f87596ab115d4f2107bfca,YES,Cotton,Cotton,Main,Main,Cotton,Cotton
0,datasets\raw\Cotton\healthy\h219.png,datasets\raw\Cotton\healthy\h220.png,6cf6e2b249bb1e070b0dbd6c81c540c6b1d6ca2cd302b04723a0b92624a7a7d7,6cf6e2b249bb1e070b0dbd6c81c540c6b1d6ca2cd302b04723a0b92624a7a7d7,YES,Cotton,Cotton,Main,Main,Cotton,Cotton
0,datasets\raw\Cotton\healthy\h221.jpg,datasets\raw\Cotton\healthy\h222.jpg,21621564a80dc7254a176fd26a565c4b92c4e74d37d05f719e351d39c188c526,e86779f057b1c288c9efc3934747be27b68c88a4bd8ba319ae38e5a4e5c0c879,NO,Cotton,Cotton,Main,Main,Cotton,Cotton
0,datasets\raw\Cotton\healthy\h221.jpg,datasets\raw\Cotton\healthy\h223.jpg,21621564a80dc7254a176fd26a565c4b92c4e74d37d05f719e351d39c188c526,0ac69d7a16214b2ec04740cae9724d99b7f6a5609b6268fe7621f3e591af31ff,NO,Cotton,Cotton,Main,Main,Cotton,Cotton
0,datasets\raw\Cotton\healthy\h221.jpg,datasets\raw\Cotton\healthy\h225.jpg,21621564a80dc7254a176fd26a565c4b92c4e74d37d05f719e351d39c188c526,a107608f10687eea2ce43652aa714e844d9f0104577bcf5a16c7783ca37492b9,NO,Cotton,Cotton,Main,Main,Cotton,Cotton
0,datasets\raw\Cotton\healthy\h222.jpg,datasets\raw\Cotton\healthy\h223.jpg,e86779f057b1c288c9efc3934747be27b68c88a4bd8ba319ae38e5a4e5c0c879,0ac69d7a16214b2ec04740cae9724d99b7f6a5609b6268fe7621f3e591af31ff,NO,Cotton,Cotton,Main,Main,Cotton,Cotton
0,datasets\raw\Cotton\healthy\h222.jpg,datasets\raw\Cotton\healthy\h225.jpg,e86779f057b1c288c9efc3934747be27b68c88a4bd8ba319ae38e5a4e5c0c879,a107608f10687eea2ce43652aa714e844d9f0104577bcf5a16c7783ca37492b9,NO,Cotton,Cotton,Main,Main,Cotton,Cotton
0,datasets\raw\Cotton\healthy\h223.jpg,datasets\raw\Cotton\healthy\h225.jpg,0ac69d7a16214b2ec04740cae9724d99b7f6a5609b6268fe7621f3e591af31ff,a107608f10687eea2ce43652aa714e844d9f0104577bcf5a16c7783ca37492b9,NO,Cotton,Cotton,Main,Main,Cotton,Cotton
0,datasets\raw\Cotton\healthy\h226.jpg,datasets\raw\Cotton\healthy\h227.jpg,62f1e8e285eb9adf1d6e5c05f0249f0b8b034c4c9a1b5db7e7ec63fa91fa07f1,b9dd063f041200834c23f6ec1b6cd0a3aa0db704a64bdf228b507ec32e347ae0,NO,Cotton,Cotton,Main,Main,Cotton,Cotton
0,datasets\raw\Cotton\healthy\h226.jpg,datasets\raw\Cotton\healthy\h228.jpg,62f1e8e285eb9adf1d6e5c05f0249f0b8b034c4c9a1b5db7e7ec63fa91fa07f1,704e0eb434d29d0183dbc563b79f830c60b7b6a7a9e97a8209aadf9dd4f44b0f,NO,Cotton,Cotton,Main,Main,Cotton,Cotton
0,datasets\raw\Cotton\healthy\h226.jpg,datasets\raw\Cotton\healthy\h229.jpg,62f1e8e285eb9adf1d6e5c05f0249f0b8b034c4c9a1b5db7e7ec63fa91fa07f1,8e4a30278ff835f94d74a3f03054ae5a80eb0ec722de90d6ad6bc900fb425008,NO,Cotton,Cotton,Main,Main,Cotton,Cotton
0,datasets\raw\Cotton\healthy\h227.jpg,datasets\raw\Cotton\healthy\h228.jpg,b9dd063f041200834c23f6ec1b6cd0a3aa0db704a64bdf228b507ec32e347ae0,704e0eb434d29d0183dbc563b79f830c60b7b6a7a9e97a8209aadf9dd4f44b0f,NO,Cotton,Cotton,Main,Main,Cotton,Cotton
0,datasets\raw\Cotton\healthy\h227.jpg,datasets\raw\Cotton\healthy\h229.jpg,b9dd063f041200834c23f6ec1b6cd0a3aa0db704a64bdf228b507ec32e347ae0,8e4a30278ff835f94d74a3f03054ae5a80eb0ec722de90d6ad6bc900fb425008,NO,Cotton,Cotton,Main,Main,Cotton,Cotton
0,datasets\raw\Cotton\healthy\h228.jpg,datasets\raw\Cotton\healthy\h229.jpg,704e0eb434d29d0183dbc563b79f830c60b7b6a7a9e97a8209aadf9dd4f44b0f,8e4a30278ff835f94d74a3f03054ae5a80eb0ec722de90d6ad6bc900fb425008,NO,Cotton,Cotton,Main,Main,Cotton,Cotton
0,datasets\raw\Cotton\healthy\h230.jpg,datasets\raw\Cotton\healthy\h231.jpg,4cd060dd23a1f8d8c3d154443473e33805426b9a653cf01741ee917c2eeb4854,2a242936636e81e338cfdc1c764df0d8440d7b2e84ef0a8d8018c3c66cb1dbda,NO,Cotton,Cotton,Main,Main,Cotton,Cotton
0,datasets\raw\Cotton\healthy\h230.jpg,datasets\raw\Cotton\healthy\h232.jpg,4cd060dd23a1f8d8c3d154443473e33805426b9a653cf01741ee917c2eeb4854,5dffff6bebde3c443006b16290a2abf98002d3cb93df810ce520a63a1a65703a,NO,Cotton,Cotton,Main,Main,Cotton,Cotton
0,datasets\raw\Cotton\healthy\h230.jpg,datasets\raw\Cotton\healthy\h235.jpg,4cd060dd23a1f8d8c3d154443473e33805426b9a653cf01741ee917c2eeb4854,4c859d9a88c144ec0a78c129d119084d72c1bb8b29ec4f574b2abb0c1f3e8989,NO,Cotton,Cotton,Main,Main,Cotton,Cotton
0,datasets\raw\Cotton\healthy\h231.jpg,datasets\raw\Cotton\healthy\h232.jpg,2a242936636e81e338cfdc1c764df0d8440d7b2e84ef0a8d8018c3c66cb1dbda,5dffff6bebde3c443006b16290a2abf98002d3cb93df810ce520a63a1a65703a,NO,Cotton,Cotton,Main,Main,Cotton,Cotton
0,datasets\raw\Cotton\healthy\h231.jpg,datasets\raw\Cotton\healthy\h235.jpg,2a242936636e81e338cfdc1c764df0d8440d7b2e84ef0a8d8018c3c66cb1dbda,4c859d9a88c144ec0a78c129d119084d72c1bb8b29ec4f574b2abb0c1f3e8989,NO,Cotton,Cotton,Main,Main,Cotton,Cotton
0,datasets\raw\Cotton\healthy\h232.jpg,datasets\raw\Cotton\healthy\h235.jpg,5dffff6bebde3c443006b16290a2abf98002d3cb93df810ce520a63a1a65703a,4c859d9a88c144ec0a78c129d119084d72c1bb8b29ec4f574b2abb0c1f3e8989,NO,Cotton,Cotton,Main,Main,Cotton,Cotton
0,datasets\raw\Cotton\healthy\h236.jpg,datasets\raw\Cotton\healthy\h237.jpg,935fafe57b1e050683115811cf07b7d7e5c5352d03fe376cd9d3ed35887c42fb,3b3bc20cf7abe45239a56c065b359c63af80dd2e9b10807a6bdc9e1713d6c858,NO,Cotton,Cotton,Main,Main,Cotton,Cotton
0,datasets\raw\Cotton\healthy\h236.jpg,datasets\raw\Cotton\healthy\h238.jpg,935fafe57b1e050683115811cf07b7d7e5c5352d03fe376cd9d3ed35887c42fb,0ea29dd5a8208c7503e170ed284888e504a3608d88dd35c8d6b0bbd902f3f49e,NO,Cotton,Cotton,Main,Main,Cotton,Cotton
0,datasets\raw\Cotton\healthy\h237.jpg,datasets\raw\Cotton\healthy\h238.jpg,3b3bc20cf7abe45239a56c065b359c63af80dd2e9b10807a6bdc9e1713d6c858,0ea29dd5a8208c7503e170ed284888e504a3608d88dd35c8d6b0bbd902f3f49e,NO,Cotton,Cotton,Main,Main,Cotton,Cotton
0,datasets\raw\Cotton\healthy\h239.jpg,datasets\raw\Cotton\healthy\h240.jpg,c8d831986d9cb52c16bd0ab49477fb4b964c2416fae6a1f651843638222262fb,7abcbe2701e2cff609e4da3fbca2c83f0ea4aa28573e03dae5f90397a1dbebf5,NO,Cotton,Cotton,Main,Main,Cotton,Cotton
0,datasets\raw\Cotton\healthy\h239.jpg,datasets\raw\Cotton\healthy\h241.jpg,c8d831986d9cb52c16bd0ab49477fb4b964c2416fae6a1f651843638222262fb,5e363a84faa09e481803f5096704205c6723471aef22945779c1bf9ffffee103,NO,Cotton,Cotton,Main,Main,Cotton,Cotton
0,datasets\raw\Cotton\healthy\h239.jpg,datasets\raw\Cotton\healthy\h245.jpg,c8d831986d9cb52c16bd0ab49477fb4b964c2416fae6a1f651843638222262fb,5e363a84faa09e481803f5096704205c6723471aef22945779c1bf9ffffee103,NO,Cotton,Cotton,Main,Main,Cotton,Cotton
0,datasets\raw\Cotton\healthy\h240.jpg,datasets\raw\Cotton\healthy\h241.jpg,7abcbe2701e2cff609e4da3fbca2c83f0ea4aa28573e03dae5f90397a1dbebf5,5e363a84faa09e481803f5096704205c6723471aef22945779c1bf9ffffee103,NO,Cotton,Cotton,Main,Main,Cotton,Cotton
0,datasets\raw\Cotton\healthy\h240.jpg,datasets\raw\Cotton\healthy\h245.jpg,7abcbe2701e2cff609e4da3fbca2c83f0ea4aa28573e03dae5f90397a1dbebf5,5e363a84faa09e481803f5096704205c6723471aef22945779c1bf9ffffee103,NO,Cotton,Cotton,Main,Main,Cotton,Cotton
0,datasets\raw\Cotton\healthy\h241.jpg,datasets\raw\Cotton\healthy\h245.jpg,5e363a84faa09e481803f5096704205c6723471aef22945779c1bf9ffffee103,5e363a84faa09e481803f5096704205c6723471aef22945779c1bf9ffffee103,YES,Cotton,Cotton,Main,Main,Cotton,Cotton
0,datasets\raw\Cotton\healthy\h242.jpg,datasets\raw\Cotton\healthy\h243.jpg,3d07b395eb7e10d829620d5d79d345f3caff51bd95dcb57551f0114a74cde4f7,eccaad80610915795789f439879e9759979f1d6af3a22039454c60aa16cc7693,NO,Cotton,Cotton,Main,Main,Cotton,Cotton
0,datasets\raw\Cotton\healthy\h242.jpg,datasets\raw\Cotton\healthy\h244.jpg,3d07b395eb7e10d829620d5d79d345f3caff51bd95dcb57551f0114a74cde4f7,2c224a5465242cb85fc6db455d0f35dde8c54c4af3e50118e48a2609910181c6,NO,Cotton,Cotton,Main,Main,Cotton,Cotton
0,datasets\raw\Cotton\healthy\h243.jpg,datasets\raw\Cotton\healthy\h244.jpg,eccaad80610915795789f439879e9759979f1d6af3a22039454c60aa16cc7693,2c224a5465242cb85fc6db455d0f35dde8c54c4af3e50118e48a2609910181c6,NO,Cotton,Cotton,Main,Main,Cotton,Cotton
0,datasets\raw\Cotton\healthy\h246.jpg,datasets\raw\Cotton\healthy\h247.jpg,5f0b65ba945a94f4f817758fb070c9e01dd39c67d608944cb2c73b9ef53fff3d,7ff49732506e84182acd0885d705bfa11cb8ad0ea95b9488ca5a7dfa096f5285,NO,Cotton,Cotton,Main,Main,Cotton,Cotton
0,datasets\raw\Cotton\healthy\h246.jpg,datasets\raw\Cotton\healthy\h248.jpg,5f0b65ba945a94f4f817758fb070c9e01dd39c67d608944cb2c73b9ef53fff3d,1c32f8c17298fa208ea2a0108076c4548f956b7af3adfd394969850cd8595f21,NO,Cotton,Cotton,Main,Main,Cotton,Cotton
0,datasets\raw\Cotton\healthy\h247.jpg,datasets\raw\Cotton\healthy\h248.jpg,7ff49732506e84182acd0885d705bfa11cb8ad0ea95b9488ca5a7dfa096f5285,1c32f8c17298fa208ea2a0108076c4548f956b7af3adfd394969850cd8595f21,NO,Cotton,Cotton,Main,Main,Cotton,Cotton
0,datasets\raw\Cotton\healthy\h249.jpg,datasets\raw\Cotton\healthy\h251.jpg,d1974ecc4e0d17bc709aff9ed6a94f8fb23f52a838ba0f33f555a9246fc801b0,4c5dc0d7c4506d38c3ff50c2f78e2990d2383bfed820310bba8c464cc68662d7,NO,Cotton,Cotton,Main,Main,Cotton,Cotton
0,datasets\raw\Cotton\healthy\h249.jpg,datasets\raw\Cotton\healthy\h252.jpg,d1974ecc4e0d17bc709aff9ed6a94f8fb23f52a838ba0f33f555a9246fc801b0,e0f1b813efa7a3a7b45e58044843a7017e985066698f787e6a62934f8e2fd915,NO,Cotton,Cotton,Main,Main,Cotton,Cotton
0,datasets\raw\Cotton\healthy\h249.jpg,datasets\raw\Cotton\healthy\h253.jpg,d1974ecc4e0d17bc709aff9ed6a94f8fb23f52a838ba0f33f555a9246fc801b0,b61a6f73a9c2132c0f64591278274ed4b76c72bcde39b9173fa90ced7aae909e,NO,Cotton,Cotton,Main,Main,Cotton,Cotton
0,datasets\raw\Cotton\healthy\h251.jpg,datasets\raw\Cotton\healthy\h252.jpg,4c5dc0d7c4506d38c3ff50c2f78e2990d2383bfed820310bba8c464cc68662d7,e0f1b813efa7a3a7b45e58044843a7017e985066698f787e6a62934f8e2fd915,NO,Cotton,Cotton,Main,Main,Cotton,Cotton
0,datasets\raw\Cotton\healthy\h251.jpg,datasets\raw\Cotton\healthy\h253.jpg,4c5dc0d7c4506d38c3ff50c2f78e2990d2383bfed820310bba8c464cc68662d7,b61a6f73a9c2132c0f64591278274ed4b76c72bcde39b9173fa90ced7aae909e,NO,Cotton,Cotton,Main,Main,Cotton,Cotton
0,datasets\raw\Cotton\healthy\h252.jpg,datasets\raw\Cotton\healthy\h253.jpg,e0f1b813efa7a3a7b45e58044843a7017e985066698f787e6a62934f8e2fd915,b61a6f73a9c2132c0f64591278274ed4b76c72bcde39b9173fa90ced7aae909e,NO,Cotton,Cotton,Main,Main,Cotton,Cotton
0,datasets\raw\Cotton\healthy\h254.jpg,datasets\raw\Cotton\healthy\h255.jpg,99ee0a3c822f070cdec967258b24575b732157ccb5cec1b11bbe04a2c8521bac,ef34658061dde5c6040ecf61d4c419f3ca608d9f3f3e430e4570ebb9c3782215,NO,Cotton,Cotton,Main,Main,Cotton,Cotton
0,datasets\raw\Cotton\healthy\h254.jpg,datasets\raw\Cotton\healthy\h256.jpg,99ee0a3c822f070cdec967258b24575b732157ccb5cec1b11bbe04a2c8521bac,7f94ef0761530bf8e9205093dc5c21532c7d106ebba9b9adf063e37de4191545,NO,Cotton,Cotton,Main,Main,Cotton,Cotton
0,datasets\raw\Cotton\healthy\h255.jpg,datasets\raw\Cotton\healthy\h256.jpg,ef34658061dde5c6040ecf61d4c419f3ca608d9f3f3e430e4570ebb9c3782215,7f94ef0761530bf8e9205093dc5c21532c7d106ebba9b9adf063e37de4191545,NO,Cotton,Cotton,Main,Main,Cotton,Cotton
0,datasets\raw\Cotton\healthy\h257.jpg,datasets\raw\Cotton\healthy\h258.jpg,b1a35128d12c2966b155b932b25c45dce26c4c92856e016f7847bc89c637a67c,37efa321cbd219362c9c04abd32e668499e8b9bda1852ef38709bdf1b25e90eb,NO,Cotton,Cotton,Main,Main,Cotton,Cotton
0,datasets\raw\Cotton\healthy\h257.jpg,datasets\raw\Cotton\healthy\h259.jpg,b1a35128d12c2966b155b932b25c45dce26c4c92856e016f7847bc89c637a67c,1bc05a6e1e041150be2a6c507057a6a4a960343bfe7d281f09c8872b0a1d2efe,NO,Cotton,Cotton,Main,Main,Cotton,Cotton
0,datasets\raw\Cotton\healthy\h257.jpg,datasets\raw\Cotton\healthy\h261.jpg,b1a35128d12c2966b155b932b25c45dce26c4c92856e016f7847bc89c637a67c,8a09b0324413aeea171da8f8ee76008c42c27c895a8b5e22652e464689119697,NO,Cotton,Cotton,Main,Main,Cotton,Cotton
0,datasets\raw\Cotton\healthy\h258.jpg,datasets\raw\Cotton\healthy\h259.jpg,37efa321cbd219362c9c04abd32e668499e8b9bda1852ef38709bdf1b25e90eb,1bc05a6e1e041150be2a6c507057a6a4a960343bfe7d281f09c8872b0a1d2efe,NO,Cotton,Cotton,Main,Main,Cotton,Cotton
0,datasets\raw\Cotton\healthy\h258.jpg,datasets\raw\Cotton\healthy\h261.jpg,37efa321cbd219362c9c04abd32e668499e8b9bda1852ef38709bdf1b25e90eb,8a09b0324413aeea171da8f8ee76008c42c27c895a8b5e22652e464689119697,NO,Cotton,Cotton,Main,Main,Cotton,Cotton
0,datasets\raw\Cotton\healthy\h259.jpg,datasets\raw\Cotton\healthy\h261.jpg,1bc05a6e1e041150be2a6c507057a6a4a960343bfe7d281f09c8872b0a1d2efe,8a09b0324413aeea171da8f8ee76008c42c27c895a8b5e22652e464689119697,NO,Cotton,Cotton,Main,Main,Cotton,Cotton
0,datasets\raw\Cotton\healthy\h260.jpg,datasets\raw\Cotton\healthy\h316.jpg,5764e11292d52c18954e936e1e34b2fa9c834e081aae19c3d9d0438135753ca2,f2d3701213e0b90932d8732ed9adc734889540462e5f718af9f71f9dcebf1a51,NO,Cotton,Cotton,Main,Main,Cotton,Cotton
0,datasets\raw\Cotton\healthy\h260.jpg,datasets\raw\Cotton\healthy\h362.jpg,5764e11292d52c18954e936e1e34b2fa9c834e081aae19c3d9d0438135753ca2,3f73db3b4963553b8146e44bd2156d05e39533edfc8edd3caee3dc45a3c156c1,NO,Cotton,Cotton,Main,Main,Cotton,Cotton
0,datasets\raw\Cotton\healthy\h260.jpg,datasets\raw\Cotton\healthy\h363.jpg,5764e11292d52c18954e936e1e34b2fa9c834e081aae19c3d9d0438135753ca2,e3df2c2781b6c82e3c597a31b44e779d90265c76559c801ac56a7290f8cb8348,NO,Cotton,Cotton,Main,Main,Cotton,Cotton
0,datasets\raw\Cotton\healthy\h260.jpg,datasets\raw\Cotton\healthy\h364.jpg,5764e11292d52c18954e936e1e34b2fa9c834e081aae19c3d9d0438135753ca2,5764e11292d52c18954e936e1e34b2fa9c834e081aae19c3d9d0438135753ca2,YES,Cotton,Cotton,Main,Main,Cotton,Cotton
0,datasets\raw\Cotton\healthy\h316.jpg,datasets\raw\Cotton\healthy\h362.jpg,f2d3701213e0b90932d8732ed9adc734889540462e5f718af9f71f9dcebf1a51,3f73db3b4963553b8146e44bd2156d05e39533edfc8edd3caee3dc45a3c156c1,NO,Cotton,Cotton,Main,Main,Cotton,Cotton
0,datasets\raw\Cotton\healthy\h316.jpg,datasets\raw\Cotton\healthy\h363.jpg,f2d3701213e0b90932d8732ed9adc734889540462e5f718af9f71f9dcebf1a51,e3df2c2781b6c82e3c597a31b44e779d90265c76559c801ac56a7290f8cb8348,NO,Cotton,Cotton,Main,Main,Cotton,Cotton
0,datasets\raw\Cotton\healthy\h316.jpg,datasets\raw\Cotton\healthy\h364.jpg,f2d3701213e0b90932d8732ed9adc734889540462e5f718af9f71f9dcebf1a51,5764e11292d52c18954e936e1e34b2fa9c834e081aae19c3d9d0438135753ca2,NO,Cotton,Cotton,Main,Main,Cotton,Cotton
0,datasets\raw\Cotton\healthy\h362.jpg,datasets\raw\Cotton\healthy\h363.jpg,3f73db3b4963553b8146e44bd2156d05e39533edfc8edd3caee3dc45a3c156c1,e3df2c2781b6c82e3c597a31b44e779d90265c76559c801ac56a7290f8cb8348,NO,Cotton,Cotton,Main,Main,Cotton,Cotton
0,datasets\raw\Cotton\healthy\h362.jpg,datasets\raw\Cotton\healthy\h364.jpg,3f73db3b4963553b8146e44bd2156d05e39533edfc8edd3caee3dc45a3c156c1,5764e11292d52c18954e936e1e34b2fa9c834e081aae19c3d9d0438135753ca2,NO,Cotton,Cotton,Main,Main,Cotton,Cotton
0,datasets\raw\Cotton\healthy\h363.jpg,datasets\raw\Cotton\healthy\h364.jpg,e3df2c2781b6c82e3c597a31b44e779d90265c76559c801ac56a7290f8cb8348,5764e11292d52c18954e936e1e34b2fa9c834e081aae19c3d9d0438135753ca2,NO,Cotton,Cotton,Main,Main,Cotton,Cotton
0,datasets\raw\Cotton\healthy\h262.jpg,datasets\raw\Cotton\healthy\h263.jpg,338170d55a707d15d2c38bd946cd71518b98eac623de897ed246f2ca8e11549b,fe14f19ed0060d69b2c558b0cedb00d2522a6e8ed466d7cf65dd6a2431b2207b,NO,Cotton,Cotton,Main,Main,Cotton,Cotton
0,datasets\raw\Cotton\healthy\h262.jpg,datasets\raw\Cotton\healthy\h264.jpg,338170d55a707d15d2c38bd946cd71518b98eac623de897ed246f2ca8e11549b,cd9e76b7f9c0aa7b56deed8de2d814805f4cd1b933fa4856a8d014634311b1dc,NO,Cotton,Cotton,Main,Main,Cotton,Cotton
0,datasets\raw\Cotton\healthy\h262.jpg,datasets\raw\Cotton\healthy\h266.jpg,338170d55a707d15d2c38bd946cd71518b98eac623de897ed246f2ca8e11549b,6f682e3ce50d14d93e7be2cb169f80de7f49275854265d476d8164c3b5ab5355,NO,Cotton,Cotton,Main,Main,Cotton,Cotton
0,datasets\raw\Cotton\healthy\h263.jpg,datasets\raw\Cotton\healthy\h264.jpg,fe14f19ed0060d69b2c558b0cedb00d2522a6e8ed466d7cf65dd6a2431b2207b,cd9e76b7f9c0aa7b56deed8de2d814805f4cd1b933fa4856a8d014634311b1dc,NO,Cotton,Cotton,Main,Main,Cotton,Cotton
0,datasets\raw\Cotton\healthy\h263.jpg,datasets\raw\Cotton\healthy\h266.jpg,fe14f19ed0060d69b2c558b0cedb00d2522a6e8ed466d7cf65dd6a2431b2207b,6f682e3ce50d14d93e7be2cb169f80de7f49275854265d476d8164c3b5ab5355,NO,Cotton,Cotton,Main,Main,Cotton,Cotton
0,datasets\raw\Cotton\healthy\h264.jpg,datasets\raw\Cotton\healthy\h266.jpg,cd9e76b7f9c0aa7b56deed8de2d814805f4cd1b933fa4856a8d014634311b1dc,6f682e3ce50d14d93e7be2cb169f80de7f49275854265d476d8164c3b5ab5355,NO,Cotton,Cotton,Main,Main,Cotton,Cotton
0,datasets\raw\Cotton\healthy\h27.jpg,datasets\raw\Cotton\healthy\h359.jpg,7ca119865a56a47b89cb84a60f4379f381bd074b7a979154ea9c99be5579f21a,61ef00a5c3f072ead0f2f074e2adc62680980f7f8fce1d188606698a50895308,NO,Cotton,Cotton,Main,Main,Cotton,Cotton
0,datasets\raw\Cotton\healthy\h27.jpg,datasets\raw\Cotton\healthy\h360.jpg,7ca119865a56a47b89cb84a60f4379f381bd074b7a979154ea9c99be5579f21a,643b6cf8c50f3c595c5d7936a7d9501801885d4458b9d70624f9a87af6e6cde4,NO,Cotton,Cotton,Main,Main,Cotton,Cotton
0,datasets\raw\Cotton\healthy\h27.jpg,datasets\raw\Cotton\healthy\h365.jpg,7ca119865a56a47b89cb84a60f4379f381bd074b7a979154ea9c99be5579f21a,8255f39a803f73a1609dac3ae9a6cc1d6e0f833e521514792d8c6215e4a2d9c7,NO,Cotton,Cotton,Main,Main,Cotton,Cotton
0,datasets\raw\Cotton\healthy\h359.jpg,datasets\raw\Cotton\healthy\h360.jpg,61ef00a5c3f072ead0f2f074e2adc62680980f7f8fce1d188606698a50895308,643b6cf8c50f3c595c5d7936a7d9501801885d4458b9d70624f9a87af6e6cde4,NO,Cotton,Cotton,Main,Main,Cotton,Cotton
0,datasets\raw\Cotton\healthy\h359.jpg,datasets\raw\Cotton\healthy\h365.jpg,61ef00a5c3f072ead0f2f074e2adc62680980f7f8fce1d188606698a50895308,8255f39a803f73a1609dac3ae9a6cc1d6e0f833e521514792d8c6215e4a2d9c7,NO,Cotton,Cotton,Main,Main,Cotton,Cotton
0,datasets\raw\Cotton\healthy\h360.jpg,datasets\raw\Cotton\healthy\h365.jpg,643b6cf8c50f3c595c5d7936a7d9501801885d4458b9d70624f9a87af6e6cde4,8255f39a803f73a1609dac3ae9a6cc1d6e0f833e521514792d8c6215e4a2d9c7,NO,Cotton,Cotton,Main,Main,Cotton,Cotton
0,datasets\raw\Cotton\healthy\h272.jpg,datasets\raw\Cotton\healthy\h273.jpg,bb79c48e60fd0239f6d2b48d2ba743323f60b55816240665594b1ac3c748eb28,b1dcb7f04a36f3c4ad50081836d127df2ff80ddde15cfda1cc6d5ccc3942a309,NO,Cotton,Cotton,Main,Main,Cotton,Cotton
0,datasets\raw\Cotton\healthy\h272.jpg,datasets\raw\Cotton\healthy\h274.jpg,bb79c48e60fd0239f6d2b48d2ba743323f60b55816240665594b1ac3c748eb28,3966da66a35a65da276d245093ce3c457810f12739a1ff90168444fb1ec4a1fe,NO,Cotton,Cotton,Main,Main,Cotton,Cotton
0,datasets\raw\Cotton\healthy\h272.jpg,datasets\raw\Cotton\healthy\h275.jpg,bb79c48e60fd0239f6d2b48d2ba743323f60b55816240665594b1ac3c748eb28,d66644edd8e7dd24bcdef10634db3c36dba28f59276e000fe336cdf977120b79,NO,Cotton,Cotton,Main,Main,Cotton,Cotton
0,datasets\raw\Cotton\healthy\h273.jpg,datasets\raw\Cotton\healthy\h274.jpg,b1dcb7f04a36f3c4ad50081836d127df2ff80ddde15cfda1cc6d5ccc3942a309,3966da66a35a65da276d245093ce3c457810f12739a1ff90168444fb1ec4a1fe,NO,Cotton,Cotton,Main,Main,Cotton,Cotton
0,datasets\raw\Cotton\healthy\h273.jpg,datasets\raw\Cotton\healthy\h275.jpg,b1dcb7f04a36f3c4ad50081836d127df2ff80ddde15cfda1cc6d5ccc3942a309,d66644edd8e7dd24bcdef10634db3c36dba28f59276e000fe336cdf977120b79,NO,Cotton,Cotton,Main,Main,Cotton,Cotton
0,datasets\raw\Cotton\healthy\h274.jpg,datasets\raw\Cotton\healthy\h275.jpg,3966da66a35a65da276d245093ce3c457810f12739a1ff90168444fb1ec4a1fe,d66644edd8e7dd24bcdef10634db3c36dba28f59276e000fe336cdf977120b79,NO,Cotton,Cotton,Main,Main,Cotton,Cotton
0,datasets\raw\Cotton\healthy\h276.jpg,datasets\raw\Cotton\healthy\h277.jpg,e7691d30ac567290743e98cf3ff0a72f452db5a935ccdfe21b988d195b7d43a4,a63227c7929db544e221b8d9d393e3d536c4988ea1ca3013259a0710794d8287,NO,Cotton,Cotton,Main,Main,Cotton,Cotton
0,datasets\raw\Cotton\healthy\h276.jpg,datasets\raw\Cotton\healthy\h279.jpg,e7691d30ac567290743e98cf3ff0a72f452db5a935ccdfe21b988d195b7d43a4,ad810cfd280fb98e1afae9712811acc8d13e35059b5024c0900c8562737c698d,NO,Cotton,Cotton,Main,Main,Cotton,Cotton
0,datasets\raw\Cotton\healthy\h276.jpg,datasets\raw\Cotton\healthy\h341.jpg,e7691d30ac567290743e98cf3ff0a72f452db5a935ccdfe21b988d195b7d43a4,a63227c7929db544e221b8d9d393e3d536c4988ea1ca3013259a0710794d8287,NO,Cotton,Cotton,Main,Main,Cotton,Cotton
0,datasets\raw\Cotton\healthy\h276.jpg,datasets\raw\Cotton\healthy\h395.jpg,e7691d30ac567290743e98cf3ff0a72f452db5a935ccdfe21b988d195b7d43a4,ad810cfd280fb98e1afae9712811acc8d13e35059b5024c0900c8562737c698d,NO,Cotton,Cotton,Main,Main,Cotton,Cotton
0,datasets\raw\Cotton\healthy\h276.jpg,datasets\raw\Cotton\healthy\h397.jpg,e7691d30ac567290743e98cf3ff0a72f452db5a935ccdfe21b988d195b7d43a4,aca625ea6d314f5545401372d3131d30d5d5214a52bd5a6b3720f0d09fa3de03,NO,Cotton,Cotton,Main,Main,Cotton,Cotton
0,datasets\raw\Cotton\healthy\h276.jpg,datasets\raw\Cotton\healthy\h398.jpg,e7691d30ac567290743e98cf3ff0a72f452db5a935ccdfe21b988d195b7d43a4,e7691d30ac567290743e98cf3ff0a72f452db5a935ccdfe21b988d195b7d43a4,YES,Cotton,Cotton,Main,Main,Cotton,Cotton
0,datasets\raw\Cotton\healthy\h276.jpg,datasets\raw\Cotton\healthy\h399.jpg,e7691d30ac567290743e98cf3ff0a72f452db5a935ccdfe21b988d195b7d43a4,a63227c7929db544e221b8d9d393e3d536c4988ea1ca3013259a0710794d8287,NO,Cotton,Cotton,Main,Main,Cotton,Cotton
0,datasets\raw\Cotton\healthy\h277.jpg,datasets\raw\Cotton\healthy\h279.jpg,a63227c7929db544e221b8d9d393e3d536c4988ea1ca3013259a0710794d8287,ad810cfd280fb98e1afae9712811acc8d13e35059b5024c0900c8562737c698d,NO,Cotton,Cotton,Main,Main,Cotton,Cotton
0,datasets\raw\Cotton\healthy\h277.jpg,datasets\raw\Cotton\healthy\h341.jpg,a63227c7929db544e221b8d9d393e3d536c4988ea1ca3013259a0710794d8287,a63227c7929db544e221b8d9d393e3d536c4988ea1ca3013259a0710794d8287,YES,Cotton,Cotton,Main,Main,Cotton,Cotton
0,datasets\raw\Cotton\healthy\h277.jpg,datasets\raw\Cotton\healthy\h395.jpg,a63227c7929db544e221b8d9d393e3d536c4988ea1ca3013259a0710794d8287,ad810cfd280fb98e1afae9712811acc8d13e35059b5024c0900c8562737c698d,NO,Cotton,Cotton,Main,Main,Cotton,Cotton
0,datasets\raw\Cotton\healthy\h277.jpg,datasets\raw\Cotton\healthy\h397.jpg,a63227c7929db544e221b8d9d393e3d536c4988ea1ca3013259a0710794d8287,aca625ea6d314f5545401372d3131d30d5d5214a52bd5a6b3720f0d09fa3de03,NO,Cotton,Cotton,Main,Main,Cotton,Cotton
0,datasets\raw\Cotton\healthy\h277.jpg,datasets\raw\Cotton\healthy\h398.jpg,a63227c7929db544e221b8d9d393e3d536c4988ea1ca3013259a0710794d8287,e7691d30ac567290743e98cf3ff0a72f452db5a935ccdfe21b988d195b7d43a4,NO,Cotton,Cotton,Main,Main,Cotton,Cotton
0,datasets\raw\Cotton\healthy\h277.jpg,datasets\raw\Cotton\healthy\h399.jpg,a63227c7929db544e221b8d9d393e3d536c4988ea1ca3013259a0710794d8287,a63227c7929db544e221b8d9d393e3d536c4988ea1ca3013259a0710794d8287,YES,Cotton,Cotton,Main,Main,Cotton,Cotton
0,datasets\raw\Cotton\healthy\h279.jpg,datasets\raw\Cotton\healthy\h341.jpg,ad810cfd280fb98e1afae9712811acc8d13e35059b5024c0900c8562737c698d,a63227c7929db544e221b8d9d393e3d536c4988ea1ca3013259a0710794d8287,NO,Cotton,Cotton,Main,Main,Cotton,Cotton
0,datasets\raw\Cotton\healthy\h279.jpg,datasets\raw\Cotton\healthy\h395.jpg,ad810cfd280fb98e1afae9712811acc8d13e35059b5024c0900c8562737c698d,ad810cfd280fb98e1afae9712811acc8d13e35059b5024c0900c8562737c698d,YES,Cotton,Cotton,Main,Main,Cotton,Cotton
0,datasets\raw\Cotton\healthy\h279.jpg,datasets\raw\Cotton\healthy\h397.jpg,ad810cfd280fb98e1afae9712811acc8d13e35059b5024c0900c8562737c698d,aca625ea6d314f5545401372d3131d30d5d5214a52bd5a6b3720f0d09fa3de03,NO,Cotton,Cotton,Main,Main,Cotton,Cotton
0,datasets\raw\Cotton\healthy\h279.jpg,datasets\raw\Cotton\healthy\h398.jpg,ad810cfd280fb98e1afae9712811acc8d13e35059b5024c0900c8562737c698d,e7691d30ac567290743e98cf3ff0a72f452db5a935ccdfe21b988d195b7d43a4,NO,Cotton,Cotton,Main,Main,Cotton,Cotton
0,datasets\raw\Cotton\healthy\h279.jpg,datasets\raw\Cotton\healthy\h399.jpg,ad810cfd280fb98e1afae9712811acc8d13e35059b5024c0900c8562737c698d,a63227c7929db544e221b8d9d393e3d536c4988ea1ca3013259a0710794d8287,NO,Cotton,Cotton,Main,Main,Cotton,Cotton
0,datasets\raw\Cotton\healthy\h341.jpg,datasets\raw\Cotton\healthy\h395.jpg,a63227c7929db544e221b8d9d393e3d536c4988ea1ca3013259a0710794d8287,ad810cfd280fb98e1afae9712811acc8d13e35059b5024c0900c8562737c698d,NO,Cotton,Cotton,Main,Main,Cotton,Cotton
0,datasets\raw\Cotton\healthy\h341.jpg,datasets\raw\Cotton\healthy\h397.jpg,a63227c7929db544e221b8d9d393e3d536c4988ea1ca3013259a0710794d8287,aca625ea6d314f5545401372d3131d30d5d5214a52bd5a6b3720f0d09fa3de03,NO,Cotton,Cotton,Main,Main,Cotton,Cotton
0,datasets\raw\Cotton\healthy\h341.jpg,datasets\raw\Cotton\healthy\h398.jpg,a63227c7929db544e221b8d9d393e3d536c4988ea1ca3013259a0710794d8287,e7691d30ac567290743e98cf3ff0a72f452db5a935ccdfe21b988d195b7d43a4,NO,Cotton,Cotton,Main,Main,Cotton,Cotton
0,datasets\raw\Cotton\healthy\h341.jpg,datasets\raw\Cotton\healthy\h399.jpg,a63227c7929db544e221b8d9d393e3d536c4988ea1ca3013259a0710794d8287,a63227c7929db544e221b8d9d393e3d536c4988ea1ca3013259a0710794d8287,YES,Cotton,Cotton,Main,Main,Cotton,Cotton
0,datasets\raw\Cotton\healthy\h395.jpg,datasets\raw\Cotton\healthy\h397.jpg,ad810cfd280fb98e1afae9712811acc8d13e35059b5024c0900c8562737c698d,aca625ea6d314f5545401372d3131d30d5d5214a52bd5a6b3720f0d09fa3de03,NO,Cotton,Cotton,Main,Main,Cotton,Cotton
0,datasets\raw\Cotton\healthy\h395.jpg,datasets\raw\Cotton\healthy\h398.jpg,ad810cfd280fb98e1afae9712811acc8d13e35059b5024c0900c8562737c698d,e7691d30ac567290743e98cf3ff0a72f452db5a935ccdfe21b988d195b7d43a4,NO,Cotton,Cotton,Main,Main,Cotton,Cotton
0,datasets\raw\Cotton\healthy\h395.jpg,datasets\raw\Cotton\healthy\h399.jpg,ad810cfd280fb98e1afae9712811acc8d13e35059b5024c0900c8562737c698d,a63227c7929db544e221b8d9d393e3d536c4988ea1ca3013259a0710794d8287,NO,Cotton,Cotton,Main,Main,Cotton,Cotton
0,datasets\raw\Cotton\healthy\h397.jpg,datasets\raw\Cotton\healthy\h398.jpg,aca625ea6d314f5545401372d3131d30d5d5214a52bd5a6b3720f0d09fa3de03,e7691d30ac567290743e98cf3ff0a72f452db5a935ccdfe21b988d195b7d43a4,NO,Cotton,Cotton,Main,Main,Cotton,Cotton
0,datasets\raw\Cotton\healthy\h397.jpg,datasets\raw\Cotton\healthy\h399.jpg,aca625ea6d314f5545401372d3131d30d5d5214a52bd5a6b3720f0d09fa3de03,a63227c7929db544e221b8d9d393e3d536c4988ea1ca3013259a0710794d8287,NO,Cotton,Cotton,Main,Main,Cotton,Cotton
0,datasets\raw\Cotton\healthy\h398.jpg,datasets\raw\Cotton\healthy\h399.jpg,e7691d30ac567290743e98cf3ff0a72f452db5a935ccdfe21b988d195b7d43a4,a63227c7929db544e221b8d9d393e3d536c4988ea1ca3013259a0710794d8287,NO,Cotton,Cotton,Main,Main,Cotton,Cotton
0,datasets\raw\Cotton\healthy\h280.jpg,datasets\raw\Cotton\healthy\h281.jpg,d8cd5e05f615692366cfda47e8661ac036a2f9210fb97ad33b059932bb60b169,9edfada5ef750541e7399c9ce2c3179fe2e8b18cfdcc0fe7567d818eaa4af7c7,NO,Cotton,Cotton,Main,Main,Cotton,Cotton
0,datasets\raw\Cotton\healthy\h280.jpg,datasets\raw\Cotton\healthy\h282.jpg,d8cd5e05f615692366cfda47e8661ac036a2f9210fb97ad33b059932bb60b169,3c55ef1ea581d3350ad2c5c00233c7044d4b69f861ed453089f7f26acf0efc56,NO,Cotton,Cotton,Main,Main,Cotton,Cotton
0,datasets\raw\Cotton\healthy\h280.jpg,datasets\raw\Cotton\healthy\h283.jpg,d8cd5e05f615692366cfda47e8661ac036a2f9210fb97ad33b059932bb60b169,1197da0ae4ecb816ff33e8d6d5ad85562a8189b19d4f2f6df537869867fc1613,NO,Cotton,Cotton,Main,Main,Cotton,Cotton
0,datasets\raw\Cotton\healthy\h281.jpg,datasets\raw\Cotton\healthy\h282.jpg,9edfada5ef750541e7399c9ce2c3179fe2e8b18cfdcc0fe7567d818eaa4af7c7,3c55ef1ea581d3350ad2c5c00233c7044d4b69f861ed453089f7f26acf0efc56,NO,Cotton,Cotton,Main,Main,Cotton,Cotton
0,datasets\raw\Cotton\healthy\h281.jpg,datasets\raw\Cotton\healthy\h283.jpg,9edfada5ef750541e7399c9ce2c3179fe2e8b18cfdcc0fe7567d818eaa4af7c7,1197da0ae4ecb816ff33e8d6d5ad85562a8189b19d4f2f6df537869867fc1613,NO,Cotton,Cotton,Main,Main,Cotton,Cotton
0,datasets\raw\Cotton\healthy\h282.jpg,datasets\raw\Cotton\healthy\h283.jpg,3c55ef1ea581d3350ad2c5c00233c7044d4b69f861ed453089f7f26acf0efc56,1197da0ae4ecb816ff33e8d6d5ad85562a8189b19d4f2f6df537869867fc1613,NO,Cotton,Cotton,Main,Main,Cotton,Cotton
0,datasets\raw\Cotton\healthy\h284.jpg,datasets\raw\Cotton\healthy\h285.jpg,c91f7f8e7a36a6438bcf317282761215296c37339478b0361010e94274b81824,cd42fa9974654b08c760863166ff2021e82b03d396b3842b2a39ea33187636d6,NO,Cotton,Cotton,Main,Main,Cotton,Cotton
0,datasets\raw\Cotton\healthy\h284.jpg,datasets\raw\Cotton\healthy\h286.jpg,c91f7f8e7a36a6438bcf317282761215296c37339478b0361010e94274b81824,a8a05ee3e4855ef39ed54173221dc2b9519c5123bfcd0ba6d624f1fec13539df,NO,Cotton,Cotton,Main,Main,Cotton,Cotton
0,datasets\raw\Cotton\healthy\h284.jpg,datasets\raw\Cotton\healthy\h287.jpg,c91f7f8e7a36a6438bcf317282761215296c37339478b0361010e94274b81824,c0d877dfc87a8f9228d0ce3055ee6875770b286303a343892c55443624c2d8e2,NO,Cotton,Cotton,Main,Main,Cotton,Cotton
0,datasets\raw\Cotton\healthy\h284.jpg,datasets\raw\Cotton\healthy\h288.jpg,c91f7f8e7a36a6438bcf317282761215296c37339478b0361010e94274b81824,c46075ffe377f1819217479a2682a1fd11713417c22a18d19e6ee5a1754c65bf,NO,Cotton,Cotton,Main,Main,Cotton,Cotton
0,datasets\raw\Cotton\healthy\h284.jpg,datasets\raw\Cotton\healthy\h289.jpg,c91f7f8e7a36a6438bcf317282761215296c37339478b0361010e94274b81824,b89130b988676543aacda5d42fb17b20b8308ac24ea333729b2059fb0f1ac114,NO,Cotton,Cotton,Main,Main,Cotton,Cotton
0,datasets\raw\Cotton\healthy\h284.jpg,datasets\raw\Cotton\healthy\h304.jpg,c91f7f8e7a36a6438bcf317282761215296c37339478b0361010e94274b81824,4d42a97aed38d3dc1dab0a8143bc19b837edbfeb3364a7ee71fd1b58b05887a3,NO,Cotton,Cotton,Main,Main,Cotton,Cotton
0,datasets\raw\Cotton\healthy\h284.jpg,datasets\raw\Cotton\healthy\h305.jpg,c91f7f8e7a36a6438bcf317282761215296c37339478b0361010e94274b81824,b89130b988676543aacda5d42fb17b20b8308ac24ea333729b2059fb0f1ac114,NO,Cotton,Cotton,Main,Main,Cotton,Cotton
0,datasets\raw\Cotton\healthy\h285.jpg,datasets\raw\Cotton\healthy\h286.jpg,cd42fa9974654b08c760863166ff2021e82b03d396b3842b2a39ea33187636d6,a8a05ee3e4855ef39ed54173221dc2b9519c5123bfcd0ba6d624f1fec13539df,NO,Cotton,Cotton,Main,Main,Cotton,Cotton
0,datasets\raw\Cotton\healthy\h285.jpg,datasets\raw\Cotton\healthy\h287.jpg,cd42fa9974654b08c760863166ff2021e82b03d396b3842b2a39ea33187636d6,c0d877dfc87a8f9228d0ce3055ee6875770b286303a343892c55443624c2d8e2,NO,Cotton,Cotton,Main,Main,Cotton,Cotton
0,datasets\raw\Cotton\healthy\h285.jpg,datasets\raw\Cotton\healthy\h288.jpg,cd42fa9974654b08c760863166ff2021e82b03d396b3842b2a39ea33187636d6,c46075ffe377f1819217479a2682a1fd11713417c22a18d19e6ee5a1754c65bf,NO,Cotton,Cotton,Main,Main,Cotton,Cotton
0,datasets\raw\Cotton\healthy\h285.jpg,datasets\raw\Cotton\healthy\h289.jpg,cd42fa9974654b08c760863166ff2021e82b03d396b3842b2a39ea33187636d6,b89130b988676543aacda5d42fb17b20b8308ac24ea333729b2059fb0f1ac114,NO,Cotton,Cotton,Main,Main,Cotton,Cotton
0,datasets\raw\Cotton\healthy\h285.jpg,datasets\raw\Cotton\healthy\h304.jpg,cd42fa9974654b08c760863166ff2021e82b03d396b3842b2a39ea33187636d6,4d42a97aed38d3dc1dab0a8143bc19b837edbfeb3364a7ee71fd1b58b05887a3,NO,Cotton,Cotton,Main,Main,Cotton,Cotton
0,datasets\raw\Cotton\healthy\h285.jpg,datasets\raw\Cotton\healthy\h305.jpg,cd42fa9974654b08c760863166ff2021e82b03d396b3842b2a39ea33187636d6,b89130b988676543aacda5d42fb17b20b8308ac24ea333729b2059fb0f1ac114,NO,Cotton,Cotton,Main,Main,Cotton,Cotton
0,datasets\raw\Cotton\healthy\h286.jpg,datasets\raw\Cotton\healthy\h287.jpg,a8a05ee3e4855ef39ed54173221dc2b9519c5123bfcd0ba6d624f1fec13539df,c0d877dfc87a8f9228d0ce3055ee6875770b286303a343892c55443624c2d8e2,NO,Cotton,Cotton,Main,Main,Cotton,Cotton
0,datasets\raw\Cotton\healthy\h286.jpg,datasets\raw\Cotton\healthy\h288.jpg,a8a05ee3e4855ef39ed54173221dc2b9519c5123bfcd0ba6d624f1fec13539df,c46075ffe377f1819217479a2682a1fd11713417c22a18d19e6ee5a1754c65bf,NO,Cotton,Cotton,Main,Main,Cotton,Cotton
0,datasets\raw\Cotton\healthy\h286.jpg,datasets\raw\Cotton\healthy\h289.jpg,a8a05ee3e4855ef39ed54173221dc2b9519c5123bfcd0ba6d624f1fec13539df,b89130b988676543aacda5d42fb17b20b8308ac24ea333729b2059fb0f1ac114,NO,Cotton,Cotton,Main,Main,Cotton,Cotton
0,datasets\raw\Cotton\healthy\h286.jpg,datasets\raw\Cotton\healthy\h304.jpg,a8a05ee3e4855ef39ed54173221dc2b9519c5123bfcd0ba6d624f1fec13539df,4d42a97aed38d3dc1dab0a8143bc19b837edbfeb3364a7ee71fd1b58b05887a3,NO,Cotton,Cotton,Main,Main,Cotton,Cotton
0,datasets\raw\Cotton\healthy\h286.jpg,datasets\raw\Cotton\healthy\h305.jpg,a8a05ee3e4855ef39ed54173221dc2b9519c5123bfcd0ba6d624f1fec13539df,b89130b988676543aacda5d42fb17b20b8308ac24ea333729b2059fb0f1ac114,NO,Cotton,Cotton,Main,Main,Cotton,Cotton
0,datasets\raw\Cotton\healthy\h287.jpg,datasets\raw\Cotton\healthy\h288.jpg,c0d877dfc87a8f9228d0ce3055ee6875770b286303a343892c55443624c2d8e2,c46075ffe377f1819217479a2682a1fd11713417c22a18d19e6ee5a1754c65bf,NO,Cotton,Cotton,Main,Main,Cotton,Cotton
0,datasets\raw\Cotton\healthy\h287.jpg,datasets\raw\Cotton\healthy\h289.jpg,c0d877dfc87a8f9228d0ce3055ee6875770b286303a343892c55443624c2d8e2,b89130b988676543aacda5d42fb17b20b8308ac24ea333729b2059fb0f1ac114,NO,Cotton,Cotton,Main,Main,Cotton,Cotton
0,datasets\raw\Cotton\healthy\h287.jpg,datasets\raw\Cotton\healthy\h304.jpg,c0d877dfc87a8f9228d0ce3055ee6875770b286303a343892c55443624c2d8e2,4d42a97aed38d3dc1dab0a8143bc19b837edbfeb3364a7ee71fd1b58b05887a3,NO,Cotton,Cotton,Main,Main,Cotton,Cotton
0,datasets\raw\Cotton\healthy\h287.jpg,datasets\raw\Cotton\healthy\h305.jpg,c0d877dfc87a8f9228d0ce3055ee6875770b286303a343892c55443624c2d8e2,b89130b988676543aacda5d42fb17b20b8308ac24ea333729b2059fb0f1ac114,NO,Cotton,Cotton,Main,Main,Cotton,Cotton
0,datasets\raw\Cotton\healthy\h288.jpg,datasets\raw\Cotton\healthy\h289.jpg,c46075ffe377f1819217479a2682a1fd11713417c22a18d19e6ee5a1754c65bf,b89130b988676543aacda5d42fb17b20b8308ac24ea333729b2059fb0f1ac114,NO,Cotton,Cotton,Main,Main,Cotton,Cotton
0,datasets\raw\Cotton\healthy\h288.jpg,datasets\raw\Cotton\healthy\h304.jpg,c46075ffe377f1819217479a2682a1fd11713417c22a18d19e6ee5a1754c65bf,4d42a97aed38d3dc1dab0a8143bc19b837edbfeb3364a7ee71fd1b58b05887a3,NO,Cotton,Cotton,Main,Main,Cotton,Cotton
0,datasets\raw\Cotton\healthy\h288.jpg,datasets\raw\Cotton\healthy\h305.jpg,c46075ffe377f1819217479a2682a1fd11713417c22a18d19e6ee5a1754c65bf,b89130b988676543aacda5d42fb17b20b8308ac24ea333729b2059fb0f1ac114,NO,Cotton,Cotton,Main,Main,Cotton,Cotton
0,datasets\raw\Cotton\healthy\h289.jpg,datasets\raw\Cotton\healthy\h304.jpg,b89130b988676543aacda5d42fb17b20b8308ac24ea333729b2059fb0f1ac114,4d42a97aed38d3dc1dab0a8143bc19b837edbfeb3364a7ee71fd1b58b05887a3,NO,Cotton,Cotton,Main,Main,Cotton,Cotton
0,datasets\raw\Cotton\healthy\h289.jpg,datasets\raw\Cotton\healthy\h305.jpg,b89130b988676543aacda5d42fb17b20b8308ac24ea333729b2059fb0f1ac114,b89130b988676543aacda5d42fb17b20b8308ac24ea333729b2059fb0f1ac114,YES,Cotton,Cotton,Main,Main,Cotton,Cotton
0,datasets\raw\Cotton\healthy\h304.jpg,datasets\raw\Cotton\healthy\h305.jpg,4d42a97aed38d3dc1dab0a8143bc19b837edbfeb3364a7ee71fd1b58b05887a3,b89130b988676543aacda5d42fb17b20b8308ac24ea333729b2059fb0f1ac114,NO,Cotton,Cotton,Main,Main,Cotton,Cotton
0,datasets\raw\Cotton\healthy\h291.jpg,datasets\raw\Cotton\healthy\h292.jpg,57e0436da1b0775de4875ea1fdc2cd15ceebae68c8712c817274c101a6faba15,ed3ffa4605dad5f90eeec557dc949258a8da3613bd66ec6d7932ce2f2089b7b2,NO,Cotton,Cotton,Main,Main,Cotton,Cotton
0,datasets\raw\Cotton\healthy\h291.jpg,datasets\raw\Cotton\healthy\h293.jpg,57e0436da1b0775de4875ea1fdc2cd15ceebae68c8712c817274c101a6faba15,f28c918a81da76bc8a80204eb59a308feb75d231c07f028f22eaaef5a83f27cd,NO,Cotton,Cotton,Main,Main,Cotton,Cotton
0,datasets\raw\Cotton\healthy\h292.jpg,datasets\raw\Cotton\healthy\h293.jpg,ed3ffa4605dad5f90eeec557dc949258a8da3613bd66ec6d7932ce2f2089b7b2,f28c918a81da76bc8a80204eb59a308feb75d231c07f028f22eaaef5a83f27cd,NO,Cotton,Cotton,Main,Main,Cotton,Cotton
0,datasets\raw\Cotton\healthy\h294.jpg,datasets\raw\Cotton\healthy\h296.jpg,554f300cb83d8c06c68ebd8a37dcb855e6f61b5d6be6a6190faa056078b1ac1f,554f300cb83d8c06c68ebd8a37dcb855e6f61b5d6be6a6190faa056078b1ac1f,YES,Cotton,Cotton,Main,Main,Cotton,Cotton
0,datasets\raw\Cotton\healthy\h295.jpg,datasets\raw\Cotton\healthy\h300.jpg,cbe24bdecb527b5258521b8f55e319eeebef2b963822b8ad124d2557815b478c,420e0bd6aa6c91f4d0351706a0e9c44b56f5f914f37505ddec8a79328e3d8705,NO,Cotton,Cotton,Main,Main,Cotton,Cotton
0,datasets\raw\Cotton\healthy\h295.jpg,datasets\raw\Cotton\healthy\h302.jpg,cbe24bdecb527b5258521b8f55e319eeebef2b963822b8ad124d2557815b478c,cbe24bdecb527b5258521b8f55e319eeebef2b963822b8ad124d2557815b478c,YES,Cotton,Cotton,Main,Main,Cotton,Cotton
0,datasets\raw\Cotton\healthy\h300.jpg,datasets\raw\Cotton\healthy\h302.jpg,420e0bd6aa6c91f4d0351706a0e9c44b56f5f914f37505ddec8a79328e3d8705,cbe24bdecb527b5258521b8f55e319eeebef2b963822b8ad124d2557815b478c,NO,Cotton,Cotton,Main,Main,Cotton,Cotton
0,datasets\raw\Cotton\healthy\h297.jpg,datasets\raw\Cotton\healthy\h298.jpg,3b57505baad0832bb2285fab1a4e61c69f285dc6d9d9970e1d74fb966072bdcc,50e691f4a4a9ede370b712262f66d00a2cafcc1f6cfaaf0fcba7f5c59f76e802,NO,Cotton,Cotton,Main,Main,Cotton,Cotton
0,datasets\raw\Cotton\healthy\h297.jpg,datasets\raw\Cotton\healthy\h315.jpg,3b57505baad0832bb2285fab1a4e61c69f285dc6d9d9970e1d74fb966072bdcc,1e757ec0b497f5263d3608b0c956b5f7d5206ebdbcb9c73706646daa3396eea9,NO,Cotton,Cotton,Main,Main,Cotton,Cotton
0,datasets\raw\Cotton\healthy\h298.jpg,datasets\raw\Cotton\healthy\h315.jpg,50e691f4a4a9ede370b712262f66d00a2cafcc1f6cfaaf0fcba7f5c59f76e802,1e757ec0b497f5263d3608b0c956b5f7d5206ebdbcb9c73706646daa3396eea9,NO,Cotton,Cotton,Main,Main,Cotton,Cotton
0,datasets\raw\Cotton\healthy\h301.jpg,datasets\raw\Cotton\healthy\h303.jpg,ae7d14e0d5a747eeca75b880ef3808e1b66d64546f9c15ba81f9b833f4a8e8c7,ae7d14e0d5a747eeca75b880ef3808e1b66d64546f9c15ba81f9b833f4a8e8c7,YES,Cotton,Cotton,Main,Main,Cotton,Cotton
0,datasets\raw\Cotton\healthy\h306.jpg,datasets\raw\Cotton\healthy\h307.jpg,5d5bc64b75688d61f563f1b332c1d2c497ad9a1e4ed8ad797c757e4648873df3,c75006da316d76891591b0903f31850a08ae3c93333e0310880cd0da48d7dd09,NO,Cotton,Cotton,Main,Main,Cotton,Cotton
0,datasets\raw\Cotton\healthy\h306.jpg,datasets\raw\Cotton\healthy\h308.jpg,5d5bc64b75688d61f563f1b332c1d2c497ad9a1e4ed8ad797c757e4648873df3,62d1e0415f8c73872184da56cee94e6e24d16121c4bc903d0db70ae2a3195de4,NO,Cotton,Cotton,Main,Main,Cotton,Cotton
0,datasets\raw\Cotton\healthy\h307.jpg,datasets\raw\Cotton\healthy\h308.jpg,c75006da316d76891591b0903f31850a08ae3c93333e0310880cd0da48d7dd09,62d1e0415f8c73872184da56cee94e6e24d16121c4bc903d0db70ae2a3195de4,NO,Cotton,Cotton,Main,Main,Cotton,Cotton
0,datasets\raw\Cotton\healthy\h312.jpg,datasets\raw\Cotton\healthy\h313.jpg,3199854e62a01da1bac11e17fb94e99c5d0b1368af0e3a993161be79da1ef7c9,4ccaef86750687b917199bf17c745d3caddf4fa1b0404e0b52c9420becfa0c41,NO,Cotton,Cotton,Main,Main,Cotton,Cotton
0,datasets\raw\Cotton\healthy\h312.jpg,datasets\raw\Cotton\healthy\h314..jpg,3199854e62a01da1bac11e17fb94e99c5d0b1368af0e3a993161be79da1ef7c9,12a9752270a85eae1bb719a4996554499b04c782390fb42ed8d36606abe35939,NO,Cotton,Cotton,Main,Main,Cotton,Cotton
0,datasets\raw\Cotton\healthy\h312.jpg,datasets\raw\Cotton\healthy\h361.jpg,3199854e62a01da1bac11e17fb94e99c5d0b1368af0e3a993161be79da1ef7c9,19ffbcbe1cd0d1785677f9b34947a6303931baca464d5e70e94c6537757c5a66,NO,Cotton,Cotton,Main,Main,Cotton,Cotton
0,datasets\raw\Cotton\healthy\h313.jpg,datasets\raw\Cotton\healthy\h314..jpg,4ccaef86750687b917199bf17c745d3caddf4fa1b0404e0b52c9420becfa0c41,12a9752270a85eae1bb719a4996554499b04c782390fb42ed8d36606abe35939,NO,Cotton,Cotton,Main,Main,Cotton,Cotton
0,datasets\raw\Cotton\healthy\h313.jpg,datasets\raw\Cotton\healthy\h361.jpg,4ccaef86750687b917199bf17c745d3caddf4fa1b0404e0b52c9420becfa0c41,19ffbcbe1cd0d1785677f9b34947a6303931baca464d5e70e94c6537757c5a66,NO,Cotton,Cotton,Main,Main,Cotton,Cotton
0,datasets\raw\Cotton\healthy\h314..jpg,datasets\raw\Cotton\healthy\h361.jpg,12a9752270a85eae1bb719a4996554499b04c782390fb42ed8d36606abe35939,19ffbcbe1cd0d1785677f9b34947a6303931baca464d5e70e94c6537757c5a66,NO,Cotton,Cotton,Main,Main,Cotton,Cotton
0,datasets\raw\Cotton\healthy\h317.jpg,datasets\raw\Cotton\healthy\h318.jpg,400dee52a841b2559ec36573a32d613606c0dfbd1e852b174843a9d50351eca2,a7f5ab25150b53a95dc27fdaa76c496520207d7de21e1edad12e4f335bd39c67,NO,Cotton,Cotton,Main,Main,Cotton,Cotton
0,datasets\raw\Cotton\healthy\h317.jpg,datasets\raw\Cotton\healthy\h319.jpg,400dee52a841b2559ec36573a32d613606c0dfbd1e852b174843a9d50351eca2,f31c560a4d76f5db7a59fd2ada51871a13ee477ade7492d84c8ac69b86225c52,NO,Cotton,Cotton,Main,Main,Cotton,Cotton
0,datasets\raw\Cotton\healthy\h317.jpg,datasets\raw\Cotton\healthy\h321.jpg,400dee52a841b2559ec36573a32d613606c0dfbd1e852b174843a9d50351eca2,a7f5ab25150b53a95dc27fdaa76c496520207d7de21e1edad12e4f335bd39c67,NO,Cotton,Cotton,Main,Main,Cotton,Cotton
0,datasets\raw\Cotton\healthy\h318.jpg,datasets\raw\Cotton\healthy\h319.jpg,a7f5ab25150b53a95dc27fdaa76c496520207d7de21e1edad12e4f335bd39c67,f31c560a4d76f5db7a59fd2ada51871a13ee477ade7492d84c8ac69b86225c52,NO,Cotton,Cotton,Main,Main,Cotton,Cotton
0,datasets\raw\Cotton\healthy\h318.jpg,datasets\raw\Cotton\healthy\h321.jpg,a7f5ab25150b53a95dc27fdaa76c496520207d7de21e1edad12e4f335bd39c67,a7f5ab25150b53a95dc27fdaa76c496520207d7de21e1edad12e4f335bd39c67,YES,Cotton,Cotton,Main,Main,Cotton,Cotton
0,datasets\raw\Cotton\healthy\h319.jpg,datasets\raw\Cotton\healthy\h321.jpg,f31c560a4d76f5db7a59fd2ada51871a13ee477ade7492d84c8ac69b86225c52,a7f5ab25150b53a95dc27fdaa76c496520207d7de21e1edad12e4f335bd39c67,NO,Cotton,Cotton,Main,Main,Cotton,Cotton
0,datasets\raw\Cotton\healthy\h322.jpg,datasets\raw\Cotton\healthy\h323.jpg,5b34cea908deb2183e8051740621af146133f0c874c55635a120696c8208c12b,27cb5aba38f608751b2b09949f0d0c7508fa4a8ddf82ea99ed653d6b304d4737,NO,Cotton,Cotton,Main,Main,Cotton,Cotton
0,datasets\raw\Cotton\healthy\h322.jpg,datasets\raw\Cotton\healthy\h324.jpg,5b34cea908deb2183e8051740621af146133f0c874c55635a120696c8208c12b,5e4e89b28921c0c2858ade53fec9f0f2f75d853a4d1a6dbac185017659753d73,NO,Cotton,Cotton,Main,Main,Cotton,Cotton
0,datasets\raw\Cotton\healthy\h323.jpg,datasets\raw\Cotton\healthy\h324.jpg,27cb5aba38f608751b2b09949f0d0c7508fa4a8ddf82ea99ed653d6b304d4737,5e4e89b28921c0c2858ade53fec9f0f2f75d853a4d1a6dbac185017659753d73,NO,Cotton,Cotton,Main,Main,Cotton,Cotton
0,datasets\raw\Cotton\healthy\h325.jpg,datasets\raw\Cotton\healthy\h326.jpg,e1769e37abfcb423580292d4e120f034da48387db72b9a11f87f2ab6ae224ee3,1aa08fbf8b803ac5f63475aeef57875b005a7f41f7382c694ebf2630b8fb0d7f,NO,Cotton,Cotton,Main,Main,Cotton,Cotton
0,datasets\raw\Cotton\healthy\h325.jpg,datasets\raw\Cotton\healthy\h327.jpg,e1769e37abfcb423580292d4e120f034da48387db72b9a11f87f2ab6ae224ee3,68ea90aa2662d2bb41eb3cb06e5bc20f4c9981944c03a659476261773bd77645,NO,Cotton,Cotton,Main,Main,Cotton,Cotton
0,datasets\raw\Cotton\healthy\h325.jpg,datasets\raw\Cotton\healthy\h337.jpg,e1769e37abfcb423580292d4e120f034da48387db72b9a11f87f2ab6ae224ee3,8a5259b554c773dde1778bf547252954ea99c9c9c07917bff53b823eebda121a,NO,Cotton,Cotton,Main,Main,Cotton,Cotton
0,datasets\raw\Cotton\healthy\h326.jpg,datasets\raw\Cotton\healthy\h327.jpg,1aa08fbf8b803ac5f63475aeef57875b005a7f41f7382c694ebf2630b8fb0d7f,68ea90aa2662d2bb41eb3cb06e5bc20f4c9981944c03a659476261773bd77645,NO,Cotton,Cotton,Main,Main,Cotton,Cotton
0,datasets\raw\Cotton\healthy\h326.jpg,datasets\raw\Cotton\healthy\h337.jpg,1aa08fbf8b803ac5f63475aeef57875b005a7f41f7382c694ebf2630b8fb0d7f,8a5259b554c773dde1778bf547252954ea99c9c9c07917bff53b823eebda121a,NO,Cotton,Cotton,Main,Main,Cotton,Cotton
0,datasets\raw\Cotton\healthy\h327.jpg,datasets\raw\Cotton\healthy\h337.jpg,68ea90aa2662d2bb41eb3cb06e5bc20f4c9981944c03a659476261773bd77645,8a5259b554c773dde1778bf547252954ea99c9c9c07917bff53b823eebda121a,NO,Cotton,Cotton,Main,Main,Cotton,Cotton
0,datasets\raw\Cotton\healthy\h328.jpg,datasets\raw\Cotton\healthy\h343.jpg,cf9cc89f997ead759e4448d31e008e86e65a5ddde12a74b26460696eb86391e1,5f6f8c7bef311e9d586f586f9f2ec391f8534690d07d2513773a4ca8388db993,NO,Cotton,Cotton,Main,Main,Cotton,Cotton
0,datasets\raw\Cotton\healthy\h328.jpg,datasets\raw\Cotton\healthy\h344.jpg,cf9cc89f997ead759e4448d31e008e86e65a5ddde12a74b26460696eb86391e1,436b1c1e445c2254e5698ede8cf55cb3ee7d67094fcecc1fabcfb85c0af0fc28,NO,Cotton,Cotton,Main,Main,Cotton,Cotton
0,datasets\raw\Cotton\healthy\h343.jpg,datasets\raw\Cotton\healthy\h344.jpg,5f6f8c7bef311e9d586f586f9f2ec391f8534690d07d2513773a4ca8388db993,436b1c1e445c2254e5698ede8cf55cb3ee7d67094fcecc1fabcfb85c0af0fc28,NO,Cotton,Cotton,Main,Main,Cotton,Cotton
0,datasets\raw\Cotton\healthy\h330.jpg,datasets\raw\Cotton\healthy\h331.jpg,883ddf5ab0d9ea54cfb1a76ed2a62f5e691e53739579f3f9cce8f3cb24c822dc,e1ac87bf301241489d86931371a4fa4aaeaac702a407457d5ef130ae84c393bb,NO,Cotton,Cotton,Main,Main,Cotton,Cotton
0,datasets\raw\Cotton\healthy\h330.jpg,datasets\raw\Cotton\healthy\h332.jpg,883ddf5ab0d9ea54cfb1a76ed2a62f5e691e53739579f3f9cce8f3cb24c822dc,d8dc4eaa599c8bbdc4ed597e9a545de29a25333e20f882ad2b8d7c9ea8ac2c6a,NO,Cotton,Cotton,Main,Main,Cotton,Cotton
0,datasets\raw\Cotton\healthy\h331.jpg,datasets\raw\Cotton\healthy\h332.jpg,e1ac87bf301241489d86931371a4fa4aaeaac702a407457d5ef130ae84c393bb,d8dc4eaa599c8bbdc4ed597e9a545de29a25333e20f882ad2b8d7c9ea8ac2c6a,NO,Cotton,Cotton,Main,Main,Cotton,Cotton
0,datasets\raw\Cotton\healthy\h333.jpg,datasets\raw\Cotton\healthy\h393.jpg,78ce2d9ad87e67588002a803d40b73111e7321bcd4a0cb9b867f7371e7e8cb02,ce3a876dff0e5284b1a15875fe07257fa8f18e90dba04b3f6c2a4450f287461f,NO,Cotton,Cotton,Main,Main,Cotton,Cotton
0,datasets\raw\Cotton\healthy\h333.jpg,datasets\raw\Cotton\healthy\h394.jpg,78ce2d9ad87e67588002a803d40b73111e7321bcd4a0cb9b867f7371e7e8cb02,0dcba20fa80b03489f712471251135b89a52a9b543ab867294af2e6a94a48d67,NO,Cotton,Cotton,Main,Main,Cotton,Cotton
0,datasets\raw\Cotton\healthy\h333.jpg,datasets\raw\Cotton\healthy\h396.jpg,78ce2d9ad87e67588002a803d40b73111e7321bcd4a0cb9b867f7371e7e8cb02,78ce2d9ad87e67588002a803d40b73111e7321bcd4a0cb9b867f7371e7e8cb02,YES,Cotton,Cotton,Main,Main,Cotton,Cotton
0,datasets\raw\Cotton\healthy\h333.jpg,datasets\raw\Cotton\healthy\h401.jpg,78ce2d9ad87e67588002a803d40b73111e7321bcd4a0cb9b867f7371e7e8cb02,0dcba20fa80b03489f712471251135b89a52a9b543ab867294af2e6a94a48d67,NO,Cotton,Cotton,Main,Main,Cotton,Cotton
0,datasets\raw\Cotton\healthy\h333.jpg,datasets\raw\Cotton\healthy\h4201.jpg,78ce2d9ad87e67588002a803d40b73111e7321bcd4a0cb9b867f7371e7e8cb02,0dcba20fa80b03489f712471251135b89a52a9b543ab867294af2e6a94a48d67,NO,Cotton,Cotton,Main,Main,Cotton,Cotton
0,datasets\raw\Cotton\healthy\h333.jpg,datasets\raw\Cotton\healthy\h426.jpg,78ce2d9ad87e67588002a803d40b73111e7321bcd4a0cb9b867f7371e7e8cb02,19054fcf4385354b5150e207829585b39f06a312dd08b4e2e4cd9b06930e71cc,NO,Cotton,Cotton,Main,Main,Cotton,Cotton
0,datasets\raw\Cotton\healthy\h393.jpg,datasets\raw\Cotton\healthy\h394.jpg,ce3a876dff0e5284b1a15875fe07257fa8f18e90dba04b3f6c2a4450f287461f,0dcba20fa80b03489f712471251135b89a52a9b543ab867294af2e6a94a48d67,NO,Cotton,Cotton,Main,Main,Cotton,Cotton
0,datasets\raw\Cotton\healthy\h393.jpg,datasets\raw\Cotton\healthy\h396.jpg,ce3a876dff0e5284b1a15875fe07257fa8f18e90dba04b3f6c2a4450f287461f,78ce2d9ad87e67588002a803d40b73111e7321bcd4a0cb9b867f7371e7e8cb02,NO,Cotton,Cotton,Main,Main,Cotton,Cotton
0,datasets\raw\Cotton\healthy\h393.jpg,datasets\raw\Cotton\healthy\h401.jpg,ce3a876dff0e5284b1a15875fe07257fa8f18e90dba04b3f6c2a4450f287461f,0dcba20fa80b03489f712471251135b89a52a9b543ab867294af2e6a94a48d67,NO,Cotton,Cotton,Main,Main,Cotton,Cotton
0,datasets\raw\Cotton\healthy\h393.jpg,datasets\raw\Cotton\healthy\h4201.jpg,ce3a876dff0e5284b1a15875fe07257fa8f18e90dba04b3f6c2a4450f287461f,0dcba20fa80b03489f712471251135b89a52a9b543ab867294af2e6a94a48d67,NO,Cotton,Cotton,Main,Main,Cotton,Cotton
0,datasets\raw\Cotton\healthy\h393.jpg,datasets\raw\Cotton\healthy\h426.jpg,ce3a876dff0e5284b1a15875fe07257fa8f18e90dba04b3f6c2a4450f287461f,19054fcf4385354b5150e207829585b39f06a312dd08b4e2e4cd9b06930e71cc,NO,Cotton,Cotton,Main,Main,Cotton,Cotton
0,datasets\raw\Cotton\healthy\h394.jpg,datasets\raw\Cotton\healthy\h396.jpg,0dcba20fa80b03489f712471251135b89a52a9b543ab867294af2e6a94a48d67,78ce2d9ad87e67588002a803d40b73111e7321bcd4a0cb9b867f7371e7e8cb02,NO,Cotton,Cotton,Main,Main,Cotton,Cotton
0,datasets\raw\Cotton\healthy\h394.jpg,datasets\raw\Cotton\healthy\h401.jpg,0dcba20fa80b03489f712471251135b89a52a9b543ab867294af2e6a94a48d67,0dcba20fa80b03489f712471251135b89a52a9b543ab867294af2e6a94a48d67,YES,Cotton,Cotton,Main,Main,Cotton,Cotton
0,datasets\raw\Cotton\healthy\h394.jpg,datasets\raw\Cotton\healthy\h4201.jpg,0dcba20fa80b03489f712471251135b89a52a9b543ab867294af2e6a94a48d67,0dcba20fa80b03489f712471251135b89a52a9b543ab867294af2e6a94a48d67,YES,Cotton,Cotton,Main,Main,Cotton,Cotton
0,datasets\raw\Cotton\healthy\h394.jpg,datasets\raw\Cotton\healthy\h426.jpg,0dcba20fa80b03489f712471251135b89a52a9b543ab867294af2e6a94a48d67,19054fcf4385354b5150e207829585b39f06a312dd08b4e2e4cd9b06930e71cc,NO,Cotton,Cotton,Main,Main,Cotton,Cotton
0,datasets\raw\Cotton\healthy\h396.jpg,datasets\raw\Cotton\healthy\h401.jpg,78ce2d9ad87e67588002a803d40b73111e7321bcd4a0cb9b867f7371e7e8cb02,0dcba20fa80b03489f712471251135b89a52a9b543ab867294af2e6a94a48d67,NO,Cotton,Cotton,Main,Main,Cotton,Cotton
0,datasets\raw\Cotton\healthy\h396.jpg,datasets\raw\Cotton\healthy\h4201.jpg,78ce2d9ad87e67588002a803d40b73111e7321bcd4a0cb9b867f7371e7e8cb02,0dcba20fa80b03489f712471251135b89a52a9b543ab867294af2e6a94a48d67,NO,Cotton,Cotton,Main,Main,Cotton,Cotton
0,datasets\raw\Cotton\healthy\h396.jpg,datasets\raw\Cotton\healthy\h426.jpg,78ce2d9ad87e67588002a803d40b73111e7321bcd4a0cb9b867f7371e7e8cb02,19054fcf4385354b5150e207829585b39f06a312dd08b4e2e4cd9b06930e71cc,NO,Cotton,Cotton,Main,Main,Cotton,Cotton
0,datasets\raw\Cotton\healthy\h401.jpg,datasets\raw\Cotton\healthy\h4201.jpg,0dcba20fa80b03489f712471251135b89a52a9b543ab867294af2e6a94a48d67,0dcba20fa80b03489f712471251135b89a52a9b543ab867294af2e6a94a48d67,YES,Cotton,Cotton,Main,Main,Cotton,Cotton
0,datasets\raw\Cotton\healthy\h401.jpg,datasets\raw\Cotton\healthy\h426.jpg,0dcba20fa80b03489f712471251135b89a52a9b543ab867294af2e6a94a48d67,19054fcf4385354b5150e207829585b39f06a312dd08b4e2e4cd9b06930e71cc,NO,Cotton,Cotton,Main,Main,Cotton,Cotton
0,datasets\raw\Cotton\healthy\h4201.jpg,datasets\raw\Cotton\healthy\h426.jpg,0dcba20fa80b03489f712471251135b89a52a9b543ab867294af2e6a94a48d67,19054fcf4385354b5150e207829585b39f06a312dd08b4e2e4cd9b06930e71cc,NO,Cotton,Cotton,Main,Main,Cotton,Cotton
0,datasets\raw\Cotton\healthy\h334.jpg,datasets\raw\Cotton\healthy\h404.jpg,7f441f376f2cdc2f590a34a321d132ccc43d61cb5c93017ec045f797444b912a,7f441f376f2cdc2f590a34a321d132ccc43d61cb5c93017ec045f797444b912a,YES,Cotton,Cotton,Main,Main,Cotton,Cotton
0,datasets\raw\Cotton\healthy\h335.jpg,datasets\raw\Cotton\healthy\h336.jpg,0cf8ed27603207b566698be3c5a00b2bac692d36b80b9561a6b9d792f513eb05,2d26620a83c50e1a9d458c85be3d270358abd911f463592594eb6c595b257ccf,NO,Cotton,Cotton,Main,Main,Cotton,Cotton
0,datasets\raw\Cotton\healthy\h335.jpg,datasets\raw\Cotton\healthy\h412.jpg,0cf8ed27603207b566698be3c5a00b2bac692d36b80b9561a6b9d792f513eb05,23213f044a4b15e2c66597f0a9e5e9abf45f30bfd449057870756aaa4cac7c5a,NO,Cotton,Cotton,Main,Main,Cotton,Cotton
0,datasets\raw\Cotton\healthy\h336.jpg,datasets\raw\Cotton\healthy\h412.jpg,2d26620a83c50e1a9d458c85be3d270358abd911f463592594eb6c595b257ccf,23213f044a4b15e2c66597f0a9e5e9abf45f30bfd449057870756aaa4cac7c5a,NO,Cotton,Cotton,Main,Main,Cotton,Cotton
0,datasets\raw\Cotton\healthy\h338.jpg,datasets\raw\Cotton\healthy\h339.jpg,ca382fc5546a9d4a046e639c837d7cf9eabbbdcb725c09269d55f4f00ae93dc6,26fbe06ab9ae98e62b142aea576cf36e906507e4c9d7aaa3b81838db9b87572f,NO,Cotton,Cotton,Main,Main,Cotton,Cotton
0,datasets\raw\Cotton\healthy\h338.jpg,datasets\raw\Cotton\healthy\h371.jpg,ca382fc5546a9d4a046e639c837d7cf9eabbbdcb725c09269d55f4f00ae93dc6,62aba6603a1d6b1c3062a882ec9e695953e6d0f3e9e0d1bb23b7e3ee0c4b72b4,NO,Cotton,Cotton,Main,Main,Cotton,Cotton
0,datasets\raw\Cotton\healthy\h339.jpg,datasets\raw\Cotton\healthy\h371.jpg,26fbe06ab9ae98e62b142aea576cf36e906507e4c9d7aaa3b81838db9b87572f,62aba6603a1d6b1c3062a882ec9e695953e6d0f3e9e0d1bb23b7e3ee0c4b72b4,NO,Cotton,Cotton,Main,Main,Cotton,Cotton
0,datasets\raw\Cotton\healthy\h346.jpg,datasets\raw\Cotton\healthy\h347.jpg,a9927f9956e1850487ec8e8cbdad998354622b9df1fcf10aaf84bb64f8a833a1,bed0e5bca6b8d3808850dd018a32a9f08e5c74ddca58c99893b1c72c4b2f8d95,NO,Cotton,Cotton,Main,Main,Cotton,Cotton
0,datasets\raw\Cotton\healthy\h346.jpg,datasets\raw\Cotton\healthy\h348.jpg,a9927f9956e1850487ec8e8cbdad998354622b9df1fcf10aaf84bb64f8a833a1,c57a2d48fac862e0ba58de9d8cf197e0671efbd553a3b5e1ed0460c9e2d6f27a,NO,Cotton,Cotton,Main,Main,Cotton,Cotton
0,datasets\raw\Cotton\healthy\h346.jpg,datasets\raw\Cotton\healthy\h349.jpg,a9927f9956e1850487ec8e8cbdad998354622b9df1fcf10aaf84bb64f8a833a1,af14ee6db31710754befd3073afc745ca8115175e7aa8a22c0d189f63057dc6a,NO,Cotton,Cotton,Main,Main,Cotton,Cotton
0,datasets\raw\Cotton\healthy\h347.jpg,datasets\raw\Cotton\healthy\h348.jpg,bed0e5bca6b8d3808850dd018a32a9f08e5c74ddca58c99893b1c72c4b2f8d95,c57a2d48fac862e0ba58de9d8cf197e0671efbd553a3b5e1ed0460c9e2d6f27a,NO,Cotton,Cotton,Main,Main,Cotton,Cotton
0,datasets\raw\Cotton\healthy\h347.jpg,datasets\raw\Cotton\healthy\h349.jpg,bed0e5bca6b8d3808850dd018a32a9f08e5c74ddca58c99893b1c72c4b2f8d95,af14ee6db31710754befd3073afc745ca8115175e7aa8a22c0d189f63057dc6a,NO,Cotton,Cotton,Main,Main,Cotton,Cotton
0,datasets\raw\Cotton\healthy\h348.jpg,datasets\raw\Cotton\healthy\h349.jpg,c57a2d48fac862e0ba58de9d8cf197e0671efbd553a3b5e1ed0460c9e2d6f27a,af14ee6db31710754befd3073afc745ca8115175e7aa8a22c0d189f63057dc6a,NO,Cotton,Cotton,Main,Main,Cotton,Cotton
0,datasets\raw\Cotton\healthy\h3488.jpg,datasets\raw\Cotton\healthy\h388.jpg,0a494f70308158de304929c6205f0e4dd11c8b4d8aaf17a2c203de33188094eb,558d188e79887c6761b9e9907b31a9739cf303c5007a29adfe9f7b4f41bb2b69,NO,Cotton,Cotton,Main,Main,Cotton,Cotton
0,datasets\raw\Cotton\healthy\h3488.jpg,datasets\raw\Cotton\healthy\h427.jpg,0a494f70308158de304929c6205f0e4dd11c8b4d8aaf17a2c203de33188094eb,f3f3f7b1eaffa4273e6c13ada964c2d6fa7937f34d0da66387aed5593336c04f,NO,Cotton,Cotton,Main,Main,Cotton,Cotton
0,datasets\raw\Cotton\healthy\h3488.jpg,datasets\raw\Cotton\healthy\h498.jpg,0a494f70308158de304929c6205f0e4dd11c8b4d8aaf17a2c203de33188094eb,558d188e79887c6761b9e9907b31a9739cf303c5007a29adfe9f7b4f41bb2b69,NO,Cotton,Cotton,Main,Main,Cotton,Cotton
0,datasets\raw\Cotton\healthy\h388.jpg,datasets\raw\Cotton\healthy\h427.jpg,558d188e79887c6761b9e9907b31a9739cf303c5007a29adfe9f7b4f41bb2b69,f3f3f7b1eaffa4273e6c13ada964c2d6fa7937f34d0da66387aed5593336c04f,NO,Cotton,Cotton,Main,Main,Cotton,Cotton
0,datasets\raw\Cotton\healthy\h388.jpg,datasets\raw\Cotton\healthy\h498.jpg,558d188e79887c6761b9e9907b31a9739cf303c5007a29adfe9f7b4f41bb2b69,558d188e79887c6761b9e9907b31a9739cf303c5007a29adfe9f7b4f41bb2b69,YES,Cotton,Cotton,Main,Main,Cotton,Cotton
0,datasets\raw\Cotton\healthy\h427.jpg,datasets\raw\Cotton\healthy\h498.jpg,f3f3f7b1eaffa4273e6c13ada964c2d6fa7937f34d0da66387aed5593336c04f,558d188e79887c6761b9e9907b31a9739cf303c5007a29adfe9f7b4f41bb2b69,NO,Cotton,Cotton,Main,Main,Cotton,Cotton
0,datasets\raw\Cotton\healthy\h350.jpg,datasets\raw\Cotton\healthy\h351.jpg,459889a40b1130e424b6b9c9ca313b5e4a2387922b1ae810894c6792412ce869,0fc5681182645d7f0b1449c892071b5e826e27efa52650842d5f3ac1fff62d65,NO,Cotton,Cotton,Main,Main,Cotton,Cotton
0,datasets\raw\Cotton\healthy\h350.jpg,datasets\raw\Cotton\healthy\h353.jpg,459889a40b1130e424b6b9c9ca313b5e4a2387922b1ae810894c6792412ce869,5a1510e597c2e77d08d68a95a81f8febac2c6fc39933bc83b9f142c8391919f4,NO,Cotton,Cotton,Main,Main,Cotton,Cotton
0,datasets\raw\Cotton\healthy\h350.jpg,datasets\raw\Cotton\healthy\h354.jpg,459889a40b1130e424b6b9c9ca313b5e4a2387922b1ae810894c6792412ce869,459889a40b1130e424b6b9c9ca313b5e4a2387922b1ae810894c6792412ce869,YES,Cotton,Cotton,Main,Main,Cotton,Cotton
0,datasets\raw\Cotton\healthy\h350.jpg,datasets\raw\Cotton\healthy\h367.jpg,459889a40b1130e424b6b9c9ca313b5e4a2387922b1ae810894c6792412ce869,26caeeecd1c741a771c09c1251178d56d5cc07a72f6d70cc4c03995e5cdebf84,NO,Cotton,Cotton,Main,Main,Cotton,Cotton
0,datasets\raw\Cotton\healthy\h351.jpg,datasets\raw\Cotton\healthy\h353.jpg,0fc5681182645d7f0b1449c892071b5e826e27efa52650842d5f3ac1fff62d65,5a1510e597c2e77d08d68a95a81f8febac2c6fc39933bc83b9f142c8391919f4,NO,Cotton,Cotton,Main,Main,Cotton,Cotton
0,datasets\raw\Cotton\healthy\h351.jpg,datasets\raw\Cotton\healthy\h354.jpg,0fc5681182645d7f0b1449c892071b5e826e27efa52650842d5f3ac1fff62d65,459889a40b1130e424b6b9c9ca313b5e4a2387922b1ae810894c6792412ce869,NO,Cotton,Cotton,Main,Main,Cotton,Cotton
0,datasets\raw\Cotton\healthy\h351.jpg,datasets\raw\Cotton\healthy\h367.jpg,0fc5681182645d7f0b1449c892071b5e826e27efa52650842d5f3ac1fff62d65,26caeeecd1c741a771c09c1251178d56d5cc07a72f6d70cc4c03995e5cdebf84,NO,Cotton,Cotton,Main,Main,Cotton,Cotton
0,datasets\raw\Cotton\healthy\h353.jpg,datasets\raw\Cotton\healthy\h354.jpg,5a1510e597c2e77d08d68a95a81f8febac2c6fc39933bc83b9f142c8391919f4,459889a40b1130e424b6b9c9ca313b5e4a2387922b1ae810894c6792412ce869,NO,Cotton,Cotton,Main,Main,Cotton,Cotton
0,datasets\raw\Cotton\healthy\h353.jpg,datasets\raw\Cotton\healthy\h367.jpg,5a1510e597c2e77d08d68a95a81f8febac2c6fc39933bc83b9f142c8391919f4,26caeeecd1c741a771c09c1251178d56d5cc07a72f6d70cc4c03995e5cdebf84,NO,Cotton,Cotton,Main,Main,Cotton,Cotton
0,datasets\raw\Cotton\healthy\h354.jpg,datasets\raw\Cotton\healthy\h367.jpg,459889a40b1130e424b6b9c9ca313b5e4a2387922b1ae810894c6792412ce869,26caeeecd1c741a771c09c1251178d56d5cc07a72f6d70cc4c03995e5cdebf84,NO,Cotton,Cotton,Main,Main,Cotton,Cotton
0,datasets\raw\Cotton\healthy\h355.jpg,datasets\raw\Cotton\healthy\h356.jpg,ff858f7b68497ee58d28e590488c609d2629da168c9c543c305fb9bc65c676e3,e500d627621e7026b622445366cd01c1c372bc0d238c9c287928c0618cde2754,NO,Cotton,Cotton,Main,Main,Cotton,Cotton
0,datasets\raw\Cotton\healthy\h355.jpg,datasets\raw\Cotton\healthy\h357.jpg,ff858f7b68497ee58d28e590488c609d2629da168c9c543c305fb9bc65c676e3,71c561b53195bf8baf12af6beeca3e7c9413e193da07601bb46a9ce84fa0cac9,NO,Cotton,Cotton,Main,Main,Cotton,Cotton
0,datasets\raw\Cotton\healthy\h355.jpg,datasets\raw\Cotton\healthy\h358.jpg,ff858f7b68497ee58d28e590488c609d2629da168c9c543c305fb9bc65c676e3,ceb3f507e8912b6c60e746372964ca437529a25672955ef445341138ed591eb0,NO,Cotton,Cotton,Main,Main,Cotton,Cotton
0,datasets\raw\Cotton\healthy\h356.jpg,datasets\raw\Cotton\healthy\h357.jpg,e500d627621e7026b622445366cd01c1c372bc0d238c9c287928c0618cde2754,71c561b53195bf8baf12af6beeca3e7c9413e193da07601bb46a9ce84fa0cac9,NO,Cotton,Cotton,Main,Main,Cotton,Cotton
0,datasets\raw\Cotton\healthy\h356.jpg,datasets\raw\Cotton\healthy\h358.jpg,e500d627621e7026b622445366cd01c1c372bc0d238c9c287928c0618cde2754,ceb3f507e8912b6c60e746372964ca437529a25672955ef445341138ed591eb0,NO,Cotton,Cotton,Main,Main,Cotton,Cotton
0,datasets\raw\Cotton\healthy\h357.jpg,datasets\raw\Cotton\healthy\h358.jpg,71c561b53195bf8baf12af6beeca3e7c9413e193da07601bb46a9ce84fa0cac9,ceb3f507e8912b6c60e746372964ca437529a25672955ef445341138ed591eb0,NO,Cotton,Cotton,Main,Main,Cotton,Cotton
0,datasets\raw\Cotton\healthy\h36.jpg,datasets\raw\Cotton\healthy\h37.jpg,3ae6879e48d996478d76883c46c786792536b366aa9999414437b787a31ec2c3,43867a5436f8a485abb4fa791f10a3851bafa1fcf95d60b8897c49badcc0cf68,NO,Cotton,Cotton,Main,Main,Cotton,Cotton
0,datasets\raw\Cotton\healthy\h36.jpg,datasets\raw\Cotton\healthy\h38.jpg,3ae6879e48d996478d76883c46c786792536b366aa9999414437b787a31ec2c3,1e653eaeb805c1e594bd43b36b6a17217e43f5f24e1e86be3ab3917e756b9bb7,NO,Cotton,Cotton,Main,Main,Cotton,Cotton
0,datasets\raw\Cotton\healthy\h37.jpg,datasets\raw\Cotton\healthy\h38.jpg,43867a5436f8a485abb4fa791f10a3851bafa1fcf95d60b8897c49badcc0cf68,1e653eaeb805c1e594bd43b36b6a17217e43f5f24e1e86be3ab3917e756b9bb7,NO,Cotton,Cotton,Main,Main,Cotton,Cotton
0,datasets\raw\Cotton\healthy\h366.jpg,datasets\raw\Cotton\healthy\h368.jpg,66e5c2e09b0f35540a4083ef0ca92763bf51e01222215f5bea491cdf11fdc995,f5a984922429e46641764cd26b1b6addfe1dea552c67332a88dca2a830d550f4,NO,Cotton,Cotton,Main,Main,Cotton,Cotton
0,datasets\raw\Cotton\healthy\h366.jpg,datasets\raw\Cotton\healthy\h369.jpg,66e5c2e09b0f35540a4083ef0ca92763bf51e01222215f5bea491cdf11fdc995,7591bc6a6444114033015976dec2654e1b7d66948b33ac387626db4a4e6b29f3,NO,Cotton,Cotton,Main,Main,Cotton,Cotton
0,datasets\raw\Cotton\healthy\h366.jpg,datasets\raw\Cotton\healthy\h372.jpg,66e5c2e09b0f35540a4083ef0ca92763bf51e01222215f5bea491cdf11fdc995,c09d2084a695842d3b97d289761ca1ed2c9ed840e008f6ea8d38339f72d0a0ca,NO,Cotton,Cotton,Main,Main,Cotton,Cotton
0,datasets\raw\Cotton\healthy\h368.jpg,datasets\raw\Cotton\healthy\h369.jpg,f5a984922429e46641764cd26b1b6addfe1dea552c67332a88dca2a830d550f4,7591bc6a6444114033015976dec2654e1b7d66948b33ac387626db4a4e6b29f3,NO,Cotton,Cotton,Main,Main,Cotton,Cotton
0,datasets\raw\Cotton\healthy\h368.jpg,datasets\raw\Cotton\healthy\h372.jpg,f5a984922429e46641764cd26b1b6addfe1dea552c67332a88dca2a830d550f4,c09d2084a695842d3b97d289761ca1ed2c9ed840e008f6ea8d38339f72d0a0ca,NO,Cotton,Cotton,Main,Main,Cotton,Cotton
0,datasets\raw\Cotton\healthy\h369.jpg,datasets\raw\Cotton\healthy\h372.jpg,7591bc6a6444114033015976dec2654e1b7d66948b33ac387626db4a4e6b29f3,c09d2084a695842d3b97d289761ca1ed2c9ed840e008f6ea8d38339f72d0a0ca,NO,Cotton,Cotton,Main,Main,Cotton,Cotton
0,datasets\raw\Cotton\healthy\h370.jpg,datasets\raw\Cotton\healthy\h414.jpg,c6349467ea5bdd77377b6fb54023a0ef7ff5ae70d07304fa3680cda4790b8c96,a2439323e1e9cf48995faf9642476bd23f73d814d39feb7d15f8180e234ae559,NO,Cotton,Cotton,Main,Main,Cotton,Cotton
0,datasets\raw\Cotton\healthy\h370.jpg,datasets\raw\Cotton\healthy\h415.jpg,c6349467ea5bdd77377b6fb54023a0ef7ff5ae70d07304fa3680cda4790b8c96,5a694c855b110a46289a4450d81824ce0a6428604ac6d4b7b9209ea2f62f36e3,NO,Cotton,Cotton,Main,Main,Cotton,Cotton
0,datasets\raw\Cotton\healthy\h370.jpg,datasets\raw\Cotton\healthy\h417.jpg,c6349467ea5bdd77377b6fb54023a0ef7ff5ae70d07304fa3680cda4790b8c96,93f0d68f2b18df57398a6feaaa0c22d04400acff4cbb78d138bef959f92c77cc,NO,Cotton,Cotton,Main,Main,Cotton,Cotton
0,datasets\raw\Cotton\healthy\h414.jpg,datasets\raw\Cotton\healthy\h415.jpg,a2439323e1e9cf48995faf9642476bd23f73d814d39feb7d15f8180e234ae559,5a694c855b110a46289a4450d81824ce0a6428604ac6d4b7b9209ea2f62f36e3,NO,Cotton,Cotton,Main,Main,Cotton,Cotton
0,datasets\raw\Cotton\healthy\h414.jpg,datasets\raw\Cotton\healthy\h417.jpg,a2439323e1e9cf48995faf9642476bd23f73d814d39feb7d15f8180e234ae559,93f0d68f2b18df57398a6feaaa0c22d04400acff4cbb78d138bef959f92c77cc,NO,Cotton,Cotton,Main,Main,Cotton,Cotton
0,datasets\raw\Cotton\healthy\h415.jpg,datasets\raw\Cotton\healthy\h417.jpg,5a694c855b110a46289a4450d81824ce0a6428604ac6d4b7b9209ea2f62f36e3,93f0d68f2b18df57398a6feaaa0c22d04400acff4cbb78d138bef959f92c77cc,NO,Cotton,Cotton,Main,Main,Cotton,Cotton
0,datasets\raw\Cotton\healthy\h373.jpg,datasets\raw\Cotton\healthy\h374.jpg,50f8396c7195d8c9cb69b9a1be518768c70abab15e8e13b96fbeaae0d5dcdb9b,5cd68fafc2e3e3dcdc4afed048fa4ade261c2d9ef90bb7ccafaa53d379f5be35,NO,Cotton,Cotton,Main,Main,Cotton,Cotton
0,datasets\raw\Cotton\healthy\h373.jpg,datasets\raw\Cotton\healthy\h375.jpg,50f8396c7195d8c9cb69b9a1be518768c70abab15e8e13b96fbeaae0d5dcdb9b,75e5b4487d5d550764599fc8fb243857df5703a870e15312c5a8156c418ac09a,NO,Cotton,Cotton,Main,Main,Cotton,Cotton
0,datasets\raw\Cotton\healthy\h374.jpg,datasets\raw\Cotton\healthy\h375.jpg,5cd68fafc2e3e3dcdc4afed048fa4ade261c2d9ef90bb7ccafaa53d379f5be35,75e5b4487d5d550764599fc8fb243857df5703a870e15312c5a8156c418ac09a,NO,Cotton,Cotton,Main,Main,Cotton,Cotton
0,datasets\raw\Cotton\healthy\h378.png,datasets\raw\Cotton\healthy\h484.png,686592f9bb254df8ba516aea20f48358473b30c867e1e6d8ea82c6996d8b5108,686592f9bb254df8ba516aea20f48358473b30c867e1e6d8ea82c6996d8b5108,YES,Cotton,Cotton,Main,Main,Cotton,Cotton
0,datasets\raw\Cotton\healthy\h379.jpg,datasets\raw\Cotton\healthy\h390.jpg,b58204226ba924a22a453b7084b4fe7836708999460207b0a57fd6cdccc66e7c,fbebbb3dca99b1587d9cbe1ffcd575ac0a638d6f9ebf0825b95cefbc13536a13,NO,Cotton,Cotton,Main,Main,Cotton,Cotton
0,datasets\raw\Cotton\healthy\h379.jpg,datasets\raw\Cotton\healthy\h488.jpg,b58204226ba924a22a453b7084b4fe7836708999460207b0a57fd6cdccc66e7c,fbebbb3dca99b1587d9cbe1ffcd575ac0a638d6f9ebf0825b95cefbc13536a13,NO,Cotton,Cotton,Main,Main,Cotton,Cotton
0,datasets\raw\Cotton\healthy\h379.jpg,datasets\raw\Cotton\healthy\h499.jpg,b58204226ba924a22a453b7084b4fe7836708999460207b0a57fd6cdccc66e7c,0d2f2da1c713409a481deb55428de156c51c58d936591e31a5837cea90a085dc,NO,Cotton,Cotton,Main,Main,Cotton,Cotton
0,datasets\raw\Cotton\healthy\h390.jpg,datasets\raw\Cotton\healthy\h488.jpg,fbebbb3dca99b1587d9cbe1ffcd575ac0a638d6f9ebf0825b95cefbc13536a13,fbebbb3dca99b1587d9cbe1ffcd575ac0a638d6f9ebf0825b95cefbc13536a13,YES,Cotton,Cotton,Main,Main,Cotton,Cotton
0,datasets\raw\Cotton\healthy\h390.jpg,datasets\raw\Cotton\healthy\h499.jpg,fbebbb3dca99b1587d9cbe1ffcd575ac0a638d6f9ebf0825b95cefbc13536a13,0d2f2da1c713409a481deb55428de156c51c58d936591e31a5837cea90a085dc,NO,Cotton,Cotton,Main,Main,Cotton,Cotton
0,datasets\raw\Cotton\healthy\h488.jpg,datasets\raw\Cotton\healthy\h499.jpg,fbebbb3dca99b1587d9cbe1ffcd575ac0a638d6f9ebf0825b95cefbc13536a13,0d2f2da1c713409a481deb55428de156c51c58d936591e31a5837cea90a085dc,NO,Cotton,Cotton,Main,Main,Cotton,Cotton
0,datasets\raw\Cotton\healthy\h383.jpg,datasets\raw\Cotton\healthy\h384.jpg,6a827183f2db82f4d3310f6e9a3b24af548d7bdc90b5e6ec1ba7a45feb3fe98e,b8783b695c8459400135d33e623abef9e1f986762cdb4f5d9bcba997a177df77,NO,Cotton,Cotton,Main,Main,Cotton,Cotton
0,datasets\raw\Cotton\healthy\h383.jpg,datasets\raw\Cotton\healthy\h386.jpg,6a827183f2db82f4d3310f6e9a3b24af548d7bdc90b5e6ec1ba7a45feb3fe98e,d05cbc8c0ad93d97c443281f7bed1db59c49401a5667c29e338f00788490c3dd,NO,Cotton,Cotton,Main,Main,Cotton,Cotton
0,datasets\raw\Cotton\healthy\h383.jpg,datasets\raw\Cotton\healthy\h389.jpg,6a827183f2db82f4d3310f6e9a3b24af548d7bdc90b5e6ec1ba7a45feb3fe98e,d05cbc8c0ad93d97c443281f7bed1db59c49401a5667c29e338f00788490c3dd,NO,Cotton,Cotton,Main,Main,Cotton,Cotton
0,datasets\raw\Cotton\healthy\h384.jpg,datasets\raw\Cotton\healthy\h386.jpg,b8783b695c8459400135d33e623abef9e1f986762cdb4f5d9bcba997a177df77,d05cbc8c0ad93d97c443281f7bed1db59c49401a5667c29e338f00788490c3dd,NO,Cotton,Cotton,Main,Main,Cotton,Cotton
0,datasets\raw\Cotton\healthy\h384.jpg,datasets\raw\Cotton\healthy\h389.jpg,b8783b695c8459400135d33e623abef9e1f986762cdb4f5d9bcba997a177df77,d05cbc8c0ad93d97c443281f7bed1db59c49401a5667c29e338f00788490c3dd,NO,Cotton,Cotton,Main,Main,Cotton,Cotton
0,datasets\raw\Cotton\healthy\h386.jpg,datasets\raw\Cotton\healthy\h389.jpg,d05cbc8c0ad93d97c443281f7bed1db59c49401a5667c29e338f00788490c3dd,d05cbc8c0ad93d97c443281f7bed1db59c49401a5667c29e338f00788490c3dd,YES,Cotton,Cotton,Main,Main,Cotton,Cotton
0,datasets\raw\Cotton\healthy\h387.jpg,datasets\raw\Cotton\healthy\h466.jpg,dc7d3bce47ccb1a0441ed23439cac246e3c05abb9ba93f245b861d706282e49b,75df2e4b286a2d9c332b194d49adf7061ac67fdf5fe541d7cb6299b85ec1b9bd,NO,Cotton,Cotton,Main,Main,Cotton,Cotton
0,datasets\raw\Cotton\healthy\h387.jpg,datasets\raw\Cotton\healthy\h467.jpg,dc7d3bce47ccb1a0441ed23439cac246e3c05abb9ba93f245b861d706282e49b,b512d6e3211547c7d0c42aeaa31777bca0ddf561cc5ecb56d6213c5cf5ea1eaf,NO,Cotton,Cotton,Main,Main,Cotton,Cotton
0,datasets\raw\Cotton\healthy\h466.jpg,datasets\raw\Cotton\healthy\h467.jpg,75df2e4b286a2d9c332b194d49adf7061ac67fdf5fe541d7cb6299b85ec1b9bd,b512d6e3211547c7d0c42aeaa31777bca0ddf561cc5ecb56d6213c5cf5ea1eaf,NO,Cotton,Cotton,Main,Main,Cotton,Cotton
0,datasets\raw\Cotton\healthy\h39.jpg,datasets\raw\Cotton\healthy\h40.jpg,a024737877a414f0c61c85e5c60fd70397b1feba2ad59fca2add536c1afed416,0ea05ce1cad5465ff04fca358791e77a5e8149115cc3906e845e5048a3d78556,NO,Cotton,Cotton,Main,Main,Cotton,Cotton
0,datasets\raw\Cotton\healthy\h39.jpg,datasets\raw\Cotton\healthy\h41.jpg,a024737877a414f0c61c85e5c60fd70397b1feba2ad59fca2add536c1afed416,0738c49bc3dce9ec805563a900f332d2bf5b55e34d97ffb491a952ff6f245b28,NO,Cotton,Cotton,Main,Main,Cotton,Cotton
0,datasets\raw\Cotton\healthy\h39.jpg,datasets\raw\Cotton\healthy\h42.jpg,a024737877a414f0c61c85e5c60fd70397b1feba2ad59fca2add536c1afed416,0738c49bc3dce9ec805563a900f332d2bf5b55e34d97ffb491a952ff6f245b28,NO,Cotton,Cotton,Main,Main,Cotton,Cotton
0,datasets\raw\Cotton\healthy\h40.jpg,datasets\raw\Cotton\healthy\h41.jpg,0ea05ce1cad5465ff04fca358791e77a5e8149115cc3906e845e5048a3d78556,0738c49bc3dce9ec805563a900f332d2bf5b55e34d97ffb491a952ff6f245b28,NO,Cotton,Cotton,Main,Main,Cotton,Cotton
0,datasets\raw\Cotton\healthy\h40.jpg,datasets\raw\Cotton\healthy\h42.jpg,0ea05ce1cad5465ff04fca358791e77a5e8149115cc3906e845e5048a3d78556,0738c49bc3dce9ec805563a900f332d2bf5b55e34d97ffb491a952ff6f245b28,NO,Cotton,Cotton,Main,Main,Cotton,Cotton
0,datasets\raw\Cotton\healthy\h41.jpg,datasets\raw\Cotton\healthy\h42.jpg,0738c49bc3dce9ec805563a900f332d2bf5b55e34d97ffb491a952ff6f245b28,0738c49bc3dce9ec805563a900f332d2bf5b55e34d97ffb491a952ff6f245b28,YES,Cotton,Cotton,Main,Main,Cotton,Cotton
0,datasets\raw\Cotton\healthy\h391.jpg,datasets\raw\Cotton\healthy\h392.jpg,217daaaeebdb7ac705dc176514f6b58c6a8aa88cdcd60aac8e8a801fe29f6f54,a998e249ece27eafc9a1b9eeef02c6d15974a1586f1e08823203e30f0b9f2445,NO,Cotton,Cotton,Main,Main,Cotton,Cotton
0,datasets\raw\Cotton\healthy\h391.jpg,datasets\raw\Cotton\healthy\h416.jpg,217daaaeebdb7ac705dc176514f6b58c6a8aa88cdcd60aac8e8a801fe29f6f54,a998e249ece27eafc9a1b9eeef02c6d15974a1586f1e08823203e30f0b9f2445,NO,Cotton,Cotton,Main,Main,Cotton,Cotton
0,datasets\raw\Cotton\healthy\h391.jpg,datasets\raw\Cotton\healthy\h418.jpg,217daaaeebdb7ac705dc176514f6b58c6a8aa88cdcd60aac8e8a801fe29f6f54,047056da0b6eef3cdbfa050d9aaa064b713b4d7fb8c047ac77c423cd0ccd8e4e,NO,Cotton,Cotton,Main,Main,Cotton,Cotton
0,datasets\raw\Cotton\healthy\h391.jpg,datasets\raw\Cotton\healthy\h419.jpg,217daaaeebdb7ac705dc176514f6b58c6a8aa88cdcd60aac8e8a801fe29f6f54,6c4bab758043904227134554ed3be21660d7bf02236ac3a54fb1e6c15ead0093,NO,Cotton,Cotton,Main,Main,Cotton,Cotton
0,datasets\raw\Cotton\healthy\h392.jpg,datasets\raw\Cotton\healthy\h416.jpg,a998e249ece27eafc9a1b9eeef02c6d15974a1586f1e08823203e30f0b9f2445,a998e249ece27eafc9a1b9eeef02c6d15974a1586f1e08823203e30f0b9f2445,YES,Cotton,Cotton,Main,Main,Cotton,Cotton
0,datasets\raw\Cotton\healthy\h392.jpg,datasets\raw\Cotton\healthy\h418.jpg,a998e249ece27eafc9a1b9eeef02c6d15974a1586f1e08823203e30f0b9f2445,047056da0b6eef3cdbfa050d9aaa064b713b4d7fb8c047ac77c423cd0ccd8e4e,NO,Cotton,Cotton,Main,Main,Cotton,Cotton
0,datasets\raw\Cotton\healthy\h392.jpg,datasets\raw\Cotton\healthy\h419.jpg,a998e249ece27eafc9a1b9eeef02c6d15974a1586f1e08823203e30f0b9f2445,6c4bab758043904227134554ed3be21660d7bf02236ac3a54fb1e6c15ead0093,NO,Cotton,Cotton,Main,Main,Cotton,Cotton
0,datasets\raw\Cotton\healthy\h416.jpg,datasets\raw\Cotton\healthy\h418.jpg,a998e249ece27eafc9a1b9eeef02c6d15974a1586f1e08823203e30f0b9f2445,047056da0b6eef3cdbfa050d9aaa064b713b4d7fb8c047ac77c423cd0ccd8e4e,NO,Cotton,Cotton,Main,Main,Cotton,Cotton
0,datasets\raw\Cotton\healthy\h416.jpg,datasets\raw\Cotton\healthy\h419.jpg,a998e249ece27eafc9a1b9eeef02c6d15974a1586f1e08823203e30f0b9f2445,6c4bab758043904227134554ed3be21660d7bf02236ac3a54fb1e6c15ead0093,NO,Cotton,Cotton,Main,Main,Cotton,Cotton
0,datasets\raw\Cotton\healthy\h418.jpg,datasets\raw\Cotton\healthy\h419.jpg,047056da0b6eef3cdbfa050d9aaa064b713b4d7fb8c047ac77c423cd0ccd8e4e,6c4bab758043904227134554ed3be21660d7bf02236ac3a54fb1e6c15ead0093,NO,Cotton,Cotton,Main,Main,Cotton,Cotton
0,datasets\raw\Cotton\healthy\h420.jpg,datasets\raw\Cotton\healthy\h424.jpg,acb7bd8fba2aa294142285f701b546a72e6bfe81c2031e69b78fe2de4d774b03,b217d4e803f34cba4877bcd1d10469ff715b16969136d90f92771a6775d10407,NO,Cotton,Cotton,Main,Main,Cotton,Cotton
0,datasets\raw\Cotton\healthy\h420.jpg,datasets\raw\Cotton\healthy\h425.jpg,acb7bd8fba2aa294142285f701b546a72e6bfe81c2031e69b78fe2de4d774b03,acb7bd8fba2aa294142285f701b546a72e6bfe81c2031e69b78fe2de4d774b03,YES,Cotton,Cotton,Main,Main,Cotton,Cotton
0,datasets\raw\Cotton\healthy\h424.jpg,datasets\raw\Cotton\healthy\h425.jpg,b217d4e803f34cba4877bcd1d10469ff715b16969136d90f92771a6775d10407,acb7bd8fba2aa294142285f701b546a72e6bfe81c2031e69b78fe2de4d774b03,NO,Cotton,Cotton,Main,Main,Cotton,Cotton
0,datasets\raw\Cotton\healthy\h421.jpg,datasets\raw\Cotton\healthy\h422.jpg,c430acc2094a58eaaa744c4a66b6d8b806e25a9b7a309abf924bbdb84639f676,1e3132512327fc751b76457762c8c68ca2ab9343bd7a9345bff89b00a5154e3c,NO,Cotton,Cotton,Main,Main,Cotton,Cotton
0,datasets\raw\Cotton\healthy\h421.jpg,datasets\raw\Cotton\healthy\h423.jpg,c430acc2094a58eaaa744c4a66b6d8b806e25a9b7a309abf924bbdb84639f676,c9269a1215e965a04e978fc09528d1008e37df6c65ee86a6f8dc2e46681b7125,NO,Cotton,Cotton,Main,Main,Cotton,Cotton
0,datasets\raw\Cotton\healthy\h422.jpg,datasets\raw\Cotton\healthy\h423.jpg,1e3132512327fc751b76457762c8c68ca2ab9343bd7a9345bff89b00a5154e3c,c9269a1215e965a04e978fc09528d1008e37df6c65ee86a6f8dc2e46681b7125,NO,Cotton,Cotton,Main,Main,Cotton,Cotton
0,datasets\raw\Cotton\healthy\h43.jpg,datasets\raw\Cotton\healthy\h44.jpg,7eea2488f3b408cb234f11ad8e01c4db06a0a3d24212dea346b4ad73d64410a6,8c57998612902bdfa2d25f0f730c48ecd1db7cbae8cc2c875c7ab226a4403a1b,NO,Cotton,Cotton,Main,Main,Cotton,Cotton
0,datasets\raw\Cotton\healthy\h43.jpg,datasets\raw\Cotton\healthy\h45.jpg,7eea2488f3b408cb234f11ad8e01c4db06a0a3d24212dea346b4ad73d64410a6,30bb65063bf7c759899f2cf86902918cccce450898c24fce31220402d8166b1e,NO,Cotton,Cotton,Main,Main,Cotton,Cotton
0,datasets\raw\Cotton\healthy\h43.jpg,datasets\raw\Cotton\healthy\h46.jpg,7eea2488f3b408cb234f11ad8e01c4db06a0a3d24212dea346b4ad73d64410a6,ae18dbfc1d09d9cd4223e20a679b1217fa3e6974bcbde1ba4f8d6b34cba73d7c,NO,Cotton,Cotton,Main,Main,Cotton,Cotton
0,datasets\raw\Cotton\healthy\h44.jpg,datasets\raw\Cotton\healthy\h45.jpg,8c57998612902bdfa2d25f0f730c48ecd1db7cbae8cc2c875c7ab226a4403a1b,30bb65063bf7c759899f2cf86902918cccce450898c24fce31220402d8166b1e,NO,Cotton,Cotton,Main,Main,Cotton,Cotton
0,datasets\raw\Cotton\healthy\h44.jpg,datasets\raw\Cotton\healthy\h46.jpg,8c57998612902bdfa2d25f0f730c48ecd1db7cbae8cc2c875c7ab226a4403a1b,ae18dbfc1d09d9cd4223e20a679b1217fa3e6974bcbde1ba4f8d6b34cba73d7c,NO,Cotton,Cotton,Main,Main,Cotton,Cotton
0,datasets\raw\Cotton\healthy\h45.jpg,datasets\raw\Cotton\healthy\h46.jpg,30bb65063bf7c759899f2cf86902918cccce450898c24fce31220402d8166b1e,ae18dbfc1d09d9cd4223e20a679b1217fa3e6974bcbde1ba4f8d6b34cba73d7c,NO,Cotton,Cotton,Main,Main,Cotton,Cotton
0,datasets\raw\Cotton\healthy\h444.jpg,datasets\raw\Cotton\healthy\h447.jpg,5dae7377bba832077798ee2785addff2474c1e673b4075c99444d56255673609,c8ff17e44968016e3eb5b0372173b98bd0439c435d9fade79217571a20bab9c5,NO,Cotton,Cotton,Main,Main,Cotton,Cotton
0,datasets\raw\Cotton\healthy\h444.jpg,datasets\raw\Cotton\healthy\h469.jpg,5dae7377bba832077798ee2785addff2474c1e673b4075c99444d56255673609,b3f5581a0b14f153227811ae5db9038be57b6692991e9c6bc5acc18f7079be30,NO,Cotton,Cotton,Main,Main,Cotton,Cotton
0,datasets\raw\Cotton\healthy\h444.jpg,datasets\raw\Cotton\healthy\h477.jpg,5dae7377bba832077798ee2785addff2474c1e673b4075c99444d56255673609,c8ff17e44968016e3eb5b0372173b98bd0439c435d9fade79217571a20bab9c5,NO,Cotton,Cotton,Main,Main,Cotton,Cotton
0,datasets\raw\Cotton\healthy\h444.jpg,datasets\raw\Cotton\healthy\h497.jpg,5dae7377bba832077798ee2785addff2474c1e673b4075c99444d56255673609,734661588a200cee87dad4ec02eb4658e55be7788b3e24a6e4709a7d6fc8ce53,NO,Cotton,Cotton,Main,Main,Cotton,Cotton
0,datasets\raw\Cotton\healthy\h447.jpg,datasets\raw\Cotton\healthy\h469.jpg,c8ff17e44968016e3eb5b0372173b98bd0439c435d9fade79217571a20bab9c5,b3f5581a0b14f153227811ae5db9038be57b6692991e9c6bc5acc18f7079be30,NO,Cotton,Cotton,Main,Main,Cotton,Cotton
0,datasets\raw\Cotton\healthy\h447.jpg,datasets\raw\Cotton\healthy\h477.jpg,c8ff17e44968016e3eb5b0372173b98bd0439c435d9fade79217571a20bab9c5,c8ff17e44968016e3eb5b0372173b98bd0439c435d9fade79217571a20bab9c5,YES,Cotton,Cotton,Main,Main,Cotton,Cotton
0,datasets\raw\Cotton\healthy\h447.jpg,datasets\raw\Cotton\healthy\h497.jpg,c8ff17e44968016e3eb5b0372173b98bd0439c435d9fade79217571a20bab9c5,734661588a200cee87dad4ec02eb4658e55be7788b3e24a6e4709a7d6fc8ce53,NO,Cotton,Cotton,Main,Main,Cotton,Cotton
0,datasets\raw\Cotton\healthy\h469.jpg,datasets\raw\Cotton\healthy\h477.jpg,b3f5581a0b14f153227811ae5db9038be57b6692991e9c6bc5acc18f7079be30,c8ff17e44968016e3eb5b0372173b98bd0439c435d9fade79217571a20bab9c5,NO,Cotton,Cotton,Main,Main,Cotton,Cotton
0,datasets\raw\Cotton\healthy\h469.jpg,datasets\raw\Cotton\healthy\h497.jpg,b3f5581a0b14f153227811ae5db9038be57b6692991e9c6bc5acc18f7079be30,734661588a200cee87dad4ec02eb4658e55be7788b3e24a6e4709a7d6fc8ce53,NO,Cotton,Cotton,Main,Main,Cotton,Cotton
0,datasets\raw\Cotton\healthy\h477.jpg,datasets\raw\Cotton\healthy\h497.jpg,c8ff17e44968016e3eb5b0372173b98bd0439c435d9fade79217571a20bab9c5,734661588a200cee87dad4ec02eb4658e55be7788b3e24a6e4709a7d6fc8ce53,NO,Cotton,Cotton,Main,Main,Cotton,Cotton
0,datasets\raw\Cotton\healthy\h47.jpg,datasets\raw\Cotton\healthy\h48.jpg,d3c98892fd4cb0217c48e3e8c1478c4fd731deaee761e1d2b2f1b4a4bdf62399,aacd7a7042f45d0718ea545eb57aa85595117a6bc49db1885647b1c5eba5d470,NO,Cotton,Cotton,Main,Main,Cotton,Cotton
0,datasets\raw\Cotton\healthy\h47.jpg,datasets\raw\Cotton\healthy\h49.jpg,d3c98892fd4cb0217c48e3e8c1478c4fd731deaee761e1d2b2f1b4a4bdf62399,eedd033d59206d9252ae3ea7a3940d4313fed81bcbe3b25fa6713a7f84ae3331,NO,Cotton,Cotton,Main,Main,Cotton,Cotton
0,datasets\raw\Cotton\healthy\h47.jpg,datasets\raw\Cotton\healthy\h50.jpg,d3c98892fd4cb0217c48e3e8c1478c4fd731deaee761e1d2b2f1b4a4bdf62399,35218b9c474ce4e88781c1a86173f9ae24d8319a8a8cbb1b6b88badddc915adc,NO,Cotton,Cotton,Main,Main,Cotton,Cotton
0,datasets\raw\Cotton\healthy\h47.jpg,datasets\raw\Cotton\healthy\h51.jpg,d3c98892fd4cb0217c48e3e8c1478c4fd731deaee761e1d2b2f1b4a4bdf62399,d3c98892fd4cb0217c48e3e8c1478c4fd731deaee761e1d2b2f1b4a4bdf62399,YES,Cotton,Cotton,Main,Main,Cotton,Cotton
0,datasets\raw\Cotton\healthy\h48.jpg,datasets\raw\Cotton\healthy\h49.jpg,aacd7a7042f45d0718ea545eb57aa85595117a6bc49db1885647b1c5eba5d470,eedd033d59206d9252ae3ea7a3940d4313fed81bcbe3b25fa6713a7f84ae3331,NO,Cotton,Cotton,Main,Main,Cotton,Cotton
0,datasets\raw\Cotton\healthy\h48.jpg,datasets\raw\Cotton\healthy\h50.jpg,aacd7a7042f45d0718ea545eb57aa85595117a6bc49db1885647b1c5eba5d470,35218b9c474ce4e88781c1a86173f9ae24d8319a8a8cbb1b6b88badddc915adc,NO,Cotton,Cotton,Main,Main,Cotton,Cotton
0,datasets\raw\Cotton\healthy\h48.jpg,datasets\raw\Cotton\healthy\h51.jpg,aacd7a7042f45d0718ea545eb57aa85595117a6bc49db1885647b1c5eba5d470,d3c98892fd4cb0217c48e3e8c1478c4fd731deaee761e1d2b2f1b4a4bdf62399,NO,Cotton,Cotton,Main,Main,Cotton,Cotton
0,datasets\raw\Cotton\healthy\h49.jpg,datasets\raw\Cotton\healthy\h50.jpg,eedd033d59206d9252ae3ea7a3940d4313fed81bcbe3b25fa6713a7f84ae3331,35218b9c474ce4e88781c1a86173f9ae24d8319a8a8cbb1b6b88badddc915adc,NO,Cotton,Cotton,Main,Main,Cotton,Cotton
0,datasets\raw\Cotton\healthy\h49.jpg,datasets\raw\Cotton\healthy\h51.jpg,eedd033d59206d9252ae3ea7a3940d4313fed81bcbe3b25fa6713a7f84ae3331,d3c98892fd4cb0217c48e3e8c1478c4fd731deaee761e1d2b2f1b4a4bdf62399,NO,Cotton,Cotton,Main,Main,Cotton,Cotton
0,datasets\raw\Cotton\healthy\h50.jpg,datasets\raw\Cotton\healthy\h51.jpg,35218b9c474ce4e88781c1a86173f9ae24d8319a8a8cbb1b6b88badddc915adc,d3c98892fd4cb0217c48e3e8c1478c4fd731deaee761e1d2b2f1b4a4bdf62399,NO,Cotton,Cotton,Main,Main,Cotton,Cotton
0,datasets\raw\Cotton\healthy\h52.jpg,datasets\raw\Cotton\healthy\h53.jpg,bf7f5ad9c7a3570966dd734fd58afa2f21a4d75a2170e90f6410aac0f2543d01,e814d1e35fc8576e29a33f7a9c873e5e7fbed3be19b9aeb06f75d320ef42a9e6,NO,Cotton,Cotton,Main,Main,Cotton,Cotton
0,datasets\raw\Cotton\healthy\h54.jpg,datasets\raw\Cotton\healthy\h55.jpg,5cbd8ebe710ae33e208a17f797be6440242d866d626802f3489636854d46d7e4,a7e66b650661c41a68ba8ee1505b5da8a36bea4040a38002b01cb30a8af1771a,NO,Cotton,Cotton,Main,Main,Cotton,Cotton
0,datasets\raw\Cotton\healthy\h54.jpg,datasets\raw\Cotton\healthy\h56.jpg,5cbd8ebe710ae33e208a17f797be6440242d866d626802f3489636854d46d7e4,53c9351a5f4a496cdc47e70cb976edc54a67f1c7d85d29b73f01a6857c69cd69,NO,Cotton,Cotton,Main,Main,Cotton,Cotton
0,datasets\raw\Cotton\healthy\h54.jpg,datasets\raw\Cotton\healthy\h57.jpg,5cbd8ebe710ae33e208a17f797be6440242d866d626802f3489636854d46d7e4,235236c0ec911a154c760f8501098567bd511d54dbf8bbd52ed658f475a9209e,NO,Cotton,Cotton,Main,Main,Cotton,Cotton
0,datasets\raw\Cotton\healthy\h54.jpg,datasets\raw\Cotton\healthy\h58.jpg,5cbd8ebe710ae33e208a17f797be6440242d866d626802f3489636854d46d7e4,235236c0ec911a154c760f8501098567bd511d54dbf8bbd52ed658f475a9209e,NO,Cotton,Cotton,Main,Main,Cotton,Cotton
0,datasets\raw\Cotton\healthy\h55.jpg,datasets\raw\Cotton\healthy\h56.jpg,a7e66b650661c41a68ba8ee1505b5da8a36bea4040a38002b01cb30a8af1771a,53c9351a5f4a496cdc47e70cb976edc54a67f1c7d85d29b73f01a6857c69cd69,NO,Cotton,Cotton,Main,Main,Cotton,Cotton
0,datasets\raw\Cotton\healthy\h55.jpg,datasets\raw\Cotton\healthy\h57.jpg,a7e66b650661c41a68ba8ee1505b5da8a36bea4040a38002b01cb30a8af1771a,235236c0ec911a154c760f8501098567bd511d54dbf8bbd52ed658f475a9209e,NO,Cotton,Cotton,Main,Main,Cotton,Cotton
0,datasets\raw\Cotton\healthy\h55.jpg,datasets\raw\Cotton\healthy\h58.jpg,a7e66b650661c41a68ba8ee1505b5da8a36bea4040a38002b01cb30a8af1771a,235236c0ec911a154c760f8501098567bd511d54dbf8bbd52ed658f475a9209e,NO,Cotton,Cotton,Main,Main,Cotton,Cotton
0,datasets\raw\Cotton\healthy\h56.jpg,datasets\raw\Cotton\healthy\h57.jpg,53c9351a5f4a496cdc47e70cb976edc54a67f1c7d85d29b73f01a6857c69cd69,235236c0ec911a154c760f8501098567bd511d54dbf8bbd52ed658f475a9209e,NO,Cotton,Cotton,Main,Main,Cotton,Cotton
0,datasets\raw\Cotton\healthy\h56.jpg,datasets\raw\Cotton\healthy\h58.jpg,53c9351a5f4a496cdc47e70cb976edc54a67f1c7d85d29b73f01a6857c69cd69,235236c0ec911a154c760f8501098567bd511d54dbf8bbd52ed658f475a9209e,NO,Cotton,Cotton,Main,Main,Cotton,Cotton
0,datasets\raw\Cotton\healthy\h57.jpg,datasets\raw\Cotton\healthy\h58.jpg,235236c0ec911a154c760f8501098567bd511d54dbf8bbd52ed658f475a9209e,235236c0ec911a154c760f8501098567bd511d54dbf8bbd52ed658f475a9209e,YES,Cotton,Cotton,Main,Main,Cotton,Cotton
0,datasets\raw\Cotton\healthy\h59.jpg,datasets\raw\Cotton\healthy\h60.jpg,efe587a772747c5a7c62a4d34abc14d7146131a8644a9603f28f11ac5585174e,fca2e39ed74e9a8d5df78392afaed864d1c0eb4496b5890970b801462d42f6a3,NO,Cotton,Cotton,Main,Main,Cotton,Cotton
0,datasets\raw\Cotton\healthy\h59.jpg,datasets\raw\Cotton\healthy\h61.jpg,efe587a772747c5a7c62a4d34abc14d7146131a8644a9603f28f11ac5585174e,f0038179062d3baf568608dfca154cacbb5cde0012a24b8b2203fc3031f97424,NO,Cotton,Cotton,Main,Main,Cotton,Cotton
0,datasets\raw\Cotton\healthy\h59.jpg,datasets\raw\Cotton\healthy\h62.jpg,efe587a772747c5a7c62a4d34abc14d7146131a8644a9603f28f11ac5585174e,ed1261d75c07b83a62d66ac3d16807e24ef3e74336b3555e15520a30601b6fc9,NO,Cotton,Cotton,Main,Main,Cotton,Cotton
0,datasets\raw\Cotton\healthy\h60.jpg,datasets\raw\Cotton\healthy\h61.jpg,fca2e39ed74e9a8d5df78392afaed864d1c0eb4496b5890970b801462d42f6a3,f0038179062d3baf568608dfca154cacbb5cde0012a24b8b2203fc3031f97424,NO,Cotton,Cotton,Main,Main,Cotton,Cotton
0,datasets\raw\Cotton\healthy\h60.jpg,datasets\raw\Cotton\healthy\h62.jpg,fca2e39ed74e9a8d5df78392afaed864d1c0eb4496b5890970b801462d42f6a3,ed1261d75c07b83a62d66ac3d16807e24ef3e74336b3555e15520a30601b6fc9,NO,Cotton,Cotton,Main,Main,Cotton,Cotton
0,datasets\raw\Cotton\healthy\h61.jpg,datasets\raw\Cotton\healthy\h62.jpg,f0038179062d3baf568608dfca154cacbb5cde0012a24b8b2203fc3031f97424,ed1261d75c07b83a62d66ac3d16807e24ef3e74336b3555e15520a30601b6fc9,NO,Cotton,Cotton,Main,Main,Cotton,Cotton
0,datasets\raw\Cotton\healthy\h63.jpg,datasets\raw\Cotton\healthy\h64.jpg,60258fcfa14da2184265deac21e60a652e51d20c0745b5ae77e13437032a0de3,dd63f7aee9d0eccd7075cb3a97a408b3bfdedefdec83739f4a2d2968728dd739,NO,Cotton,Cotton,Main,Main,Cotton,Cotton
0,datasets\raw\Cotton\healthy\h63.jpg,datasets\raw\Cotton\healthy\h65.jpg,60258fcfa14da2184265deac21e60a652e51d20c0745b5ae77e13437032a0de3,f67dbb73bf2bfdfe07ae3a4d9b388edb31bbb50e5dc315c9bdc2d6b18b9ddc90,NO,Cotton,Cotton,Main,Main,Cotton,Cotton
0,datasets\raw\Cotton\healthy\h63.jpg,datasets\raw\Cotton\healthy\h66.jpg,60258fcfa14da2184265deac21e60a652e51d20c0745b5ae77e13437032a0de3,f67dbb73bf2bfdfe07ae3a4d9b388edb31bbb50e5dc315c9bdc2d6b18b9ddc90,NO,Cotton,Cotton,Main,Main,Cotton,Cotton
0,datasets\raw\Cotton\healthy\h64.jpg,datasets\raw\Cotton\healthy\h65.jpg,dd63f7aee9d0eccd7075cb3a97a408b3bfdedefdec83739f4a2d2968728dd739,f67dbb73bf2bfdfe07ae3a4d9b388edb31bbb50e5dc315c9bdc2d6b18b9ddc90,NO,Cotton,Cotton,Main,Main,Cotton,Cotton
0,datasets\raw\Cotton\healthy\h64.jpg,datasets\raw\Cotton\healthy\h66.jpg,dd63f7aee9d0eccd7075cb3a97a408b3bfdedefdec83739f4a2d2968728dd739,f67dbb73bf2bfdfe07ae3a4d9b388edb31bbb50e5dc315c9bdc2d6b18b9ddc90,NO,Cotton,Cotton,Main,Main,Cotton,Cotton
0,datasets\raw\Cotton\healthy\h65.jpg,datasets\raw\Cotton\healthy\h66.jpg,f67dbb73bf2bfdfe07ae3a4d9b388edb31bbb50e5dc315c9bdc2d6b18b9ddc90,f67dbb73bf2bfdfe07ae3a4d9b388edb31bbb50e5dc315c9bdc2d6b18b9ddc90,YES,Cotton,Cotton,Main,Main,Cotton,Cotton
0,datasets\raw\Cotton\healthy\h67.jpg,datasets\raw\Cotton\healthy\h68.jpg,c5c3fe1cc2637e750897e6a33609d42ce3218404a5384f476e18c00174abc156,373731a7d97294734b5946c8945affdf5683872b05c07ddc06fffbc0d2070468,NO,Cotton,Cotton,Main,Main,Cotton,Cotton
0,datasets\raw\Cotton\healthy\h67.jpg,datasets\raw\Cotton\healthy\h69.jpg,c5c3fe1cc2637e750897e6a33609d42ce3218404a5384f476e18c00174abc156,9bc8bd52efe25f4d801f034d4daec6890f2c1976b667fcd065f3177c3ce37a26,NO,Cotton,Cotton,Main,Main,Cotton,Cotton
0,datasets\raw\Cotton\healthy\h67.jpg,datasets\raw\Cotton\healthy\h70.jpg,c5c3fe1cc2637e750897e6a33609d42ce3218404a5384f476e18c00174abc156,5017d0d36b2fc36a0a29b2a609e6b1ffc7d36e745f7514aa225ff32f5bb0b972,NO,Cotton,Cotton,Main,Main,Cotton,Cotton
0,datasets\raw\Cotton\healthy\h67.jpg,datasets\raw\Cotton\healthy\h71.jpg,c5c3fe1cc2637e750897e6a33609d42ce3218404a5384f476e18c00174abc156,5722ff242760635e4ae3964ad10371c44ad9c35570a14fcd430d8aa2d5b08911,NO,Cotton,Cotton,Main,Main,Cotton,Cotton
0,datasets\raw\Cotton\healthy\h67.jpg,datasets\raw\Cotton\healthy\h72.jpg,c5c3fe1cc2637e750897e6a33609d42ce3218404a5384f476e18c00174abc156,e89fcf73c9a6b09af1c458db6c86da699afd34596f7ce36191bbe9d0b2e80468,NO,Cotton,Cotton,Main,Main,Cotton,Cotton
0,datasets\raw\Cotton\healthy\h67.jpg,datasets\raw\Cotton\healthy\h73.jpg,c5c3fe1cc2637e750897e6a33609d42ce3218404a5384f476e18c00174abc156,1f8e774feab140c361ba56b5bda443fae324647b816d8cecfbb70a7c422954b8,NO,Cotton,Cotton,Main,Main,Cotton,Cotton
0,datasets\raw\Cotton\healthy\h68.jpg,datasets\raw\Cotton\healthy\h69.jpg,373731a7d97294734b5946c8945affdf5683872b05c07ddc06fffbc0d2070468,9bc8bd52efe25f4d801f034d4daec6890f2c1976b667fcd065f3177c3ce37a26,NO,Cotton,Cotton,Main,Main,Cotton,Cotton
0,datasets\raw\Cotton\healthy\h68.jpg,datasets\raw\Cotton\healthy\h70.jpg,373731a7d97294734b5946c8945affdf5683872b05c07ddc06fffbc0d2070468,5017d0d36b2fc36a0a29b2a609e6b1ffc7d36e745f7514aa225ff32f5bb0b972,NO,Cotton,Cotton,Main,Main,Cotton,Cotton
0,datasets\raw\Cotton\healthy\h68.jpg,datasets\raw\Cotton\healthy\h71.jpg,373731a7d97294734b5946c8945affdf5683872b05c07ddc06fffbc0d2070468,5722ff242760635e4ae3964ad10371c44ad9c35570a14fcd430d8aa2d5b08911,NO,Cotton,Cotton,Main,Main,Cotton,Cotton
0,datasets\raw\Cotton\healthy\h68.jpg,datasets\raw\Cotton\healthy\h72.jpg,373731a7d97294734b5946c8945affdf5683872b05c07ddc06fffbc0d2070468,e89fcf73c9a6b09af1c458db6c86da699afd34596f7ce36191bbe9d0b2e80468,NO,Cotton,Cotton,Main,Main,Cotton,Cotton
0,datasets\raw\Cotton\healthy\h68.jpg,datasets\raw\Cotton\healthy\h73.jpg,373731a7d97294734b5946c8945affdf5683872b05c07ddc06fffbc0d2070468,1f8e774feab140c361ba56b5bda443fae324647b816d8cecfbb70a7c422954b8,NO,Cotton,Cotton,Main,Main,Cotton,Cotton
0,datasets\raw\Cotton\healthy\h69.jpg,datasets\raw\Cotton\healthy\h70.jpg,9bc8bd52efe25f4d801f034d4daec6890f2c1976b667fcd065f3177c3ce37a26,5017d0d36b2fc36a0a29b2a609e6b1ffc7d36e745f7514aa225ff32f5bb0b972,NO,Cotton,Cotton,Main,Main,Cotton,Cotton
0,datasets\raw\Cotton\healthy\h69.jpg,datasets\raw\Cotton\healthy\h71.jpg,9bc8bd52efe25f4d801f034d4daec6890f2c1976b667fcd065f3177c3ce37a26,5722ff242760635e4ae3964ad10371c44ad9c35570a14fcd430d8aa2d5b08911,NO,Cotton,Cotton,Main,Main,Cotton,Cotton
0,datasets\raw\Cotton\healthy\h69.jpg,datasets\raw\Cotton\healthy\h72.jpg,9bc8bd52efe25f4d801f034d4daec6890f2c1976b667fcd065f3177c3ce37a26,e89fcf73c9a6b09af1c458db6c86da699afd34596f7ce36191bbe9d0b2e80468,NO,Cotton,Cotton,Main,Main,Cotton,Cotton
0,datasets\raw\Cotton\healthy\h69.jpg,datasets\raw\Cotton\healthy\h73.jpg,9bc8bd52efe25f4d801f034d4daec6890f2c1976b667fcd065f3177c3ce37a26,1f8e774feab140c361ba56b5bda443fae324647b816d8cecfbb70a7c422954b8,NO,Cotton,Cotton,Main,Main,Cotton,Cotton
0,datasets\raw\Cotton\healthy\h70.jpg,datasets\raw\Cotton\healthy\h71.jpg,5017d0d36b2fc36a0a29b2a609e6b1ffc7d36e745f7514aa225ff32f5bb0b972,5722ff242760635e4ae3964ad10371c44ad9c35570a14fcd430d8aa2d5b08911,NO,Cotton,Cotton,Main,Main,Cotton,Cotton
0,datasets\raw\Cotton\healthy\h70.jpg,datasets\raw\Cotton\healthy\h72.jpg,5017d0d36b2fc36a0a29b2a609e6b1ffc7d36e745f7514aa225ff32f5bb0b972,e89fcf73c9a6b09af1c458db6c86da699afd34596f7ce36191bbe9d0b2e80468,NO,Cotton,Cotton,Main,Main,Cotton,Cotton
0,datasets\raw\Cotton\healthy\h70.jpg,datasets\raw\Cotton\healthy\h73.jpg,5017d0d36b2fc36a0a29b2a609e6b1ffc7d36e745f7514aa225ff32f5bb0b972,1f8e774feab140c361ba56b5bda443fae324647b816d8cecfbb70a7c422954b8,NO,Cotton,Cotton,Main,Main,Cotton,Cotton
0,datasets\raw\Cotton\healthy\h71.jpg,datasets\raw\Cotton\healthy\h72.jpg,5722ff242760635e4ae3964ad10371c44ad9c35570a14fcd430d8aa2d5b08911,e89fcf73c9a6b09af1c458db6c86da699afd34596f7ce36191bbe9d0b2e80468,NO,Cotton,Cotton,Main,Main,Cotton,Cotton
0,datasets\raw\Cotton\healthy\h71.jpg,datasets\raw\Cotton\healthy\h73.jpg,5722ff242760635e4ae3964ad10371c44ad9c35570a14fcd430d8aa2d5b08911,1f8e774feab140c361ba56b5bda443fae324647b816d8cecfbb70a7c422954b8,NO,Cotton,Cotton,Main,Main,Cotton,Cotton
0,datasets\raw\Cotton\healthy\h72.jpg,datasets\raw\Cotton\healthy\h73.jpg,e89fcf73c9a6b09af1c458db6c86da699afd34596f7ce36191bbe9d0b2e80468,1f8e774feab140c361ba56b5bda443fae324647b816d8cecfbb70a7c422954b8,NO,Cotton,Cotton,Main,Main,Cotton,Cotton
0,datasets\raw\Cotton\healthy\h74.jpg,datasets\raw\Cotton\healthy\h75.jpg,00d540240b29fe04300a41d284e88d157be74f8c7c7f80ca15fba975d4e083b9,3b0501c9c01f05e44666a0edac59a8f8a995bea0530de9816b0489ffb854a2e6,NO,Cotton,Cotton,Main,Main,Cotton,Cotton
0,datasets\raw\Cotton\healthy\h74.jpg,datasets\raw\Cotton\healthy\h76.jpg,00d540240b29fe04300a41d284e88d157be74f8c7c7f80ca15fba975d4e083b9,dd86476e192d25872cb3a03b9a60ec931c29000abb322d77f7455af753376877,NO,Cotton,Cotton,Main,Main,Cotton,Cotton
0,datasets\raw\Cotton\healthy\h75.jpg,datasets\raw\Cotton\healthy\h76.jpg,3b0501c9c01f05e44666a0edac59a8f8a995bea0530de9816b0489ffb854a2e6,dd86476e192d25872cb3a03b9a60ec931c29000abb322d77f7455af753376877,NO,Cotton,Cotton,Main,Main,Cotton,Cotton
0,datasets\raw\Cotton\healthy\h78.jpg,datasets\raw\Cotton\healthy\h79.jpg,532d08fd350afcc2988d684aca9913b752aa877e8662715f4f09712ed69c4e63,6c5e81101cac915402fcd54b4927122ea4f3b3ecb4919b101b67583c7b6e7ef0,NO,Cotton,Cotton,Main,Main,Cotton,Cotton
0,datasets\raw\Cotton\healthy\h78.jpg,datasets\raw\Cotton\healthy\h80.jpg,532d08fd350afcc2988d684aca9913b752aa877e8662715f4f09712ed69c4e63,460d165e14494865b8cbcde913de18d2ee852ea9a1867d0ed485ec3664954fe9,NO,Cotton,Cotton,Main,Main,Cotton,Cotton
0,datasets\raw\Cotton\healthy\h79.jpg,datasets\raw\Cotton\healthy\h80.jpg,6c5e81101cac915402fcd54b4927122ea4f3b3ecb4919b101b67583c7b6e7ef0,460d165e14494865b8cbcde913de18d2ee852ea9a1867d0ed485ec3664954fe9,NO,Cotton,Cotton,Main,Main,Cotton,Cotton
0,datasets\raw\Cotton\healthy\h81.jpg,datasets\raw\Cotton\healthy\h82.jpg,e2c365ffe35b3bfb71d204fa6e7c789a7c675d7e5aa12ce3a4399ea94bc8a1ca,77d2c3a06a9248d6538f0bed09a2b1bc00942998199d1f61a7d41edc779656f5,NO,Cotton,Cotton,Main,Main,Cotton,Cotton
0,datasets\raw\Cotton\healthy\h81.jpg,datasets\raw\Cotton\healthy\h83.jpg,e2c365ffe35b3bfb71d204fa6e7c789a7c675d7e5aa12ce3a4399ea94bc8a1ca,d60aca92e8b36f571a6d6337f84ad50fa4ac6b74a5b06d6f94ef62c2b392392f,NO,Cotton,Cotton,Main,Main,Cotton,Cotton
0,datasets\raw\Cotton\healthy\h81.jpg,datasets\raw\Cotton\healthy\h85.jpg,e2c365ffe35b3bfb71d204fa6e7c789a7c675d7e5aa12ce3a4399ea94bc8a1ca,142d078c9e275f17a0b7857d94aebe00acfb9ab313e49cbb35e7a9896302a915,NO,Cotton,Cotton,Main,Main,Cotton,Cotton
0,datasets\raw\Cotton\healthy\h82.jpg,datasets\raw\Cotton\healthy\h83.jpg,77d2c3a06a9248d6538f0bed09a2b1bc00942998199d1f61a7d41edc779656f5,d60aca92e8b36f571a6d6337f84ad50fa4ac6b74a5b06d6f94ef62c2b392392f,NO,Cotton,Cotton,Main,Main,Cotton,Cotton
0,datasets\raw\Cotton\healthy\h82.jpg,datasets\raw\Cotton\healthy\h85.jpg,77d2c3a06a9248d6538f0bed09a2b1bc00942998199d1f61a7d41edc779656f5,142d078c9e275f17a0b7857d94aebe00acfb9ab313e49cbb35e7a9896302a915,NO,Cotton,Cotton,Main,Main,Cotton,Cotton
0,datasets\raw\Cotton\healthy\h83.jpg,datasets\raw\Cotton\healthy\h85.jpg,d60aca92e8b36f571a6d6337f84ad50fa4ac6b74a5b06d6f94ef62c2b392392f,142d078c9e275f17a0b7857d94aebe00acfb9ab313e49cbb35e7a9896302a915,NO,Cotton,Cotton,Main,Main,Cotton,Cotton
0,datasets\raw\Cotton\healthy\h84.jpg,datasets\raw\Cotton\healthy\h86.jpg,1602417224e554a85dc579c522e5789b887376559738e58ce70e4a1bd460705e,4a7b50fcb33347938d8228c0d3b202454c56180fdc8f51cb20c3e53f0130f23a,NO,Cotton,Cotton,Main,Main,Cotton,Cotton
0,datasets\raw\Cotton\healthy\h84.jpg,datasets\raw\Cotton\healthy\h87.jpg,1602417224e554a85dc579c522e5789b887376559738e58ce70e4a1bd460705e,9f99d7df0f468e5aa186ed7f8ef115d4395ad6921aa5157c13c5a4f1787cdde1,NO,Cotton,Cotton,Main,Main,Cotton,Cotton
0,datasets\raw\Cotton\healthy\h86.jpg,datasets\raw\Cotton\healthy\h87.jpg,4a7b50fcb33347938d8228c0d3b202454c56180fdc8f51cb20c3e53f0130f23a,9f99d7df0f468e5aa186ed7f8ef115d4395ad6921aa5157c13c5a4f1787cdde1,NO,Cotton,Cotton,Main,Main,Cotton,Cotton
0,datasets\raw\Cotton\healthy\h88.jpg,datasets\raw\Cotton\healthy\h89.jpg,4bb7236b015bc3688cce18656595c1c57a959f9e47ea179a00011aa298f4d5b5,184b8fa36341c097d42e54e40ff0768b9a230456e267fe32d4db24467234ee25,NO,Cotton,Cotton,Main,Main,Cotton,Cotton
0,datasets\raw\Cotton\healthy\h88.jpg,datasets\raw\Cotton\healthy\h90.jpg,4bb7236b015bc3688cce18656595c1c57a959f9e47ea179a00011aa298f4d5b5,42ab9a718e601885e714279c12be5707f4eee33f514277dd96b71e885013f941,NO,Cotton,Cotton,Main,Main,Cotton,Cotton
0,datasets\raw\Cotton\healthy\h88.jpg,datasets\raw\Cotton\healthy\h91.jpg,4bb7236b015bc3688cce18656595c1c57a959f9e47ea179a00011aa298f4d5b5,bcd72e18267d8a5f471ae27066f9c952e6dbbd44dffc01a56bdcccd7392487b1,NO,Cotton,Cotton,Main,Main,Cotton,Cotton
0,datasets\raw\Cotton\healthy\h88.jpg,datasets\raw\Cotton\healthy\h95.jpg,4bb7236b015bc3688cce18656595c1c57a959f9e47ea179a00011aa298f4d5b5,bcd72e18267d8a5f471ae27066f9c952e6dbbd44dffc01a56bdcccd7392487b1,NO,Cotton,Cotton,Main,Main,Cotton,Cotton
0,datasets\raw\Cotton\healthy\h89.jpg,datasets\raw\Cotton\healthy\h90.jpg,184b8fa36341c097d42e54e40ff0768b9a230456e267fe32d4db24467234ee25,42ab9a718e601885e714279c12be5707f4eee33f514277dd96b71e885013f941,NO,Cotton,Cotton,Main,Main,Cotton,Cotton
0,datasets\raw\Cotton\healthy\h89.jpg,datasets\raw\Cotton\healthy\h91.jpg,184b8fa36341c097d42e54e40ff0768b9a230456e267fe32d4db24467234ee25,bcd72e18267d8a5f471ae27066f9c952e6dbbd44dffc01a56bdcccd7392487b1,NO,Cotton,Cotton,Main,Main,Cotton,Cotton
0,datasets\raw\Cotton\healthy\h89.jpg,datasets\raw\Cotton\healthy\h95.jpg,184b8fa36341c097d42e54e40ff0768b9a230456e267fe32d4db24467234ee25,bcd72e18267d8a5f471ae27066f9c952e6dbbd44dffc01a56bdcccd7392487b1,NO,Cotton,Cotton,Main,Main,Cotton,Cotton
0,datasets\raw\Cotton\healthy\h90.jpg,datasets\raw\Cotton\healthy\h91.jpg,42ab9a718e601885e714279c12be5707f4eee33f514277dd96b71e885013f941,bcd72e18267d8a5f471ae27066f9c952e6dbbd44dffc01a56bdcccd7392487b1,NO,Cotton,Cotton,Main,Main,Cotton,Cotton
0,datasets\raw\Cotton\healthy\h90.jpg,datasets\raw\Cotton\healthy\h95.jpg,42ab9a718e601885e714279c12be5707f4eee33f514277dd96b71e885013f941,bcd72e18267d8a5f471ae27066f9c952e6dbbd44dffc01a56bdcccd7392487b1,NO,Cotton,Cotton,Main,Main,Cotton,Cotton
0,datasets\raw\Cotton\healthy\h91.jpg,datasets\raw\Cotton\healthy\h95.jpg,bcd72e18267d8a5f471ae27066f9c952e6dbbd44dffc01a56bdcccd7392487b1,bcd72e18267d8a5f471ae27066f9c952e6dbbd44dffc01a56bdcccd7392487b1,YES,Cotton,Cotton,Main,Main,Cotton,Cotton
0,datasets\raw\Cotton\healthy\h92.jpg,datasets\raw\Cotton\healthy\h96.jpg,80ec47017b40514bdfaf7486f6fb6ab2fd89802e1226399dc6c90f7650e7ed44,95d120b2004fc4de3d70b804ed0b2be5b28a5c9feb49ddfe07c0b5df2ec6c5ff,NO,Cotton,Cotton,Main,Main,Cotton,Cotton
0,datasets\raw\Cotton\healthy\h92.jpg,datasets\raw\Cotton\healthy\h97.jpg,80ec47017b40514bdfaf7486f6fb6ab2fd89802e1226399dc6c90f7650e7ed44,c77d604db7ea8ebe4d8e0e1e3bd2fa629d8853c99bc25ee27b23bf7b7ff147cf,NO,Cotton,Cotton,Main,Main,Cotton,Cotton
0,datasets\raw\Cotton\healthy\h92.jpg,datasets\raw\Cotton\healthy\h98.jpg,80ec47017b40514bdfaf7486f6fb6ab2fd89802e1226399dc6c90f7650e7ed44,e27f44032900a0b9424c48481138887ef1cb2db1053459565ff202053c3c61f6,NO,Cotton,Cotton,Main,Main,Cotton,Cotton
0,datasets\raw\Cotton\healthy\h96.jpg,datasets\raw\Cotton\healthy\h97.jpg,95d120b2004fc4de3d70b804ed0b2be5b28a5c9feb49ddfe07c0b5df2ec6c5ff,c77d604db7ea8ebe4d8e0e1e3bd2fa629d8853c99bc25ee27b23bf7b7ff147cf,NO,Cotton,Cotton,Main,Main,Cotton,Cotton
0,datasets\raw\Cotton\healthy\h96.jpg,datasets\raw\Cotton\healthy\h98.jpg,95d120b2004fc4de3d70b804ed0b2be5b28a5c9feb49ddfe07c0b5df2ec6c5ff,e27f44032900a0b9424c48481138887ef1cb2db1053459565ff202053c3c61f6,NO,Cotton,Cotton,Main,Main,Cotton,Cotton
0,datasets\raw\Cotton\healthy\h97.jpg,datasets\raw\Cotton\healthy\h98.jpg,c77d604db7ea8ebe4d8e0e1e3bd2fa629d8853c99bc25ee27b23bf7b7ff147cf,e27f44032900a0b9424c48481138887ef1cb2db1053459565ff202053c3c61f6,NO,Cotton,Cotton,Main,Main,Cotton,Cotton
0,datasets\raw\Mango\Anthracnose\20211011_170706 (Custom).jpg,datasets\raw\Mango\Anthracnose\20211011_170706 - Copy - Copy - Copy (Custom).jpg,54df3a48cb4bae62a246992ae20a4d4f365e4005105f19aaed62406bdd27d078,54df3a48cb4bae62a246992ae20a4d4f365e4005105f19aaed62406bdd27d078,YES,Mango,Mango,Main,Main,Mango,Mango
0,datasets\raw\Mango\Anthracnose\20211011_170708 (Custom).jpg,datasets\raw\Mango\Anthracnose\20211011_170708 - Copy - Copy - Copy (Custom).jpg,658a5a583995a7499b547149fe6d2ebfd434c4a9dd42360db12a9106c3f309ab,658a5a583995a7499b547149fe6d2ebfd434c4a9dd42360db12a9106c3f309ab,YES,Mango,Mango,Main,Main,Mango,Mango
0,datasets\raw\Mango\Anthracnose\20211011_170709 (Custom).jpg,datasets\raw\Mango\Anthracnose\20211011_170709 - Copy - Copy - Copy (Custom).jpg,d558832c1a857a775fe5c400857a64ba853ed9f606740d6a8b9f6bc16e11daba,d558832c1a857a775fe5c400857a64ba853ed9f606740d6a8b9f6bc16e11daba,YES,Mango,Mango,Main,Main,Mango,Mango
0,datasets\raw\Mango\Anthracnose\20211011_170712 (Custom).jpg,datasets\raw\Mango\Anthracnose\20211011_170712 - Copy - Copy - Copy (Custom).jpg,6c5e93a7df524337a9b739e423a0e5ec9be7044f41f455cc1541a2f22b0befb1,6c5e93a7df524337a9b739e423a0e5ec9be7044f41f455cc1541a2f22b0befb1,YES,Mango,Mango,Main,Main,Mango,Mango
0,datasets\raw\Mango\Anthracnose\20211011_170714 (Custom).jpg,datasets\raw\Mango\Anthracnose\20211011_170714 - Copy - Copy - Copy (Custom).jpg,38c99c94cbbe269b5ac1ea712b77a1b7ec26878395bc9d3e75daf0781bf11eda,38c99c94cbbe269b5ac1ea712b77a1b7ec26878395bc9d3e75daf0781bf11eda,YES,Mango,Mango,Main,Main,Mango,Mango
0,datasets\raw\Mango\Anthracnose\20211011_170717 (Custom).jpg,datasets\raw\Mango\Anthracnose\20211011_170717 - Copy - Copy - Copy (Custom).jpg,ed6c4b7c60e8c5edee0c6c54bf30f22c0fc2938e6e76666e4a906e9901175b6e,ed6c4b7c60e8c5edee0c6c54bf30f22c0fc2938e6e76666e4a906e9901175b6e,YES,Mango,Mango,Main,Main,Mango,Mango
0,datasets\raw\Mango\Anthracnose\20211011_171141 (Custom).jpg,datasets\raw\Mango\Anthracnose\20211011_171141 - Copy - Copy - Copy (Custom).jpg,2565f502b7385f430982272047ef9dd30152d9fd18d24feb01ed3e056fa9253c,2565f502b7385f430982272047ef9dd30152d9fd18d24feb01ed3e056fa9253c,YES,Mango,Mango,Main,Main,Mango,Mango
0,datasets\raw\Mango\Anthracnose\IMG_20211011_140304 (Custom).jpg,datasets\raw\Mango\Anthracnose\IMG_20211011_140304 - Copy (Custom).jpg,25f49df1994478873a0191091a1413ed63a698e117a2becb03dd426c62243f05,25f49df1994478873a0191091a1413ed63a698e117a2becb03dd426c62243f05,YES,Mango,Mango,Main,Main,Mango,Mango
0,datasets\raw\Mango\Anthracnose\IMG_20211011_140539 (Custom).jpg,datasets\raw\Mango\Anthracnose\IMG_20211011_140539 - Copy (Custom).jpg,f91db393f73bebd752dd8e0f4c09518858c4e1a140aeec28ffef6df2623408f9,f91db393f73bebd752dd8e0f4c09518858c4e1a140aeec28ffef6df2623408f9,YES,Mango,Mango,Main,Main,Mango,Mango
0,datasets\raw\Mango\Anthracnose\IMG_20211011_140557 (Custom).jpg,datasets\raw\Mango\Anthracnose\IMG_20211011_140557 - Copy (Custom).jpg,b6a04df107a494ed7079d95cb30a8119f99634442101b9d5e519b5bddf2b4b8b,b6a04df107a494ed7079d95cb30a8119f99634442101b9d5e519b5bddf2b4b8b,YES,Mango,Mango,Main,Main,Mango,Mango
0,datasets\raw\Mango\Anthracnose\IMG_20211011_140624 (Custom).jpg,datasets\raw\Mango\Anthracnose\IMG_20211011_140624 - Copy (Custom).jpg,e5579cfa1a391d874ac3abac6b6d4b328a50d6893d20efd8c7ea4140ba466d0e,e5579cfa1a391d874ac3abac6b6d4b328a50d6893d20efd8c7ea4140ba466d0e,YES,Mango,Mango,Main,Main,Mango,Mango
0,datasets\raw\Mango\Anthracnose\IMG_20211011_153429 (Custom).jpg,datasets\raw\Mango\Anthracnose\IMG_20211011_153429 - Copy - Copy (Custom).jpg,471bfbab6a067953d28ac803b6a0b13486b6768a843e24a9904a44e6f1673de7,471bfbab6a067953d28ac803b6a0b13486b6768a843e24a9904a44e6f1673de7,YES,Mango,Mango,Main,Main,Mango,Mango
0,datasets\raw\Mango\Anthracnose\IMG_20211011_153557 (Custom).jpg,datasets\raw\Mango\Anthracnose\IMG_20211011_153557 - Copy (Custom).jpg,2c2de614abdf4eafb703fce0cb911f0895806067bac2462deaa021d52c5456d1,2c2de614abdf4eafb703fce0cb911f0895806067bac2462deaa021d52c5456d1,YES,Mango,Mango,Main,Main,Mango,Mango
0,datasets\raw\Mango\Anthracnose\IMG_20211011_153604 (Custom).jpg,datasets\raw\Mango\Anthracnose\IMG_20211011_153604 - Copy (Custom).jpg,af6e3d885677135b26c328b1ed3080a8c1e37980a126d6a9dae1b690723445f2,af6e3d885677135b26c328b1ed3080a8c1e37980a126d6a9dae1b690723445f2,YES,Mango,Mango,Main,Main,Mango,Mango
0,datasets\raw\Mango\Bacterial Canker\IMG_20211106_134420 (Custom).jpg,datasets\raw\Mango\Bacterial Canker\IMG_20211106_134420_1 (Custom).jpg,5d52ee785c33ff44dd75c6417c4cdeb9b151ac30d9f30076fa012016b51d0557,6bf29425534c80136c13bfc973de742dbdb9899de447b5febe8b970c4d885e9b,NO,Mango,Mango,Main,Main,Mango,Mango
0,datasets\raw\Mango\Bacterial Canker\IMG_20211106_135958 (Custom).jpg,datasets\raw\Mango\Bacterial Canker\IMG_20211106_135958_1 (Custom).jpg,701f3ba33dd50736a5f95ae368e1433e41963db4a9161061d7cf9ed25b5cd68e,ba48e1090c81c7d4301c65bde544373ea17e7c3bc85723bf60e3c5000371692b,NO,Mango,Mango,Main,Main,Mango,Mango
0,datasets\raw\Mango\Cutting Weevil\20211011_162153 (Custom) (Custom).jpg,datasets\raw\Mango\Cutting Weevil\20211011_162153 (Custom).jpg,0a9834b319265815d02391534724ce808793a41c00068c54e27798bcd1f87c4d,c3293dcd0c1c421b888c290dbf2984d62e14d48ba7cf57dd79dd00b6d69da24c,NO,Mango,Mango,Main,Main,Mango,Mango
0,datasets\raw\Mango\Bacterial Canker\IMG_20211106_142847 (Custom).jpg,datasets\raw\Mango\Bacterial Canker\IMG_20211106_142847_1 (Custom).jpg,ae3192fa36f9de753cacd77a774c9ed2ed0fb310088cf9373a37185735c1d793,f1f23c99c97765518cf6ecc14aa932d4b3d84c61c61dac2b06760806be844a5d,NO,Mango,Mango,Main,Main,Mango,Mango
0,datasets\raw\Mango\Cutting Weevil\20211011_131101 (Custom) (Custom).jpg,datasets\raw\Mango\Cutting Weevil\20211011_131101 (Custom).jpg,c58ddf40a1557d894b1b11a62042e7011a64e71c3137d17e7b342a73a5abdf16,b095e8d7ea3b3429124c8d92f7423c7c32c79768c070c3c1a1ee47f7326d0df0,NO,Mango,Mango,Main,Main,Mango,Mango
0,datasets\raw\Mango\Cutting Weevil\20211011_131104 (Custom) (Custom).jpg,datasets\raw\Mango\Cutting Weevil\20211011_131104 (Custom).jpg,2d743dec1b111e4a6c36e7346c0e413cc6726a58ee2c5d740b3ee7f41e87dcb0,a131e352d9862b4f46dc2b74a2e1ec9a982d670e3ac5c56d1902ea69e0f6760c,NO,Mango,Mango,Main,Main,Mango,Mango
0,datasets\raw\Mango\Cutting Weevil\20211011_131115 (Custom) (Custom).jpg,datasets\raw\Mango\Cutting Weevil\20211011_131115 (Custom).jpg,07481d4e3390d48953f9b5c5c0cfa2552edeb56387178f504be37b61758cce05,b960b3e8fa8132d0e8f96df27f519269b9b72b6071cd5438c1444a61c4307747,NO,Mango,Mango,Main,Main,Mango,Mango
0,datasets\raw\Mango\Cutting Weevil\20211011_140216 (Custom) (Custom).jpg,datasets\raw\Mango\Cutting Weevil\20211011_140216 (Custom).jpg,1716acbb52cb8bedc404f5a68ad2d92fab18bd4d6bed15109e00347782d5c643,01974eda15c3e40fb068ef3ec168df875bc6cd84a9f58ce9c767ccac7f5db205,NO,Mango,Mango,Main,Main,Mango,Mango
0,datasets\raw\Mango\Cutting Weevil\20211011_140220 (Custom) (Custom).jpg,datasets\raw\Mango\Cutting Weevil\20211011_140220 (Custom).jpg,fd9495b7d9e79a48b948d8ecbc2571cbd8a5465cf2cef2a1b889601391d4035d,21019f00ce5e8623c3f457f933d5e14a5e5747292663ece59e1e5f2846706f15,NO,Mango,Mango,Main,Main,Mango,Mango
0,datasets\raw\Mango\Cutting Weevil\20211011_160612 (Custom) (Custom).jpg,datasets\raw\Mango\Cutting Weevil\20211011_160612 (Custom).jpg,eac1cb4af9cb9f8ec0e02e656ca44b42f6a2e6308828224b0e962cab53cf7c6d,c99b14f05daef16dd7abddffb48cf52ca27ee92df2e10f3e59d9830991c64d05,NO,Mango,Mango,Main,Main,Mango,Mango
0,datasets\raw\Mango\Cutting Weevil\20211011_160614 (Custom) (Custom).jpg,datasets\raw\Mango\Cutting Weevil\20211011_160614 (Custom).jpg,5934419039bbf8db21fa6e50b280fe987dc3cd3ea89d9526c59edc809492a3d1,ef96579ba51a2470d01fa1b9e47da0186d5e9bbceeb9923771d89329a4855902,NO,Mango,Mango,Main,Main,Mango,Mango
0,datasets\raw\Mango\Cutting Weevil\20211011_160618 (Custom) (Custom).jpg,datasets\raw\Mango\Cutting Weevil\20211011_160618 (Custom).jpg,9b53765744a23278683ee9c4506f75560d0a3807b8a38f6aa0b72984027655b1,9291282c69595f712fb0db347824253ec7c4a51e4e4237828c841205a2e2858e,NO,Mango,Mango,Main,Main,Mango,Mango
0,datasets\raw\Mango\Cutting Weevil\20211011_160625 (Custom) (Custom).jpg,datasets\raw\Mango\Cutting Weevil\20211011_160625 (Custom).jpg,e9d37b6bbbf6ff9b7a52ccbf4175ebe4f8b2d589fea3a12c5d7ec271e4ca0e11,702eaf63b6d2ee40d4d11d4c89c5818dfc6e6e5db8177c4e54608632761a5f30,NO,Mango,Mango,Main,Main,Mango,Mango
0,datasets\raw\Mango\Cutting Weevil\20211011_160708 (Custom) (Custom).jpg,datasets\raw\Mango\Cutting Weevil\20211011_160708 (Custom).jpg,f753eca51de8bc8407cb23335a15655c0a93dedb0b026d5f31cc604da13b5de2,0945f7dbf465b8921eda238f33b3ce85910e80e37cf5b5db7e342a99ca188716,NO,Mango,Mango,Main,Main,Mango,Mango
0,datasets\raw\Mango\Cutting Weevil\20211011_160821 (Custom) (Custom).jpg,datasets\raw\Mango\Cutting Weevil\20211011_160821 (Custom).jpg,f45a14ae8af73f68f5475e922644e781e535af26b6531ca5e5a33452033e3f39,d0f1a297b5473ae7681a682b576cc947e0f5fabba8aef16a38d213bdafdac9bb,NO,Mango,Mango,Main,Main,Mango,Mango
0,datasets\raw\Mango\Cutting Weevil\20211011_160831 (Custom) (Custom).jpg,datasets\raw\Mango\Cutting Weevil\20211011_160831 (Custom).jpg,62113c7443ae7d3ed9137c8a49619d0cb1628900e3b32cc7fbfff916cc1e6317,69e824e501224944da89cd13b0467e8cc27742341f8a2c5030635bc3947727a5,NO,Mango,Mango,Main,Main,Mango,Mango
0,datasets\raw\Mango\Cutting Weevil\20211011_160835 (Custom) (Custom).jpg,datasets\raw\Mango\Cutting Weevil\20211011_160835 (Custom).jpg,5f0c08d1379742dadf67d243595bba1d86c5051d43200200171a8bf3a155b95c,cd90433f00071262a4f23d9f661bdcb69510896022266ee3002ecb0c77b6ec62,NO,Mango,Mango,Main,Main,Mango,Mango
0,datasets\raw\Mango\Cutting Weevil\20211011_160852 (Custom) (Custom).jpg,datasets\raw\Mango\Cutting Weevil\20211011_160852 (Custom).jpg,45736cd69fa456cedd51bc1b53a752f8b73f5a49b7fd0e7666107d52c3c29a22,462a204404b89c1495ef749577cdb16b994d1144dd8e1be4b6ce48e5275c48fa,NO,Mango,Mango,Main,Main,Mango,Mango
0,datasets\raw\Mango\Cutting Weevil\20211011_160853 (Custom) (Custom).jpg,datasets\raw\Mango\Cutting Weevil\20211011_160853 (Custom).jpg,c7067f63ef943f99d28515a12d5cf3cafbfc79f19fc8b2dabf53891f9fe69fdc,91758d23457dd076e003388117993b44a45ffe058dbdf2ebfe5ce445b730751e,NO,Mango,Mango,Main,Main,Mango,Mango
0,datasets\raw\Mango\Cutting Weevil\20211011_160903(0) (Custom) (Custom).jpg,datasets\raw\Mango\Cutting Weevil\20211011_160903(0) (Custom).jpg,e3c3b3cedf8460378a6aef7cfb0ac9006f51a0d1ce08bdf2742a6223d9638487,f2b81dd466fdea1ece07e74c5b85c84b7f7481e233e21905eb5a4b3195afd52d,NO,Mango,Mango,Main,Main,Mango,Mango
0,datasets\raw\Mango\Cutting Weevil\20211011_160904 (Custom) (Custom).jpg,datasets\raw\Mango\Cutting Weevil\20211011_160904 (Custom).jpg,4e1f1b2701159932904a46823eab18ae3a562339fd5cec1d08165c76849edb3f,7f46061b6389192de873d611d1f3f48d29e055864b86afff91ef6c7bd965875d,NO,Mango,Mango,Main,Main,Mango,Mango
0,datasets\raw\Mango\Cutting Weevil\20211011_160914 (Custom) (Custom).jpg,datasets\raw\Mango\Cutting Weevil\20211011_160914 (Custom).jpg,ff4363e9464647f5e8c4226f4ffc4e1cdaca7a8a12ed86685688581744dd0e01,f5f536e6d91f38a45ef0f0597c14c564ed6a3d1a699ffc8ee6240ae7457d8e07,NO,Mango,Mango,Main,Main,Mango,Mango
0,datasets\raw\Mango\Cutting Weevil\20211011_160915 (Custom) (Custom).jpg,datasets\raw\Mango\Cutting Weevil\20211011_160915 (Custom).jpg,74a5bdb08f5788db00bbb1580cbf19829791e614c07c05ba51341c563aa80d30,a0720048d0367d379bb3ba7250db929d03bbeef083eb55c4abf699c08d640d67,NO,Mango,Mango,Main,Main,Mango,Mango
0,datasets\raw\Mango\Cutting Weevil\20211011_160933 (Custom) (Custom).jpg,datasets\raw\Mango\Cutting Weevil\20211011_160933 (Custom).jpg,5e916094f0b7e2c4b3f13a74fd927d998f23112e32d178ec5cd8e025c490ca63,7f8ea0ad3d8819e79fa1dece7a6168fec0526789be1aae7c865a0bc3d1de362b,NO,Mango,Mango,Main,Main,Mango,Mango
0,datasets\raw\Mango\Cutting Weevil\20211011_160942 (Custom) (Custom).jpg,datasets\raw\Mango\Cutting Weevil\20211011_160942 (Custom).jpg,ce1f3e26444397d7409129f174edf7e0c4ed84efae1cd6b72f588af26c80fc57,472e3851d17673031d2ff01dad31fc93b882f98967c9d1ee6457c8f6dfe02a42,NO,Mango,Mango,Main,Main,Mango,Mango
0,datasets\raw\Mango\Cutting Weevil\20211011_161126 (Custom) (Custom).jpg,datasets\raw\Mango\Cutting Weevil\20211011_161126 (Custom).jpg,6f16c8a5df7710f97a89e82f5905514ff7186bd4e51716eb010150ee40b6073d,924ccdd49e2d965edca7d99f6121821f81009b38d985a3de6f2ebd4fb3744e26,NO,Mango,Mango,Main,Main,Mango,Mango
0,datasets\raw\Mango\Cutting Weevil\20211011_161127 (Custom) (Custom).jpg,datasets\raw\Mango\Cutting Weevil\20211011_161127 (Custom).jpg,fd43d81f2e739cc9f91fff91aa988ec445a8a8e7f8c050bc3b0d5e08476b1b20,779b6a21876730575c2599f198ee485fed51dbf972afd2b98dc64cbee44e64bf,NO,Mango,Mango,Main,Main,Mango,Mango
0,datasets\raw\Mango\Cutting Weevil\20211011_161128 (Custom) (Custom).jpg,datasets\raw\Mango\Cutting Weevil\20211011_161128 (Custom).jpg,7d204f748f3598207d05776243e1e26a41fee6d665ae084b864c9dad06457c48,7cc3e480c0dea3a7333aeb7ee9ef25c03d493e48509a72a1f8dfb32c8cebaa6f,NO,Mango,Mango,Main,Main,Mango,Mango
0,datasets\raw\Mango\Cutting Weevil\20211011_161135 (Custom) (Custom).jpg,datasets\raw\Mango\Cutting Weevil\20211011_161135 (Custom).jpg,d42dfe6f193a03381c62f2e7c3f0d362ad434007fbe212ff7914de48859c409b,5ebb5d42799cbcbc78b0f61b414e74ece70d664bfc26c0cd819393433b9b132d,NO,Mango,Mango,Main,Main,Mango,Mango
0,datasets\raw\Mango\Cutting Weevil\20211011_161140 (Custom) (Custom).jpg,datasets\raw\Mango\Cutting Weevil\20211011_161140 (Custom).jpg,c1a3c10cc8b61daf39209b319bc8cddb778d3a6634f94b1b8298bf9401559f0a,226dcad6c5c962165ad284ed1c1fdeff1c21a5630eb61ac721a1135fa03239bb,NO,Mango,Mango,Main,Main,Mango,Mango
0,datasets\raw\Mango\Cutting Weevil\20211011_161140(0) (Custom) (Custom).jpg,datasets\raw\Mango\Cutting Weevil\20211011_161140(0) (Custom).jpg,7f0af25cecf3c721f19b985151b6cdddfef0881e885807cac1388e30448a7fd1,4ba1b7950c2fb9cbda12ffe050fba27ad94e46765bd7dab080d2427457e9aa19,NO,Mango,Mango,Main,Main,Mango,Mango
0,datasets\raw\Mango\Cutting Weevil\20211011_161141 (Custom) (Custom).jpg,datasets\raw\Mango\Cutting Weevil\20211011_161141 (Custom).jpg,2c235803ea0aa78bef17080830de612d395ed4e911eb612201802081ef82220b,8e1d16cd21ba582e437b385ae89eea0639714dc291382dfc634e673854201f39,NO,Mango,Mango,Main,Main,Mango,Mango
0,datasets\raw\Mango\Cutting Weevil\20211011_161142 (Custom) (Custom).jpg,datasets\raw\Mango\Cutting Weevil\20211011_161142 (Custom).jpg,a826d985bd5332aad5b72f56da06ebba97444b61eb71772d38f01eb5b51a0c77,88b0c3de1f0469014f980ab0e49f1f23d3e01829672f68241c10905931968c0d,NO,Mango,Mango,Main,Main,Mango,Mango
0,datasets\raw\Mango\Cutting Weevil\20211011_161145(0) (Custom) (Custom).jpg,datasets\raw\Mango\Cutting Weevil\20211011_161145(0) (Custom).jpg,610a9e3bbdcf4fb63d691179ac6ea3c3a0d8e90616f602460eee4705842c9873,289b42c69bfef153fae4035ec093fa192b15b3befcf22f5c07eeb69f43590493,NO,Mango,Mango,Main,Main,Mango,Mango
0,datasets\raw\Mango\Cutting Weevil\20211011_161146 (Custom) (Custom).jpg,datasets\raw\Mango\Cutting Weevil\20211011_161146 (Custom).jpg,e8ac9814948c963bf15bb575ced9cd14f849a48de1f08a21565010713eafcf25,98018247afe9232942ff2f43829bed7fdb31ba016f90135a8561dce40ee8c47e,NO,Mango,Mango,Main,Main,Mango,Mango
0,datasets\raw\Mango\Cutting Weevil\20211011_161147 (Custom) (Custom).jpg,datasets\raw\Mango\Cutting Weevil\20211011_161147 (Custom).jpg,e02c261f9cb62d08ed9d23e983726671126f56614839e59482b8fbe9e3e13d0a,8568ef9b7a0e0780549781a9f8facd540e4ad09f5aff7880410a420a66d9e3f8,NO,Mango,Mango,Main,Main,Mango,Mango
0,datasets\raw\Mango\Cutting Weevil\20211011_161150 (Custom) (Custom).jpg,datasets\raw\Mango\Cutting Weevil\20211011_161150 (Custom).jpg,4ad78e9025ae897ea44ca091aa3ee3350e9a8f36b7650c9c8e6ee663232631a7,f120f6eb2b5f785a29aa3e58cbbd356b034887c1e7c54e02eca61ce2ad34cb5c,NO,Mango,Mango,Main,Main,Mango,Mango
0,datasets\raw\Mango\Cutting Weevil\20211011_161155 (Custom) (Custom).jpg,datasets\raw\Mango\Cutting Weevil\20211011_161155 (Custom).jpg,c7814bbf72cdf931e44427f1d26180cb2664a0cb41d4d56987a098993c16868e,6c6dfbf8bccc10c2d7d5527915af657eb3b26421b61b3612681b772ecc660465,NO,Mango,Mango,Main,Main,Mango,Mango
0,datasets\raw\Mango\Cutting Weevil\20211011_161205 (Custom) (Custom).jpg,datasets\raw\Mango\Cutting Weevil\20211011_161205 (Custom).jpg,7854999c0a908b2c0f7bf4351ba4d8ec232e09614fd198d5c5295d72bb3d7884,3eeef386dd6af3172d004a4750aa127f093ee7301da0b059f3707e8c205bfccc,NO,Mango,Mango,Main,Main,Mango,Mango
0,datasets\raw\Mango\Cutting Weevil\20211011_161206 (Custom) (Custom).jpg,datasets\raw\Mango\Cutting Weevil\20211011_161206 (Custom).jpg,8e3cafc294bc4b7beaaa1fe31dccd66b53bc21267ac9366950b26c61f9a34ebc,c6734339b8ad29b4682a33a5452109ea31ef144af7b966ec8cae5fc180e4202b,NO,Mango,Mango,Main,Main,Mango,Mango
0,datasets\raw\Mango\Cutting Weevil\20211011_161207 (Custom) (Custom).jpg,datasets\raw\Mango\Cutting Weevil\20211011_161207 (Custom).jpg,5db06581de2f14a5c71b3a01930362d1e8173d1c62ce11b2ff6e2ae25d461ccf,f688c6bd2563a0a891f16ec9d6cce7864d852f9f576d1b5fdb5114c0463069bc,NO,Mango,Mango,Main,Main,Mango,Mango
0,datasets\raw\Mango\Cutting Weevil\20211011_161210(0) (Custom) (Custom).jpg,datasets\raw\Mango\Cutting Weevil\20211011_161210(0) (Custom).jpg,59931e67cefbdcf791bc01cea7e4025c4bb3f23486d0b409b70f056e46d0adcf,9fa2461d56f61b2819a49c6ed1872b7f577c5cd3c4d3789fc387b307da7265af,NO,Mango,Mango,Main,Main,Mango,Mango
0,datasets\raw\Mango\Cutting Weevil\20211011_161242 (Custom) (Custom).jpg,datasets\raw\Mango\Cutting Weevil\20211011_161242 (Custom).jpg,6b8285448572f4e8348f839e6f573c4bd644e0e0a801244434efa77004fd42dc,ba497b911da9495c4d3b88f0a0e2609bac77a668356e8b831403e5225a14ff5a,NO,Mango,Mango,Main,Main,Mango,Mango
0,datasets\raw\Mango\Cutting Weevil\20211011_161243 (Custom) (Custom).jpg,datasets\raw\Mango\Cutting Weevil\20211011_161243 (Custom).jpg,6ed1f1a2a5f3c8598cfdb363c9223946839534891073828ada7b6e50f9cf9d0c,337b2b0522084740d3d3e2e680221c1109dedc5e3bd6c0cf125bf2311bc0829a,NO,Mango,Mango,Main,Main,Mango,Mango
0,datasets\raw\Mango\Cutting Weevil\20211011_161243(0) (Custom) (Custom).jpg,datasets\raw\Mango\Cutting Weevil\20211011_161243(0) (Custom).jpg,72873c61939f58b0cbd04e9f4ed0ae8cc18d48d83e7baedf364c38ad385e1257,fffdb4de0c725dfc28af48d404b9dfff7f7b09ebae4d211112430fc2669cae04,NO,Mango,Mango,Main,Main,Mango,Mango
0,datasets\raw\Mango\Cutting Weevil\20211011_161245 (Custom) (Custom).jpg,datasets\raw\Mango\Cutting Weevil\20211011_161245 (Custom).jpg,ce5d524afc24def75d4ca95a96ec1c3e1eb7683bb077eac5fbced5806e5c797b,6c7cb545adb74a6acb517cfcd1671d555027cfbaabf07a23c812d70920714669,NO,Mango,Mango,Main,Main,Mango,Mango
0,datasets\raw\Mango\Cutting Weevil\20211011_161245(0) (Custom) (Custom).jpg,datasets\raw\Mango\Cutting Weevil\20211011_161245(0) (Custom).jpg,39db482a6b40e9deb8034099901604d405a8712ea04cbb504c63d871c1481baf,996d18a679cea83489beb6c0d3e42b5ee3c4f07a419334f41544ac97c8d23016,NO,Mango,Mango,Main,Main,Mango,Mango
0,datasets\raw\Mango\Cutting Weevil\20211011_161246 (Custom) (Custom).jpg,datasets\raw\Mango\Cutting Weevil\20211011_161246 (Custom).jpg,b97d4dd10a42a87db72e611cad581f8dc4c882a9d62acaecbb3d7b9c8ae8d414,05ac54cd4650871850daaf90c60a5dc3b34ffa1a56ffe771d48d5a754b43d4eb,NO,Mango,Mango,Main,Main,Mango,Mango
0,datasets\raw\Mango\Cutting Weevil\20211011_161309 (Custom) (Custom).jpg,datasets\raw\Mango\Cutting Weevil\20211011_161309 (Custom).jpg,7e4a02a28b3c400e7f33a189961d835a883880c8ee08b0206265e05e1e8ae54d,d8cfd156652e7540e98f5eba7ff0b192d5da488be9bee29036904707a993cc9a,NO,Mango,Mango,Main,Main,Mango,Mango
0,datasets\raw\Mango\Cutting Weevil\20211011_161323 (Custom) (Custom).jpg,datasets\raw\Mango\Cutting Weevil\20211011_161323 (Custom).jpg,3e1829a3d137a5362773e494e0ec94ae27cdf9e31f76120c1e25dc40c995a410,2fdbdf618f50731229319016466d761ff13d7af2266723409a28c4f2faff758c,NO,Mango,Mango,Main,Main,Mango,Mango
0,datasets\raw\Mango\Cutting Weevil\20211011_161330 (Custom) (Custom).jpg,datasets\raw\Mango\Cutting Weevil\20211011_161330 (Custom).jpg,fa03dbf01b0fe7f39409f3e8bc2e0aafbbcaf8abf2c2e1fc9b3f2399384abcd2,59b6145cecef047907c2d2c8a027b0fd76fab38d54e0610dcf314b77b653bf6f,NO,Mango,Mango,Main,Main,Mango,Mango
0,datasets\raw\Mango\Cutting Weevil\20211011_161339 (Custom) (Custom).jpg,datasets\raw\Mango\Cutting Weevil\20211011_161339 (Custom).jpg,0c02db184bdbd19232104fb4ad3bffee325359b71b1ca3e49e67d433279bca59,3e321ba90998aa91f383bd33b7982ba07f3113c7d2dcba9a889d76769942110d,NO,Mango,Mango,Main,Main,Mango,Mango
0,datasets\raw\Mango\Cutting Weevil\20211011_161340 (Custom) (Custom).jpg,datasets\raw\Mango\Cutting Weevil\20211011_161340 (Custom).jpg,c8d1056b80b26ba88886205c61171ae69402e75eeb9acf1dfde29bb03a4f8915,8a25551fd2103bb6920c633a31840613e81affc991721c7e79750d683b82d245,NO,Mango,Mango,Main,Main,Mango,Mango
0,datasets\raw\Mango\Cutting Weevil\20211011_161345 (Custom) (Custom).jpg,datasets\raw\Mango\Cutting Weevil\20211011_161345 (Custom).jpg,d0e8d91eaad58040edfc3062c22372c6a740d475cfee253661698a07a80ef414,21884acfb1cafb43a667a43e29fda832a30676c986397d631610f478c9924a5f,NO,Mango,Mango,Main,Main,Mango,Mango
0,datasets\raw\Mango\Cutting Weevil\20211011_161346 (Custom) (Custom).jpg,datasets\raw\Mango\Cutting Weevil\20211011_161346 (Custom).jpg,2a48a3af8e6ea44a52cfa68da828fc880415da18dae128227604b66bbad971f1,c59dc71ad538490db076f9fabb3cd9a33a9fb0cb4b582ad22cef34dbded4b6a9,NO,Mango,Mango,Main,Main,Mango,Mango
0,datasets\raw\Mango\Cutting Weevil\20211011_161410 (Custom) (Custom).jpg,datasets\raw\Mango\Cutting Weevil\20211011_161410 (Custom).jpg,4288ac6fa35d06c13c5748de40f7c059acce4f5127c52dee9501f0d36f573dff,9536e4538f9192ca7af0c097192072cd0c39d7374a5ba9163af64bb35c906c41,NO,Mango,Mango,Main,Main,Mango,Mango
0,datasets\raw\Mango\Cutting Weevil\20211011_161412 (Custom) (Custom).jpg,datasets\raw\Mango\Cutting Weevil\20211011_161412 (Custom).jpg,a127c0864e0cfb403c3c8402a310d46afd0f1d2315153bd30fc8cf166b1c5f97,e46cb78441a8e65f863ead2613376afa91eb59e1155b805a38839ea5ed06b192,NO,Mango,Mango,Main,Main,Mango,Mango
0,datasets\raw\Mango\Cutting Weevil\20211011_161413 (Custom) (Custom).jpg,datasets\raw\Mango\Cutting Weevil\20211011_161413 (Custom).jpg,e1df4e362c3a1025762adc8772bd7c517658b0a296501c2ffdf9030e2901868a,e212cbae079caa8c4644556895b34b5be821cb6fe79644a54dbf7337a1a707a7,NO,Mango,Mango,Main,Main,Mango,Mango
0,datasets\raw\Mango\Cutting Weevil\20211011_161418 (Custom) (Custom).jpg,datasets\raw\Mango\Cutting Weevil\20211011_161418 (Custom).jpg,684f927941b2f9a0f436113b2b33b1365dfa4b24128933e5bc6283a67fc38d18,97af7516c061e422cbc7d2ca96efe1b2f6c48afa46c6dab1fc28fc3d4bbda4a7,NO,Mango,Mango,Main,Main,Mango,Mango
0,datasets\raw\Mango\Cutting Weevil\20211011_161418(0) (Custom) (Custom).jpg,datasets\raw\Mango\Cutting Weevil\20211011_161418(0) (Custom).jpg,1b6d1d6ca0f3ee3788b00704b6c181a33484ef90790f5b7702fa7001371d24ab,21742202236506cc0182834b6ee029e2d89ba63f8c8329b3a68c059adaa89c8d,NO,Mango,Mango,Main,Main,Mango,Mango
0,datasets\raw\Mango\Cutting Weevil\20211011_161419 (Custom) (Custom).jpg,datasets\raw\Mango\Cutting Weevil\20211011_161419 (Custom).jpg,768368a18b41193620aeec8c27671303e4c5d6c9e4ed68c0a82b67d8d70a16a8,a457b28a6390464c01e423e241a0356789a8280d5f64b0d82c1715851a8a5345,NO,Mango,Mango,Main,Main,Mango,Mango
0,datasets\raw\Mango\Cutting Weevil\20211011_161424 (Custom) (Custom).jpg,datasets\raw\Mango\Cutting Weevil\20211011_161424 (Custom).jpg,95e36f4ddff669f65642ebc6f9fa9dc73e627bbeb6d05ad8d0ce44281ea2a31f,111e1e9ab677caf82b97b6007c1eb6148e7da0b20271c653293f8dfe22e7e4b7,NO,Mango,Mango,Main,Main,Mango,Mango
0,datasets\raw\Mango\Cutting Weevil\20211011_161424(0) (Custom) (Custom).jpg,datasets\raw\Mango\Cutting Weevil\20211011_161424(0) (Custom).jpg,18ceb5b7258bcceea6de37cc6a1b34c46deec940541533c620d3323530c6ff12,4066b1dce609f7e516f05477348522b6113d00310398f541ef227797622956b3,NO,Mango,Mango,Main,Main,Mango,Mango
0,datasets\raw\Mango\Cutting Weevil\20211011_161425 (Custom) (Custom).jpg,datasets\raw\Mango\Cutting Weevil\20211011_161425 (Custom).jpg,fb6d8ec388a243c8a82f8121e45ef535264aab9237ff4f7b2e683cd3b767422f,b578867253642c8290071c2274aa155981f02ba3bbd66b77192f26739dc1b028,NO,Mango,Mango,Main,Main,Mango,Mango
0,datasets\raw\Mango\Cutting Weevil\20211011_161452 (Custom) (Custom).jpg,datasets\raw\Mango\Cutting Weevil\20211011_161452 (Custom).jpg,d3153d0229c3058a2d60ca94458b18711438fef313156a27f47bb4e04adcebe2,2cdd62cb56cff94f3049fb6f5c004dcadbf82442dda212918783928451ac79e9,NO,Mango,Mango,Main,Main,Mango,Mango
0,datasets\raw\Mango\Cutting Weevil\20211011_161453 (Custom) (Custom).jpg,datasets\raw\Mango\Cutting Weevil\20211011_161453 (Custom).jpg,d890d05373fb588c802df81e4d7867512f203150343ae779c32470eff656a847,c7fe2207da8ae84fcc0410b5b127b354424f55ac49a2635ece4be29f469a6486,NO,Mango,Mango,Main,Main,Mango,Mango
0,datasets\raw\Mango\Cutting Weevil\20211011_161458 (Custom) (Custom).jpg,datasets\raw\Mango\Cutting Weevil\20211011_161458 (Custom).jpg,67712b32d4345d17fd0fb28437e3dc7c00c9ba754398601bc2e75b09a2f6dfdb,4a1413b429a0dd3f264c226df0da5c1486d89b1c5a3706d7a30b26331a279f8c,NO,Mango,Mango,Main,Main,Mango,Mango
0,datasets\raw\Mango\Cutting Weevil\20211011_161500 (Custom) (Custom).jpg,datasets\raw\Mango\Cutting Weevil\20211011_161500 (Custom).jpg,9a57d9cb9d425e992b0c2d27459d7b74b0965b0d391a60b3f779af645477ed2a,d7f248450853214499128b6760517c070803e905d3bf6d85372973bdf713c154,NO,Mango,Mango,Main,Main,Mango,Mango
0,datasets\raw\Mango\Cutting Weevil\20211011_161502 (Custom) (Custom).jpg,datasets\raw\Mango\Cutting Weevil\20211011_161502 (Custom).jpg,963a086e7ae16cf452c28399dfe7c0b087658aac0acaf61365ad9800c315ee5f,e440cb9bb1aac5e72629459c2f64f030d265f2562d83c621eca161aaf1d2740b,NO,Mango,Mango,Main,Main,Mango,Mango
0,datasets\raw\Mango\Cutting Weevil\20211011_161505 (Custom) (Custom).jpg,datasets\raw\Mango\Cutting Weevil\20211011_161505 (Custom).jpg,7944110c1a5955ff4ae710eb5b46a95a58626a097b8ae7ffa75e12962678e500,a19751169a8d575dff5ea7c563f4b277ba04eacb55d4529949013d71e1b70aac,NO,Mango,Mango,Main,Main,Mango,Mango
0,datasets\raw\Mango\Cutting Weevil\20211011_161506 (Custom) (Custom).jpg,datasets\raw\Mango\Cutting Weevil\20211011_161506 (Custom).jpg,c3ad441010dad6983e4247b7c6c36732139c8b30e78e10cb78fb3e7dea58adb8,b286166360e66b55102ba4adc51c65ccdc242a00c0cfeb7861d8bad8d6a49494,NO,Mango,Mango,Main,Main,Mango,Mango
0,datasets\raw\Mango\Cutting Weevil\20211011_161515 (Custom) (Custom).jpg,datasets\raw\Mango\Cutting Weevil\20211011_161515 (Custom).jpg,24bb05012c875de690c1255029f5dd591b6651abfacba16c983b865f0378e574,511a78bfed802704e75cf71ec3e89b4fa5fc5c602f973ff428a4701270d4f695,NO,Mango,Mango,Main,Main,Mango,Mango
0,datasets\raw\Mango\Cutting Weevil\20211011_161519 (Custom) (Custom).jpg,datasets\raw\Mango\Cutting Weevil\20211011_161519 (Custom).jpg,b3ae7cb0d9992a383a82386a85643c31bf696fa5983bfa62fd47260663a35f2e,ad2942a950d41cd20fa9d1229c34a9e7f5b0831d61376e01f6bbb2542a034322,NO,Mango,Mango,Main,Main,Mango,Mango
0,datasets\raw\Mango\Cutting Weevil\20211011_161520 (Custom) (Custom).jpg,datasets\raw\Mango\Cutting Weevil\20211011_161520 (Custom).jpg,4dcd4f48ac698b141191a14737e77130fe885be0364ad372b69edfbf5c63de15,3ad513772200d067b08c87fa2873246de6b4349562b58cdfee1bf7bd6c2ac474,NO,Mango,Mango,Main,Main,Mango,Mango
0,datasets\raw\Mango\Cutting Weevil\20211011_161532 (Custom) (Custom).jpg,datasets\raw\Mango\Cutting Weevil\20211011_161532 (Custom).jpg,3702af0acfe856420c229bd895013da06f6122412f44abcf8b1893e38ad97e1d,e386c8aacbc814cacecb51876362f84bebaaa893fa0e33b2cc954fdeddba561c,NO,Mango,Mango,Main,Main,Mango,Mango
0,datasets\raw\Mango\Cutting Weevil\20211011_161534 (Custom) (Custom).jpg,datasets\raw\Mango\Cutting Weevil\20211011_161534 (Custom).jpg,46f6eaa6a819b31215b4b9beed2dbd1a46ce78358cdf5a5b9a0f3afbf0e7eeb8,e0b9b5a8df3665f12ae06ee82ee9f957e73cc9a387cc3d847d26b9240d7f80f5,NO,Mango,Mango,Main,Main,Mango,Mango
0,datasets\raw\Mango\Cutting Weevil\20211011_161544 (Custom) (Custom).jpg,datasets\raw\Mango\Cutting Weevil\20211011_161544 (Custom).jpg,7eecc2bb11e68f0cd492035dfa624c0e64a965cdf2d9a9daba89122e59844dc0,df61f9a6b0985bb1d0c75c87701fb9e4df5f521b469ec8a94b98faf19ec36693,NO,Mango,Mango,Main,Main,Mango,Mango
0,datasets\raw\Mango\Cutting Weevil\20211011_161600 (Custom) (Custom).jpg,datasets\raw\Mango\Cutting Weevil\20211011_161600 (Custom).jpg,bba970d9840fd25ee2383303e5aed62cbe4c7c13d87190ac5209aeee675f4c2b,a4485adb674a3d4ec595952f65ff6642d2c65fd342e43f89e868c84db02ec9d7,NO,Mango,Mango,Main,Main,Mango,Mango
0,datasets\raw\Mango\Cutting Weevil\20211011_161605 (Custom) (Custom).jpg,datasets\raw\Mango\Cutting Weevil\20211011_161605 (Custom).jpg,785abac7e203b3562c5cb1b02d7a120f1bf055432665f2dfbb8ae6778ac00fc3,8e4d0c455b592e606df95418bf8bd93bc8b9e435ef613796c751cb7821083f88,NO,Mango,Mango,Main,Main,Mango,Mango
0,datasets\raw\Mango\Cutting Weevil\20211011_161606 (Custom) (Custom).jpg,datasets\raw\Mango\Cutting Weevil\20211011_161606 (Custom).jpg,9948e002f44ef25223eea6df04292de24531251959403a3bcb33cc89b5ab5ba6,288ac7e7e10ef390aa6905662e7bae9dfb7c322e53cba9a30b17aef97f6e03d8,NO,Mango,Mango,Main,Main,Mango,Mango
0,datasets\raw\Mango\Cutting Weevil\20211011_161607 (Custom) (Custom).jpg,datasets\raw\Mango\Cutting Weevil\20211011_161607 (Custom).jpg,b7490ee3443b52bf9fb3561782dbd5d852d74647898e14889e78000f29372162,f68cb2e2b7751b8e054ab7b8cb55b584c65f3ac9fbca6e7c58e9bc599f7914bf,NO,Mango,Mango,Main,Main,Mango,Mango
0,datasets\raw\Mango\Cutting Weevil\20211011_161609 (Custom) (Custom).jpg,datasets\raw\Mango\Cutting Weevil\20211011_161609 (Custom).jpg,acdcaf3fbd424697b63c7b6638fa95fc4e7d7e382dbfe0b2bec31499f14e7464,f31a3784cad91c2267f8162e05a0391eab014ea946395daa40a77a5dc6b14326,NO,Mango,Mango,Main,Main,Mango,Mango
0,datasets\raw\Mango\Cutting Weevil\20211011_161610 (Custom) (Custom).jpg,datasets\raw\Mango\Cutting Weevil\20211011_161610 (Custom).jpg,0c00861d95ba1b5c86ba4c32e771baf51f71a255ab1ac2dfaac624733068f48e,2ae6bea23b74e0bac6afdf73059c643fae72b64f29847671f8ce6d9e8a30af7b,NO,Mango,Mango,Main,Main,Mango,Mango
0,datasets\raw\Mango\Cutting Weevil\20211011_161610(0) (Custom) (Custom).jpg,datasets\raw\Mango\Cutting Weevil\20211011_161610(0) (Custom).jpg,93ac1fa5d4155d7f76db0555c6c91f2a8aa9315bd450b6f2cff2b71c72bda584,d984d03c4c041d55e39257ff0dbf9f710301085dca4c3b03704367e82203fb31,NO,Mango,Mango,Main,Main,Mango,Mango
0,datasets\raw\Mango\Cutting Weevil\20211011_161614 (Custom) (Custom).jpg,datasets\raw\Mango\Cutting Weevil\20211011_161614 (Custom).jpg,9be14f2cb6aadc8c08f4e17dbd075d52942e26812a92780fd504c41568ffa3b3,014efa805d286d952edad3a6f57721b60d7b94bd86842f7290c5c66a6db00415,NO,Mango,Mango,Main,Main,Mango,Mango
0,datasets\raw\Mango\Cutting Weevil\20211011_161614(0) (Custom) (Custom).jpg,datasets\raw\Mango\Cutting Weevil\20211011_161614(0) (Custom).jpg,845160782c97200b0ea5b9418fd2ccf4564ddb5ef505400f516810aff319fc4a,9d25ad92e99e9a1a10653767ab520cf01e94e700937933a70f228d314d70c965,NO,Mango,Mango,Main,Main,Mango,Mango
0,datasets\raw\Mango\Cutting Weevil\20211011_161616 (Custom) (Custom).jpg,datasets\raw\Mango\Cutting Weevil\20211011_161616 (Custom).jpg,dac7aa5822067fee1c436f949320a93512449a6a807684757bdd6232eab389e6,49147d729718431383cbc5f95707ec61166e223a04877f33b2283b5aaceed1e4,NO,Mango,Mango,Main,Main,Mango,Mango
0,datasets\raw\Mango\Cutting Weevil\20211011_161619 (Custom) (Custom).jpg,datasets\raw\Mango\Cutting Weevil\20211011_161619 (Custom).jpg,5321893b9bceef7f6fe105a8aa4c00284c6de2646e903b79e5dfa76e5834e389,b64dea8f80588e561dc082234d2941e1e852283434ab718b98ab374b40cace74,NO,Mango,Mango,Main,Main,Mango,Mango
0,datasets\raw\Mango\Cutting Weevil\20211011_161623 (Custom) (Custom).jpg,datasets\raw\Mango\Cutting Weevil\20211011_161623 (Custom).jpg,be333100ed10b53224554524f58511d90e6ac193c1828282621aa9c2ecad057d,758225c840629415bd87050fcf73bf7b5c3caed7c1b305dd06aade1e3a3007a1,NO,Mango,Mango,Main,Main,Mango,Mango
0,datasets\raw\Mango\Cutting Weevil\20211011_161624 (Custom) (Custom).jpg,datasets\raw\Mango\Cutting Weevil\20211011_161624 (Custom).jpg,823eb6c0373e17405b21263388268e5e408e91756c7bbc3a7cd4c429a29290ed,51f961fd79b9e30d6a250741bf370476e38c18dffee5796da6054ee0513aa31c,NO,Mango,Mango,Main,Main,Mango,Mango
0,datasets\raw\Mango\Cutting Weevil\20211011_161625 (Custom) (Custom).jpg,datasets\raw\Mango\Cutting Weevil\20211011_161625 (Custom).jpg,6457adc6c14f1c99bb8dcde871579341f2a33d6b4a89aa6800c1f647cfc12459,b725b72587a54643d35ff31c10594564f3fc765b26c9a7a2bf2074c5f99ce36d,NO,Mango,Mango,Main,Main,Mango,Mango
0,datasets\raw\Mango\Cutting Weevil\20211011_161627 (Custom) (Custom).jpg,datasets\raw\Mango\Cutting Weevil\20211011_161627 (Custom).jpg,2b069e23ad2ae437b717beeb5554879a5c204be8b52b32548ccbc29909e9054d,ea1f21447d91f49c711876cda0915b14c69c86c104e5f150ea8b6076372d28fc,NO,Mango,Mango,Main,Main,Mango,Mango
0,datasets\raw\Mango\Cutting Weevil\20211011_161629 (Custom) (Custom).jpg,datasets\raw\Mango\Cutting Weevil\20211011_161629 (Custom).jpg,339d832a0489bbc39379657a7b4e412d5ce9dc55b9e991d09fc21a26562e43a9,65544369513702223c87bdfd848e6eaea5827a7416d4bd87641010c9d2eb4b81,NO,Mango,Mango,Main,Main,Mango,Mango
0,datasets\raw\Mango\Cutting Weevil\20211011_161641 (Custom) (Custom).jpg,datasets\raw\Mango\Cutting Weevil\20211011_161641 (Custom).jpg,7fe461dd3d486264b26f251766c75e83931a12069aa40c8371caa947340b0811,3cfbda9f664e602fd657515b8c98e3d653bbdf9b5600d5381fa8b2ae221d0445,NO,Mango,Mango,Main,Main,Mango,Mango
0,datasets\raw\Mango\Cutting Weevil\20211011_161642 (Custom) (Custom).jpg,datasets\raw\Mango\Cutting Weevil\20211011_161642 (Custom).jpg,1317d87dc69c83d8dffd4c18dbcb33def7f0cb4eeccbe39761ea5c15b0da5bb7,97db705939413132c4f81612f01cbd8a66f391639ff44c0d481fd6853c82afde,NO,Mango,Mango,Main,Main,Mango,Mango
0,datasets\raw\Mango\Cutting Weevil\20211011_161643 (Custom) (Custom).jpg,datasets\raw\Mango\Cutting Weevil\20211011_161643 (Custom).jpg,81adf08975e17e4e9afdfd8afba8d2da6ce78b6785fe1914e25fcc2150396441,e483499950c284eab0ee65aa392d2a47a5f59db43973bc37c915fb0377bc4f39,NO,Mango,Mango,Main,Main,Mango,Mango
0,datasets\raw\Mango\Cutting Weevil\20211011_161650(0) (Custom) (Custom).jpg,datasets\raw\Mango\Cutting Weevil\20211011_161650(0) (Custom).jpg,36741c0591887490879bc133508fea818dc2fe0ba91713092566d6eaabbfe1b9,897abbe7fe7d078df193f3f291f97d15c788bf5afbedc6c520c5629691c17f61,NO,Mango,Mango,Main,Main,Mango,Mango
0,datasets\raw\Mango\Cutting Weevil\20211011_161656(0) (Custom) (Custom).jpg,datasets\raw\Mango\Cutting Weevil\20211011_161656(0) (Custom).jpg,5007474b2ad7539d612e250a7ef605ae5d09fb6be5df0bbf32eee515fcc666ab,c41a0061d797156956084ff6084c96094c7e77a26c0f5bec1f484ed9e108ac00,NO,Mango,Mango,Main,Main,Mango,Mango
0,datasets\raw\Mango\Cutting Weevil\20211011_161657 (Custom) (Custom).jpg,datasets\raw\Mango\Cutting Weevil\20211011_161657 (Custom).jpg,325d721cc6efd5e0c51b1f2ff646f6fe53debfbef696c89e7be42cce10479d4c,699ce1f52befa4e5439b0a5577e83495e571c50e23d3f350fda2aedcf4dd57f5,NO,Mango,Mango,Main,Main,Mango,Mango
0,datasets\raw\Mango\Cutting Weevil\20211011_161657(0) (Custom) (Custom).jpg,datasets\raw\Mango\Cutting Weevil\20211011_161657(0) (Custom).jpg,efe000e643e557397b1aa513008e73ba35a80328179294ec3480a23c809f235c,68885175cb2e79d427e70cbc3190725778900eb20c4cdcb1cdbe179c3090110f,NO,Mango,Mango,Main,Main,Mango,Mango
0,datasets\raw\Mango\Cutting Weevil\20211011_161708 (Custom) (Custom).jpg,datasets\raw\Mango\Cutting Weevil\20211011_161708 (Custom).jpg,e2367b52d12e36ccb91a803f7eb2913437d5b1a9db51b2491cd2f23e29d2c937,7dd386f8e5bc848d5def177cccd204f3de8f0047fc908f3de1cd4aaf954a1dda,NO,Mango,Mango,Main,Main,Mango,Mango
0,datasets\raw\Mango\Cutting Weevil\20211011_161715(0) (Custom) (Custom).jpg,datasets\raw\Mango\Cutting Weevil\20211011_161715(0) (Custom).jpg,a597df8fad2a0536549fba11b2881f23500813f5f5ffbb8d6de9e62a066e4fe4,adbfd24b03c056b35a90eddde6694a9eb0deb2a0151771ff94f2cd600fc67859,NO,Mango,Mango,Main,Main,Mango,Mango
0,datasets\raw\Mango\Cutting Weevil\20211011_161744 (Custom) (Custom).jpg,datasets\raw\Mango\Cutting Weevil\20211011_161744 (Custom).jpg,81359d487b72f7e01196ceac0f83d21615f0b8fc09ef85a7cfb4ffc349f73e66,2626388eba79f5b5c696d17410e58847ee7fbb0d5c2952627e23cbb0d96527e3,NO,Mango,Mango,Main,Main,Mango,Mango
0,datasets\raw\Mango\Cutting Weevil\20211011_161830 (Custom) (Custom).jpg,datasets\raw\Mango\Cutting Weevil\20211011_161830 (Custom).jpg,91ede0ec20cceb112097d8518adcb884b419216ab57a840611fbff417a25e93b,46e5822e64598634beb1413a0f79a757743b3e393c8bb18ab979484dcbf7e54c,NO,Mango,Mango,Main,Main,Mango,Mango
0,datasets\raw\Mango\Cutting Weevil\20211011_161831 (Custom) (Custom).jpg,datasets\raw\Mango\Cutting Weevil\20211011_161831 (Custom).jpg,d988bcaad238e30b277518d43b278ff1c7c55c866cf64c662b57f4b0e14ee9e1,cb108ef67056db1175356d3b66d4ee37c3895e7a71302ac317b3f517abce7b8c,NO,Mango,Mango,Main,Main,Mango,Mango
0,datasets\raw\Mango\Cutting Weevil\20211011_161832 (Custom) (Custom).jpg,datasets\raw\Mango\Cutting Weevil\20211011_161832 (Custom).jpg,b93e36aa279432c72ce5357f925c97dc44f33da8dff1ec30fb62b99203e01225,a41d161f61c1ffe78d2e6d789fa9f844f02b20c1f2cdbd4a50f710512e3c12d6,NO,Mango,Mango,Main,Main,Mango,Mango
0,datasets\raw\Mango\Cutting Weevil\20211011_161833 (Custom) (Custom).jpg,datasets\raw\Mango\Cutting Weevil\20211011_161833 (Custom).jpg,54ab0997a39ae986e0c67e13cf4a021bf20f10b6889de010d8e7baa7d9de5578,2b92662a5a8551555993e31b18282effa082e8e6adff92d27292716572e1690c,NO,Mango,Mango,Main,Main,Mango,Mango
0,datasets\raw\Mango\Cutting Weevil\20211011_161852 (Custom) (Custom).jpg,datasets\raw\Mango\Cutting Weevil\20211011_161852 (Custom).jpg,02ac66e528a515efec71190a0572e96388ff675cfdad0d4db6ee50eb2839c412,9fd7f24d9ccc4176a0f1a8212a4e0413a2960bdc83bcb2d404e2efb7055c7441,NO,Mango,Mango,Main,Main,Mango,Mango
0,datasets\raw\Mango\Cutting Weevil\20211011_161855 (Custom) (Custom).jpg,datasets\raw\Mango\Cutting Weevil\20211011_161855 (Custom).jpg,fdf9fc79e41c1e3e0b0cf9e6ff9d05f9c66c5ac97f2599a93a3431f5c08079db,bb142d8b22e66e9f4b6b5301dcc6509cbd52349db19e824fa749ef0ba1079f92,NO,Mango,Mango,Main,Main,Mango,Mango
0,datasets\raw\Mango\Cutting Weevil\20211011_161859 (Custom) (Custom).jpg,datasets\raw\Mango\Cutting Weevil\20211011_161859 (Custom).jpg,92acd19af404a13618ee343e4e04a3021ae153c5bc3acf24716b3378303d32c7,8a7b15d4d246a53a3936340116456abe174ba36675fce0cf755f5bfae4836297,NO,Mango,Mango,Main,Main,Mango,Mango
0,datasets\raw\Mango\Cutting Weevil\20211011_161859(0) (Custom) (Custom).jpg,datasets\raw\Mango\Cutting Weevil\20211011_161859(0) (Custom).jpg,f0c2cccc36cea38374393fc428f3f7e3c718c118ddcf25cad00a4b226bf0300c,1f3614004ac9ed8d56d60ce66fcf3d617eb052aef307980bd3c2f29c214d3b30,NO,Mango,Mango,Main,Main,Mango,Mango
0,datasets\raw\Mango\Cutting Weevil\20211011_161904 (Custom) (Custom).jpg,datasets\raw\Mango\Cutting Weevil\20211011_161904 (Custom).jpg,403b10feb2dc6bde1788c55755ebcc1ac50a32ce6cd0ecef17b34ff48b38a788,c545e8c9ce7ff14242f84e700bf0138e44c5001c8c7c7ae0811ad037b37f642c,NO,Mango,Mango,Main,Main,Mango,Mango
0,datasets\raw\Mango\Cutting Weevil\20211011_161908 (Custom) (Custom).jpg,datasets\raw\Mango\Cutting Weevil\20211011_161908 (Custom).jpg,2f4dc85e36779b03cf7da11101a2bb45dbd183b82bf3f3802870cefe4d24881a,65da12a4f99d146a3df2947f0ed86307410ba995242c577fbb4b7a5c23ff2866,NO,Mango,Mango,Main,Main,Mango,Mango
0,datasets\raw\Mango\Cutting Weevil\20211011_161908(0) (Custom) (Custom).jpg,datasets\raw\Mango\Cutting Weevil\20211011_161908(0) (Custom).jpg,7400843a35bc21ab8c3779e4c21758f1bfbb5a66c7c167de2220fb3df79424f2,c0cea48346dae30cce9a35663e527b63215573ed99ae74fb26a82c64105b3d34,NO,Mango,Mango,Main,Main,Mango,Mango
0,datasets\raw\Mango\Cutting Weevil\20211011_161913 (Custom) (Custom).jpg,datasets\raw\Mango\Cutting Weevil\20211011_161913 (Custom).jpg,05e19ff487b34d06323958e771c5c87a2df8b31fd12caf20acea3c7058e06910,901240560bef67f40aaa272e3a05cfbcc57a3205ca7fc61d74785983fa29388a,NO,Mango,Mango,Main,Main,Mango,Mango
0,datasets\raw\Mango\Cutting Weevil\20211011_161913(0) (Custom) (Custom).jpg,datasets\raw\Mango\Cutting Weevil\20211011_161913(0) (Custom).jpg,9e8e14476070968f4460a7ff759c68bc4462f695d4cc79032a9c54f54f41b324,a11a9433b34d980d4ce7e81152f9ce1ab6168a58d8f34941569ed0f42bcbf831,NO,Mango,Mango,Main,Main,Mango,Mango
0,datasets\raw\Mango\Cutting Weevil\20211011_161916 (Custom) (Custom).jpg,datasets\raw\Mango\Cutting Weevil\20211011_161916 (Custom).jpg,4353f515d7c05eed8e5d668bca121733a8fa739ff37e9d7f0ab54fce529dab3c,dce3ffaeb0c3729d5a2b81665cfb7ac15348a6eb325fff868ffb0dfbfb07a6f1,NO,Mango,Mango,Main,Main,Mango,Mango
0,datasets\raw\Mango\Cutting Weevil\20211011_161919 (Custom) (Custom).jpg,datasets\raw\Mango\Cutting Weevil\20211011_161919 (Custom).jpg,517680184a52199f544b487b7a6d13261c0144415c4411e0b255330d881b1d4f,df010a1a3d4956abbf85b22e79a22e07fa5343d9bc6667176fd76e100f707029,NO,Mango,Mango,Main,Main,Mango,Mango
0,datasets\raw\Mango\Cutting Weevil\20211011_161924 (Custom) (Custom).jpg,datasets\raw\Mango\Cutting Weevil\20211011_161924 (Custom).jpg,dd90f797b398200be3e35b514ca824db854b1faad98098e84a91d019150a69e6,de4ba29535e4ec8000ee5aa417b7640557270eff7652e50d751e5b39ac7d4dd2,NO,Mango,Mango,Main,Main,Mango,Mango
0,datasets\raw\Mango\Cutting Weevil\20211011_161927 (Custom) (Custom).jpg,datasets\raw\Mango\Cutting Weevil\20211011_161927 (Custom).jpg,3e5d7f5c2f066cc4f1d9bd2ecc22f8f44e2e1787e042120fd5d2fe54e85cc900,756edf4baa8b8a800b755e03687a43652699f0c7ba021ff18a01bbf139b70749,NO,Mango,Mango,Main,Main,Mango,Mango
0,datasets\raw\Mango\Cutting Weevil\20211011_161931 (Custom) (Custom).jpg,datasets\raw\Mango\Cutting Weevil\20211011_161931 (Custom).jpg,292e377baf1290715e0d2f0a40141cd4a8a2e9ec8600e8fd68b9194c7940e291,0e8a5967dd811f67787f473963b5a7cdfce48b831265e2d3897d29aa1e4c1d32,NO,Mango,Mango,Main,Main,Mango,Mango
0,datasets\raw\Mango\Cutting Weevil\20211011_161934 (Custom) (Custom).jpg,datasets\raw\Mango\Cutting Weevil\20211011_161934 (Custom).jpg,e9059a8cb51f17bafd7292313a44ec371ce4ed14e91747c181e46f0ca2ebfd5f,8b85fce33c14eda8a8b59014700a8249dd5f3c94e44b2ed7f2643a69eaff5772,NO,Mango,Mango,Main,Main,Mango,Mango
0,datasets\raw\Mango\Cutting Weevil\20211011_161934(0) (Custom) (Custom).jpg,datasets\raw\Mango\Cutting Weevil\20211011_161934(0) (Custom).jpg,3436681aecd940f5cd09a2cbbeb2448a3d547e025810c907b5e736665849e8a5,52f6f384d8c55772dbbf86e57c0e9a08decd207afc53e73f028efa7d3c016c32,NO,Mango,Mango,Main,Main,Mango,Mango
0,datasets\raw\Mango\Cutting Weevil\20211011_161950 (Custom) (Custom).jpg,datasets\raw\Mango\Cutting Weevil\20211011_161950 (Custom).jpg,0b126f509dc026cbca00f23de73329744b58391d81c6e2eb5a04c9dece1b6044,d496f7ef42856e5230071ded59b11fef0e23fe3236b53fc760c414ca732b4c78,NO,Mango,Mango,Main,Main,Mango,Mango
0,datasets\raw\Mango\Cutting Weevil\20211011_161952 (Custom) (Custom).jpg,datasets\raw\Mango\Cutting Weevil\20211011_161952 (Custom).jpg,60bd2f11f7ef3b836082b81991acf85153265c905898d7ce1811facf54f8f7a6,153842cf7988beb2e859f771341fc0be57438b3cbc669646a3e42bc25523166b,NO,Mango,Mango,Main,Main,Mango,Mango
0,datasets\raw\Mango\Cutting Weevil\20211011_161953 (Custom) (Custom).jpg,datasets\raw\Mango\Cutting Weevil\20211011_161953 (Custom).jpg,2cfc9e4428c0aff3f6fd2d81debab2359696632af045349cc9dbee6087cb6032,9ab616f817be2c78224ddff5aa041a6059ba220f5fddb931770e4ac5616c63a3,NO,Mango,Mango,Main,Main,Mango,Mango
0,datasets\raw\Mango\Cutting Weevil\20211011_161954 (Custom) (Custom).jpg,datasets\raw\Mango\Cutting Weevil\20211011_161954 (Custom).jpg,245fc6c98d8a4478c1d719432cce8e73090d64cea4db9ca7ec26b23bd05e27a3,3a76edd5055948cbee743e4bebcd69a3e3d93eef7affb7f5000b2737d5a19dc2,NO,Mango,Mango,Main,Main,Mango,Mango
0,datasets\raw\Mango\Cutting Weevil\20211011_161956 (Custom) (Custom).jpg,datasets\raw\Mango\Cutting Weevil\20211011_161956 (Custom).jpg,430d3459ef95fa2077d3f596aaf4308189b2c846f58d25d26d095c403efa16cc,982c398166d32dc46b05e952934930047317a5854454f8e2b5d95cdb0803cb41,NO,Mango,Mango,Main,Main,Mango,Mango
0,datasets\raw\Mango\Cutting Weevil\20211011_161957 (Custom) (Custom).jpg,datasets\raw\Mango\Cutting Weevil\20211011_161957 (Custom).jpg,1e80fdd795ab7ec22297faf9490b433660ba65e600ddaaf32af93ba4b54bc322,c3cfb0360952c980bed5f0e243d7676a8cd3f390f769790732ee51b519157eb8,NO,Mango,Mango,Main,Main,Mango,Mango
0,datasets\raw\Mango\Cutting Weevil\20211011_161959 (Custom) (Custom).jpg,datasets\raw\Mango\Cutting Weevil\20211011_161959 (Custom).jpg,ca50740a1a5e100f78597e0e773607192253a87c39d71add3e82ad01a6c00af7,a4009b19c023e79cf65438aeea3bd340b9631c223be2ad46cc260ffa3aebe207,NO,Mango,Mango,Main,Main,Mango,Mango
0,datasets\raw\Mango\Cutting Weevil\20211011_162009 (Custom) (Custom).jpg,datasets\raw\Mango\Cutting Weevil\20211011_162009 (Custom).jpg,8157ee02f666febb55029b7675de37d8e2e3c93e9ae49637c30ef72dbd567187,e9e43fb573f0d2f4bbd9a879f8cbb2e8e95d949b3e7dfce663eb79058e4deac9,NO,Mango,Mango,Main,Main,Mango,Mango
0,datasets\raw\Mango\Cutting Weevil\20211011_162011 (Custom) (Custom).jpg,datasets\raw\Mango\Cutting Weevil\20211011_162011 (Custom).jpg,09ad0f4500e84e3e2b7aca9cba363b236c4d3b08398f596253e792d41365c2ca,4b92be094919292cca3d76ecf7415b9f19d8c3c310a109cc7624a6aed7039657,NO,Mango,Mango,Main,Main,Mango,Mango
0,datasets\raw\Mango\Cutting Weevil\20211011_162013 (Custom) (Custom).jpg,datasets\raw\Mango\Cutting Weevil\20211011_162013 (Custom).jpg,f581d870d315fdc4b2a06c4b12302e06ea92ee7d6b38c256d2a0a4df3e5d8c6d,6f8ca3dd84fe95d9a39477a1ec7528b676d04245fb8a502ec450ba5c5a729b9d,NO,Mango,Mango,Main,Main,Mango,Mango
0,datasets\raw\Mango\Cutting Weevil\20211011_162015 (Custom) (Custom).jpg,datasets\raw\Mango\Cutting Weevil\20211011_162015 (Custom).jpg,ff4aa7bd0afeeaab148c1096ee2dc494724cd5a97d133f46967eb740b12d2519,7607cedee7dd5f4c10ab0d2b3a3efbc713cc998ae3f73ed6d9f2a0b6e1714fbd,NO,Mango,Mango,Main,Main,Mango,Mango
0,datasets\raw\Mango\Cutting Weevil\20211011_162016 (Custom) (Custom).jpg,datasets\raw\Mango\Cutting Weevil\20211011_162016 (Custom).jpg,56e5ec115e0279eea2bec912e0d33da9233c60843a9ea39f7c0ac4f8f3600baf,7f61d77c3036f139da8b7543e644a137abdcda1f2992297bf6a3fa93c6db8bea,NO,Mango,Mango,Main,Main,Mango,Mango
0,datasets\raw\Mango\Cutting Weevil\20211011_162021 (Custom) (Custom).jpg,datasets\raw\Mango\Cutting Weevil\20211011_162021 (Custom).jpg,36ff481b1368fa3c99092bda9cbaa315480257d0e5293da1b91d32f66ccfc6a4,75d67c46a18aeb091b7bb50206913661f3ed944eaa913158eb7e5607f85719de,NO,Mango,Mango,Main,Main,Mango,Mango
0,datasets\raw\Mango\Cutting Weevil\20211011_162026 (Custom) (Custom).jpg,datasets\raw\Mango\Cutting Weevil\20211011_162026 (Custom).jpg,fd6f702882a1cf34ce9e30eaac186a4be74498cb4fdd5a57d39a27fbe73bd067,b87e6260e52a4182251254ebef98ad7d0b10b6b7c3580fc563f1233999fa7cb4,NO,Mango,Mango,Main,Main,Mango,Mango
0,datasets\raw\Mango\Cutting Weevil\20211011_162026(0) (Custom) (Custom).jpg,datasets\raw\Mango\Cutting Weevil\20211011_162026(0) (Custom).jpg,80d4c3e23d3bf25f51dcb3c8d261041a1959dcdd30929561bbe4de6a8dfb0182,88a8295f6d4323947eb4fd9b6cf1c96e54ffae8a15435256fc1c286c84f37c36,NO,Mango,Mango,Main,Main,Mango,Mango
0,datasets\raw\Mango\Cutting Weevil\20211011_162048 (Custom) (Custom).jpg,datasets\raw\Mango\Cutting Weevil\20211011_162048 (Custom).jpg,83277c7642e0f110d8acaaefc375aba7e900e0de27f6bba87ad059f3995ffe9e,56dd4bb24fa318e5a952b72ab78164badc882a1ca2ddabb5f4a010007d29ac93,NO,Mango,Mango,Main,Main,Mango,Mango
0,datasets\raw\Mango\Cutting Weevil\20211011_162049 (Custom) (Custom).jpg,datasets\raw\Mango\Cutting Weevil\20211011_162049 (Custom).jpg,70d48dbed069285d591256efc2aa687b74ffd1fb548f744c913abf0f84364f0d,eea8b6fcfaa9f0b76fd901f1204b0e25151b961e485e4e20d1e55e7002c6a835,NO,Mango,Mango,Main,Main,Mango,Mango
0,datasets\raw\Mango\Cutting Weevil\20211011_162051 (Custom) (Custom).jpg,datasets\raw\Mango\Cutting Weevil\20211011_162051 (Custom).jpg,a776fbe451c1df26ebd8123f58268442076b8d809f7cc04c723201e51f219d73,a5a0c0b8fd53253c5e0071c673abab02e988ce8644731322746fdc469735ece9,NO,Mango,Mango,Main,Main,Mango,Mango
0,datasets\raw\Mango\Cutting Weevil\20211011_162055 (Custom) (Custom).jpg,datasets\raw\Mango\Cutting Weevil\20211011_162055 (Custom).jpg,ccda495665eec2bda485ca9167a996622deda6196aa743b511598237be4e2340,bdb24c5f4d6ba0d8a2cacc5eeec776674fc567858050a70db0a4b97623ad4635,NO,Mango,Mango,Main,Main,Mango,Mango
0,datasets\raw\Mango\Cutting Weevil\20211011_162058 (Custom) (Custom).jpg,datasets\raw\Mango\Cutting Weevil\20211011_162058 (Custom).jpg,0cc2abde9c3f2db3299023fef858c65467191774033efa041a989ab330fc0492,12b474eaba54058852f4850068c6f77722e1a8940b25d69f6f7b01b9dba9c477,NO,Mango,Mango,Main,Main,Mango,Mango
0,datasets\raw\Mango\Cutting Weevil\20211011_162101 (Custom) (Custom).jpg,datasets\raw\Mango\Cutting Weevil\20211011_162101 (Custom).jpg,9acf5a0475f78f2f7472b4ca9e1963fffb6e3b6a6bca3350fc56673b3814b485,0908130522dfa04890d1f92f9353182b294e0db33fad9b23e4e968d2861382c5,NO,Mango,Mango,Main,Main,Mango,Mango
0,datasets\raw\Mango\Cutting Weevil\20211011_162103 (Custom) (Custom).jpg,datasets\raw\Mango\Cutting Weevil\20211011_162103 (Custom).jpg,f9d706de55a6d5df4d0ffd03fe8ca6aa1732ffb0bd991bcb2c2f29d46ff666d5,2d2a450701ccbf9f5a16489dfaf01ee4e26a87572b69b8e85862847245a6dd13,NO,Mango,Mango,Main,Main,Mango,Mango
0,datasets\raw\Mango\Cutting Weevil\20211011_162110 (Custom) (Custom).jpg,datasets\raw\Mango\Cutting Weevil\20211011_162110 (Custom).jpg,f581296d5a9d1888d96172fc91c9d4781be86c364abd00ff7e7f68bc4ab4bc43,dcec38dd3f6a4c62cbc27829671d9ea82dd62be82f7ee6aa50021378fe2a60c2,NO,Mango,Mango,Main,Main,Mango,Mango
0,datasets\raw\Mango\Cutting Weevil\20211011_162115 (Custom) (Custom).jpg,datasets\raw\Mango\Cutting Weevil\20211011_162115 (Custom).jpg,126f83e27c0df60e34d25e1e5544fb43c1ea9e5f8e7b5d670c4ce67ec3fe3200,c8ce4ad961cf00298a889167305af1729931a5e7dfd097f06900c7b04dd278d0,NO,Mango,Mango,Main,Main,Mango,Mango
0,datasets\raw\Mango\Cutting Weevil\20211011_162120 (Custom) (Custom).jpg,datasets\raw\Mango\Cutting Weevil\20211011_162120 (Custom).jpg,ccadb33c9d507e70775b01af701bf0e3b9c414ed800cd32918862e3c69067bd3,439377ad5b754db97fd91baa897551fbd4e4ad0a9b32e321cce6b4cde3a71ee0,NO,Mango,Mango,Main,Main,Mango,Mango
0,datasets\raw\Mango\Cutting Weevil\20211011_162125 (Custom) (Custom).jpg,datasets\raw\Mango\Cutting Weevil\20211011_162125 (Custom).jpg,525ee2b7b021486f36ef7ee34a8062377b4db82afb96789cbf0aefeb09edacd4,d02e2c7d44f34781808edf1e5be5a84b69ede6bc074de737f8f06e7636d5fc41,NO,Mango,Mango,Main,Main,Mango,Mango
0,datasets\raw\Mango\Cutting Weevil\20211011_162125(0) (Custom) (Custom).jpg,datasets\raw\Mango\Cutting Weevil\20211011_162125(0) (Custom).jpg,a43db78c30c61206385b8321bc87c8d1ef6976cfa8eaecdc05ae72087f7b7cb0,3c37be3fdc593f7d8f0b602ae88052fe25316dbd2137dfe15143eddc152b0e94,NO,Mango,Mango,Main,Main,Mango,Mango
0,datasets\raw\Mango\Cutting Weevil\20211011_162127 (Custom) (Custom).jpg,datasets\raw\Mango\Cutting Weevil\20211011_162127 (Custom).jpg,215d4e5f8772bf31455ccd8ecd4db36db752ac595e6acb5047e6e86ccfa9febe,8dfb7b6228254f34d417100695f3f45c4805266bba4dcf192a995c71d69b5e7e,NO,Mango,Mango,Main,Main,Mango,Mango
0,datasets\raw\Mango\Cutting Weevil\20211011_162130 (Custom) (Custom).jpg,datasets\raw\Mango\Cutting Weevil\20211011_162130 (Custom).jpg,257be5e412b08e00fc7631959c8d30d8a7a7385a2eb66cb5b6a67f7b7083f59a,d5a7e3f95951e10d4ce9bcf586ccb869cb8960a68bf29493786e1f129c164339,NO,Mango,Mango,Main,Main,Mango,Mango
0,datasets\raw\Mango\Cutting Weevil\20211011_162131 (Custom) (Custom).jpg,datasets\raw\Mango\Cutting Weevil\20211011_162131 (Custom).jpg,4a089e054b5f5361b19a539e4c87a843033072f8958fac131406037cd17f38f8,017c5160dd1cf0e25e8b6361328be6621aee1b4be3b56df65d30b67beedf811a,NO,Mango,Mango,Main,Main,Mango,Mango
0,datasets\raw\Mango\Cutting Weevil\20211011_162131(0) (Custom) (Custom).jpg,datasets\raw\Mango\Cutting Weevil\20211011_162131(0) (Custom).jpg,1ce27a93cc9e4d55f33c7ad24c391f0fd4dfdaaf8e2bf259bc9267abe2bdcb64,cb26c5784a0f26a9e55b3ca68ac44c6694dcb4f6b55244e907012cb526716c4d,NO,Mango,Mango,Main,Main,Mango,Mango
0,datasets\raw\Mango\Cutting Weevil\20211011_162132 (Custom) (Custom).jpg,datasets\raw\Mango\Cutting Weevil\20211011_162132 (Custom).jpg,dec47be7662ad235a6826e8375d9f82d134a1a6130dbf6a0d2a6e248c1e67e34,88081ff5b9af99a34edaf7a10e396ba24db3293fbe06d9dab8a1c1b34fb6758d,NO,Mango,Mango,Main,Main,Mango,Mango
0,datasets\raw\Mango\Cutting Weevil\20211011_162133 (Custom) (Custom).jpg,datasets\raw\Mango\Cutting Weevil\20211011_162133 (Custom).jpg,340fd16651ea265b00d38f9d6337743e0503adff40a6977c660d7cf45dcd94ac,41a15ee7f10eb7a82b026790717f66489b8f2dad994e6c9d6c3c9bfd8564d8bf,NO,Mango,Mango,Main,Main,Mango,Mango
0,datasets\raw\Mango\Cutting Weevil\20211011_162146 (Custom) (Custom).jpg,datasets\raw\Mango\Cutting Weevil\20211011_162146 (Custom).jpg,91179a5d26306677d39f5c3f0a958b21b8768f99903b310d8b16edb5804ccc8f,279e94c71dc736fe6260dee99af820d0c8bf6278429f8df46b310823c9b8ab12,NO,Mango,Mango,Main,Main,Mango,Mango
0,datasets\raw\Mango\Cutting Weevil\20211011_162150 (Custom) (Custom).jpg,datasets\raw\Mango\Cutting Weevil\20211011_162150 (Custom).jpg,ff9c679e7f2546de81f09b4cb16c5b2f99d6cb3eab672d38c52fcf39cb6b2db9,1cb31efb763e1851dd40922c56ea37de0e7940dadfef90070479068b5bb5f303,NO,Mango,Mango,Main,Main,Mango,Mango
0,datasets\raw\Mango\Cutting Weevil\20211011_162155 (Custom) (Custom).jpg,datasets\raw\Mango\Cutting Weevil\20211011_162155 (Custom).jpg,d2017b9170f575636ef4e43ffc1ef599241c96d50de144d31c6a5c43f4c8cbbc,6bfc45b7bccd003c90a6d240ad6e3e7757436843625814b298daf04d37bfbc79,NO,Mango,Mango,Main,Main,Mango,Mango
0,datasets\raw\Mango\Cutting Weevil\20211011_162158 (Custom) (Custom).jpg,datasets\raw\Mango\Cutting Weevil\20211011_162158 (Custom).jpg,f31eabad5b8d7c487f0e535e9027bcb80621f114f6127bcc1831cb30695f9e76,a5805be5d1e69d62bfb595fb418b5b7686d962b7fb6a2755dc73ef0e6d10d7b9,NO,Mango,Mango,Main,Main,Mango,Mango
0,datasets\raw\Mango\Cutting Weevil\20211011_162204 (Custom) (Custom).jpg,datasets\raw\Mango\Cutting Weevil\20211011_162204 (Custom).jpg,935bcf76a4930f01a62888700bccbbb705bbdac142eed23f562524525467fa47,16286b78e715b60dce6389bc7eff5dec68fadf676ba6c72546c4c6c429d2275f,NO,Mango,Mango,Main,Main,Mango,Mango
0,datasets\raw\Mango\Cutting Weevil\20211011_162209 (Custom) (Custom).jpg,datasets\raw\Mango\Cutting Weevil\20211011_162209 (Custom).jpg,5286861659bcd742bc52db24bdbb60505be4f8efec0f5dfd29a9939e87571f8c,70c5d24f37d227908cc65c0d47c5d5a9e2203aafa8c88846d1c02d45b63e2e7f,NO,Mango,Mango,Main,Main,Mango,Mango
0,datasets\raw\Mango\Cutting Weevil\20211011_162213 (Custom) (Custom).jpg,datasets\raw\Mango\Cutting Weevil\20211011_162213 (Custom).jpg,0e22817792f377c69833dc0069a7ad6e41abd232a4a74e39dd0f6c280d9f2690,f732b51c8711918834f594a6a1d3e29907ac2410c377c5956b46419ab85bb578,NO,Mango,Mango,Main,Main,Mango,Mango
0,datasets\raw\Mango\Cutting Weevil\20211011_162216 (Custom) (Custom).jpg,datasets\raw\Mango\Cutting Weevil\20211011_162216 (Custom).jpg,5b422a3a39c74da9bcd6642ca132e45a012752ff8ce668dcaf90a546fa3cbf8d,edca2e59a2198325a56e496f7d4ad65f5e41441271167118e71bf7baaf4d7042,NO,Mango,Mango,Main,Main,Mango,Mango
0,datasets\raw\Mango\Cutting Weevil\20211011_162221 (Custom) (Custom).jpg,datasets\raw\Mango\Cutting Weevil\20211011_162221 (Custom).jpg,bf0540498ada18c603bbfbd182633ab0599d30f05a59a6c04e3406c42b69b411,ac818ec0e37c63af8059f624c05e94c8f1965d42322e0bfa28a61b58e9279e76,NO,Mango,Mango,Main,Main,Mango,Mango
0,datasets\raw\Mango\Cutting Weevil\20211011_162308 (Custom) (Custom).jpg,datasets\raw\Mango\Cutting Weevil\20211011_162308 (Custom).jpg,fcd0bd5fc8c5818bc2fc7812f2fab1f54af99408e5991dddcb600e666c324122,d06bdb6c77c8235aefe3db07e2e920c4cf0d9c3bbe2a4f233e31a63f1f1d6566,NO,Mango,Mango,Main,Main,Mango,Mango
0,datasets\raw\Mango\Cutting Weevil\20211011_162329 (Custom) (Custom).jpg,datasets\raw\Mango\Cutting Weevil\20211011_162329 (Custom).jpg,684c32b2b10d83fc75e6769020b45950236fb76971a03ac7abba90590e400ff6,b29adfdfc57d6b25149cce2757f3abd26a8b78c2fde9ad1a8adc0de7ab5607d4,NO,Mango,Mango,Main,Main,Mango,Mango
0,datasets\raw\Mango\Cutting Weevil\20211011_162355 (Custom) (Custom).jpg,datasets\raw\Mango\Cutting Weevil\20211011_162355 (Custom).jpg,33180e4ea16dcf36914581d0e0073c0ca777a9ed5ae677128043b0e19ec1cfb8,6f7e721b5bf26117db6759f1ffc9d8874552959585330b1b9840bb68be54632e,NO,Mango,Mango,Main,Main,Mango,Mango
0,datasets\raw\Mango\Cutting Weevil\20211011_162356 (Custom) (Custom).jpg,datasets\raw\Mango\Cutting Weevil\20211011_162356 (Custom).jpg,6bc6022d7d7f916582116cef8675504c4b33ef9388a2f58c58586d7218f397eb,a129c53cadb76eac7e0b7d9efa99b520df5ebb7f63b3e83bb5be6a43fdadf357,NO,Mango,Mango,Main,Main,Mango,Mango
0,datasets\raw\Mango\Cutting Weevil\20211011_162359 (Custom) (Custom).jpg,datasets\raw\Mango\Cutting Weevil\20211011_162359 (Custom).jpg,b201fddae2daccdeae51382a4b880c729b6b535a3555bc48181c3104e6b00c84,77c1ad00a4b2ce54a5482a35b85331537c92120dc328c5d8aafc27df14a05a5a,NO,Mango,Mango,Main,Main,Mango,Mango
0,datasets\raw\Mango\Cutting Weevil\20211011_162403 (Custom) (Custom).jpg,datasets\raw\Mango\Cutting Weevil\20211011_162403 (Custom).jpg,ad81d94b3e4af1e383b0b23d01dfa16d6929a19a5d12a2010def2d427c738314,e134e1bca872ae6bf1b9a9172677ce4ba904000dd2be98b6d1bc6e6106c03a74,NO,Mango,Mango,Main,Main,Mango,Mango
0,datasets\raw\Mango\Cutting Weevil\20211011_162404 (Custom) (Custom).jpg,datasets\raw\Mango\Cutting Weevil\20211011_162404 (Custom).jpg,6f9a7905fa0c0ebebe9b91ea79e1af4294a9f613a8158bcd7f3735d8020e8f5c,d2223c0387160d5ce235fb931cf5f454b3beea33add5c4752892aed74bb5dee5,NO,Mango,Mango,Main,Main,Mango,Mango
0,datasets\raw\Mango\Cutting Weevil\20211011_162406 (Custom) (Custom).jpg,datasets\raw\Mango\Cutting Weevil\20211011_162406 (Custom).jpg,11f8d3738db9fa71fa363da97057bbe8dd0abd9d84b547d7035f02fb56b14e45,3ab9f4a727a2e59f12c8ab5a0c5d5fac0c9fdf948eaf4a7f022179d8e567342d,NO,Mango,Mango,Main,Main,Mango,Mango
0,datasets\raw\Mango\Cutting Weevil\20211011_162410 (Custom) (Custom).jpg,datasets\raw\Mango\Cutting Weevil\20211011_162410 (Custom).jpg,6ec343d25823b0a3ac403cb3559ec2d11e066ad723fe480bbeb66641ed9c7c10,f4bd94c821179afb5cb9c83562931e921018314b9efc31adcc95fd249d267e67,NO,Mango,Mango,Main,Main,Mango,Mango
0,datasets\raw\Mango\Cutting Weevil\20211011_162411 (Custom) (Custom).jpg,datasets\raw\Mango\Cutting Weevil\20211011_162411 (Custom).jpg,ade9d9bef98a674822cc6fd25132dfe9065296c7e36b035df747c66b38c6b4b4,825cd423eb640544a90435d858fd906812cff16ddc8087ecb74f83cf488096cb,NO,Mango,Mango,Main,Main,Mango,Mango
0,datasets\raw\Mango\Cutting Weevil\20211011_162413 (Custom) (Custom).jpg,datasets\raw\Mango\Cutting Weevil\20211011_162413 (Custom).jpg,32b2d13c5f944cabcaa002ebe5e4005ba2b57da05baa55a286cf06229eb8ad09,ef5ca92496ca118b1c4456ca1201564d5016ad117db1e3f83a201f67adbcebaf,NO,Mango,Mango,Main,Main,Mango,Mango
0,datasets\raw\Mango\Cutting Weevil\20211011_162415 (Custom) (Custom).jpg,datasets\raw\Mango\Cutting Weevil\20211011_162415 (Custom).jpg,13001cececb9278b6f8ed05d66ea6d2e0421b4f171d1a81201894d733851a1e7,86ac336584844115094c9b8edddac856a67706e966bbd40da20940cfbcc008c6,NO,Mango,Mango,Main,Main,Mango,Mango
0,datasets\raw\Mango\Cutting Weevil\20211011_162417 (Custom) (Custom).jpg,datasets\raw\Mango\Cutting Weevil\20211011_162417 (Custom).jpg,df07095ae78d91de083944a599c988bbb1bf5fd0acea9dfdb509a6de8954ed9e,a14beeeb29a372120b5466b91e4e862cb54e997c15177e095174e497d3e3ab88,NO,Mango,Mango,Main,Main,Mango,Mango
0,datasets\raw\Mango\Cutting Weevil\20211011_162419 (Custom) (Custom).jpg,datasets\raw\Mango\Cutting Weevil\20211011_162419 (Custom).jpg,0e7f53ad210c8670c8275e57c3e975e82d8324f1d4fb98c92e190db395b6b40f,090576e72afd61230376980887b607a085f67e22a2c005aedca53d6628b66cd9,NO,Mango,Mango,Main,Main,Mango,Mango
0,datasets\raw\Mango\Cutting Weevil\20211011_162423 (Custom) (Custom).jpg,datasets\raw\Mango\Cutting Weevil\20211011_162423 (Custom).jpg,8686166c088b57da67dd29c71eadc42cd98a4a5e50b027d6a3cd6df4215d0f02,112816ce2acb9e938257ac48f281037850b2a57d598e28a7dad2ece75837b62f,NO,Mango,Mango,Main,Main,Mango,Mango
0,datasets\raw\Mango\Cutting Weevil\20211011_162424 (Custom) (Custom).jpg,datasets\raw\Mango\Cutting Weevil\20211011_162424 (Custom).jpg,2f1f37ccab2cb8bcb1865c3f6ecdbcb5bdc96c9f126543d66929b05ff11f5d26,d52114579382fdafc6c4d5028d34c0df4e63053366eae2418ed2bf49a461ec04,NO,Mango,Mango,Main,Main,Mango,Mango
0,datasets\raw\Mango\Cutting Weevil\20211011_162425 (Custom) (Custom).jpg,datasets\raw\Mango\Cutting Weevil\20211011_162425 (Custom).jpg,810005b1df860131821cabf697bfb7b13e890b9767dcee786267d9aa0a981a65,fd594027e6dfba594ee5bae1a1989b6f824e8e8fb26300b394884aa984bb622b,NO,Mango,Mango,Main,Main,Mango,Mango
0,datasets\raw\Mango\Cutting Weevil\20211011_162428 (Custom) (Custom).jpg,datasets\raw\Mango\Cutting Weevil\20211011_162428 (Custom).jpg,8826ad76bee929469a85cbbdea38b860a911e636f219d3d7556a2b34b1603115,0afc285fab4aac7beed868c557470b10a092bc371f3f119b48ac348a6bfaf067,NO,Mango,Mango,Main,Main,Mango,Mango
0,datasets\raw\Mango\Cutting Weevil\20211011_162428(0) (Custom) (Custom).jpg,datasets\raw\Mango\Cutting Weevil\20211011_162428(0) (Custom).jpg,9a57ab99e7a963c5ef837c3af449f4c035253e2198de7ffe269669064f9698e6,41be27f5ebf8d94f36ea4a25405e48e68e520888a4a7f6954f30882821365db9,NO,Mango,Mango,Main,Main,Mango,Mango
0,datasets\raw\Mango\Cutting Weevil\20211011_162431 (Custom) (Custom).jpg,datasets\raw\Mango\Cutting Weevil\20211011_162431 (Custom).jpg,f919e5152322973ba346bd0a783b412f077ddabe73f6e8162476dab95d3e508a,d2e5c20e2263e4bc7609425bc3481c480f10015371d02b8bf8a4d3376c64aa86,NO,Mango,Mango,Main,Main,Mango,Mango
0,datasets\raw\Mango\Cutting Weevil\20211011_162432 (Custom) (Custom).jpg,datasets\raw\Mango\Cutting Weevil\20211011_162432 (Custom).jpg,b177b3b0d870879dd8ab4dd7223c336746a03f4e4a70dd6457df422995fa8f43,ebc538c63e02934d14cf8aefc7c5e6317dc107333a1ab0fe6dc7937267741d7e,NO,Mango,Mango,Main,Main,Mango,Mango
0,datasets\raw\Mango\Cutting Weevil\20211011_162433 (Custom) (Custom).jpg,datasets\raw\Mango\Cutting Weevil\20211011_162433 (Custom).jpg,07beacd148e067204965cc7270cb705e5f6d1e53e4130fdaeb74c5790d692a06,6b38a3dc4098e955ac93d397ae715f093247ae51de8408f8f10a5d343ca4f214,NO,Mango,Mango,Main,Main,Mango,Mango
0,datasets\raw\Mango\Cutting Weevil\20211011_162433(0) (Custom) (Custom).jpg,datasets\raw\Mango\Cutting Weevil\20211011_162433(0) (Custom).jpg,7eefbfe537a568c70cbfdb49d24fc175e308554c507145abe34c9f5b645f0dd2,f3216d473ba9964dfafdf5ed2dd0c52068528aa81e5b378f12c1d056cc1d19e2,NO,Mango,Mango,Main,Main,Mango,Mango
0,datasets\raw\Mango\Cutting Weevil\20211011_162434 (Custom) (Custom).jpg,datasets\raw\Mango\Cutting Weevil\20211011_162434 (Custom).jpg,f4d6476c8458b9ef8f0cbc66d81ece243478d9e60af7e0219b247eedc684d19f,8e9c620951ec91f5692976ad11a82618f945ecc3e12c168d9b7211612ef7e57b,NO,Mango,Mango,Main,Main,Mango,Mango
0,datasets\raw\Mango\Cutting Weevil\20211011_162434(0) (Custom) (Custom).jpg,datasets\raw\Mango\Cutting Weevil\20211011_162434(0) (Custom).jpg,baf543c27981e20e83d48b58953d4cdd664c7a6bafe7a8d197c42659ed047893,5ac4f0727bad67fb3949124d75932144972670f6ac92ce3bafd06386c6e22a7e,NO,Mango,Mango,Main,Main,Mango,Mango
0,datasets\raw\Mango\Cutting Weevil\20211011_162436 (Custom) (Custom).jpg,datasets\raw\Mango\Cutting Weevil\20211011_162436 (Custom).jpg,508c56b22cda68779ba1ffc3bf5d144bc4279bb536293dfc288e4802b0f632cb,35d3e521766ed2c1c9a32a1468658c328aa71c514fb690677c801a3de97a76ad,NO,Mango,Mango,Main,Main,Mango,Mango
0,datasets\raw\Mango\Cutting Weevil\20211011_162437 (Custom) (Custom).jpg,datasets\raw\Mango\Cutting Weevil\20211011_162437 (Custom).jpg,7407331b05936db48d05adf1cb6404dd8b2b2de155c89efeb80b5a9cb810a544,843d3b532a481f6254c68e60d9f456b9605b736b82856418cdad51c0bad5800c,NO,Mango,Mango,Main,Main,Mango,Mango
0,datasets\raw\Mango\Cutting Weevil\20211011_162445 (Custom) (Custom).jpg,datasets\raw\Mango\Cutting Weevil\20211011_162445 (Custom).jpg,9ed4d2350030930497bc9aa704ad1291f354f2c7c17a729ca01a1d3b220ad802,64734749d0e5eb2e37506dd40e94eb36de5e5937c4086237df59bcd361075115,NO,Mango,Mango,Main,Main,Mango,Mango
0,datasets\raw\Mango\Cutting Weevil\20211011_162454 (Custom) (Custom).jpg,datasets\raw\Mango\Cutting Weevil\20211011_162454 (Custom).jpg,3153771993f8431bd9429397cb64f83ba2628b1bc37d9096db9f3b0bb1381847,94b5f7e3c1a4c24cfac98d59c498d091a8953249a36d29693cbcc49525059caf,NO,Mango,Mango,Main,Main,Mango,Mango
0,datasets\raw\Mango\Cutting Weevil\20211011_162454(0) (Custom) (Custom).jpg,datasets\raw\Mango\Cutting Weevil\20211011_162454(0) (Custom).jpg,412b83b0afa7f1f90a1b58edb3eb5345cdf83ad9ea1bc61654d4b094f7c3cc25,91af02ff5120f97ad99ec77eae830e793af7ff46d5d9b6f2b95ef80d884e1cb9,NO,Mango,Mango,Main,Main,Mango,Mango
0,datasets\raw\Mango\Cutting Weevil\20211011_162455 (Custom) (Custom).jpg,datasets\raw\Mango\Cutting Weevil\20211011_162455 (Custom).jpg,ac14e35c10e71de82f01b62dbffbe151081f2d073df246a6ac9f26f0197134b5,6eb0ba9505f007130e369b0e2125e5aff9c88a1c1aeb0b8c5ae33e32dc02680f,NO,Mango,Mango,Main,Main,Mango,Mango
0,datasets\raw\Mango\Cutting Weevil\20211011_162456 (Custom) (Custom).jpg,datasets\raw\Mango\Cutting Weevil\20211011_162456 (Custom).jpg,9b477ab2d4c3ff8a11e4faaf33a990c82f493d7db7a98de1e43d2d9c82982a5f,b495f8fa8a2269826b633c4d57fc0cdf35f8911afbc86de6a1d639c5e6a844a8,NO,Mango,Mango,Main,Main,Mango,Mango
0,datasets\raw\Mango\Cutting Weevil\20211011_162457 (Custom) (Custom).jpg,datasets\raw\Mango\Cutting Weevil\20211011_162457 (Custom).jpg,d9a959d9f48433bbb57870b6a12c7f5250bbf6775c267700fc6d806b75a230c8,94b944da2855affadb9af313c1ab1862b03867deb7a2c7fae188d4ea8dc0eacb,NO,Mango,Mango,Main,Main,Mango,Mango
0,datasets\raw\Mango\Cutting Weevil\20211011_162500 (Custom) (Custom).jpg,datasets\raw\Mango\Cutting Weevil\20211011_162500 (Custom).jpg,8cc9db88e1b251e6146b8a3a8e4a7d5be5e8420e04e43a3a8782ec451ca099c0,0da95da21e07ebdcbfbdaeec92435abcf3a7a4c8db896e0a010b7e1cce00f887,NO,Mango,Mango,Main,Main,Mango,Mango
0,datasets\raw\Mango\Cutting Weevil\20211011_162501 (Custom) (Custom).jpg,datasets\raw\Mango\Cutting Weevil\20211011_162501 (Custom).jpg,ea101802b8d46b661105e4b5e065b38f070041f5587c38c48f7fa92b8d52a20c,818e6cdc3091bf9bab6075ca78f0d2f520f85d77250d78baaac1c9da7812e351,NO,Mango,Mango,Main,Main,Mango,Mango
0,datasets\raw\Mango\Cutting Weevil\20211011_162501(0) (Custom) (Custom).jpg,datasets\raw\Mango\Cutting Weevil\20211011_162501(0) (Custom).jpg,4265d560e773f46084b1dc336278b7bb84a437e5479ca918397834b903104670,78c41e89c1377b32a158d81f7a9fcca263e323252c08a585d0ec4690d18851f2,NO,Mango,Mango,Main,Main,Mango,Mango
0,datasets\raw\Mango\Cutting Weevil\20211011_162502 (Custom) (Custom).jpg,datasets\raw\Mango\Cutting Weevil\20211011_162502 (Custom).jpg,08bc8dfbb72ff36123214a7edd64ff4133c22c7d9155cffdf5fdbd6776d795e1,9ac1df7e167d39249e763b28081c4f9b4ff6d9d146636473b2e6cc909cc3d175,NO,Mango,Mango,Main,Main,Mango,Mango
0,datasets\raw\Mango\Cutting Weevil\20211011_162503 (Custom) (Custom).jpg,datasets\raw\Mango\Cutting Weevil\20211011_162503 (Custom).jpg,4eee95cc5b45125bfec84c4af20ff553b437382182b90ff60d4dfe3679b3e413,48d12524a7d4c765ff605cd83d3cf10530420a068f5d715fa49842791023bbad,NO,Mango,Mango,Main,Main,Mango,Mango
0,datasets\raw\Mango\Cutting Weevil\20211011_162503(0) (Custom) (Custom).jpg,datasets\raw\Mango\Cutting Weevil\20211011_162503(0) (Custom).jpg,597193b24e310d092fdc9647ba9597e265f766fd31b4583ebffab7bac81c4fc4,9cd4af52702014791c3f5bf08692be0d55b05f29cb132d530c7018f9b411b940,NO,Mango,Mango,Main,Main,Mango,Mango
0,datasets\raw\Mango\Cutting Weevil\20211011_162505 (Custom) (Custom).jpg,datasets\raw\Mango\Cutting Weevil\20211011_162505 (Custom).jpg,8bb80bf048a63f321c4aec864c301e6ceceaf7b24e333e46fcdb9706ede54d0d,45403fcaece932e6209c25204b8c332ff84b03560fcc68472a5154d8f6a45704,NO,Mango,Mango,Main,Main,Mango,Mango
0,datasets\raw\Mango\Cutting Weevil\20211011_162516 (Custom) (Custom).jpg,datasets\raw\Mango\Cutting Weevil\20211011_162516 (Custom).jpg,5ccfa49c5437eb2e0557c700b0a22397ff2a0330d6d67a26e207c7ed2c354c3c,5116ee326b4c85f0e7c38449634c5a9bea5bea021cf4f240392787beadd6abd6,NO,Mango,Mango,Main,Main,Mango,Mango
0,datasets\raw\Mango\Cutting Weevil\20211011_162517 (Custom) (Custom).jpg,datasets\raw\Mango\Cutting Weevil\20211011_162517 (Custom).jpg,b7f96ff9429f6aa4d72b16e2070e5c8d135a53227f1e6643dfaf467b120f9faf,d430f0fe759258ec9b1c78c66fdb1feed824492722a3b903e07828667935e5de,NO,Mango,Mango,Main,Main,Mango,Mango
0,datasets\raw\Mango\Cutting Weevil\20211011_162518(0) (Custom) (Custom).jpg,datasets\raw\Mango\Cutting Weevil\20211011_162518(0) (Custom).jpg,97ad07b60f91ad64bb1f5c47d80e656efb96d98387d2a60732093c4a9d8586d5,5c0ec945cb3d01fa6e31d3dc4eaeaa383f37fd12fab2b5d512357b9b448ad805,NO,Mango,Mango,Main,Main,Mango,Mango
0,datasets\raw\Mango\Cutting Weevil\20211011_162519 (Custom) (Custom).jpg,datasets\raw\Mango\Cutting Weevil\20211011_162519 (Custom).jpg,2c1545fb83daf430e84c356b51d309b0552f0b167fad64f8ee514491f4d12869,772b437ed36d641b48585b59e0a0832e0d6f80710207fcb23b00bf462ebf00fc,NO,Mango,Mango,Main,Main,Mango,Mango
0,datasets\raw\Mango\Cutting Weevil\20211011_162521 (Custom) (Custom).jpg,datasets\raw\Mango\Cutting Weevil\20211011_162521 (Custom).jpg,e3928ee1343102df739afe6b421588596bc85bd7d12ab332c049a0919bcf92ac,d62f01fd510f884d9b930846603fe83aaf9cc367f29d96e30dfbe7291077dd58,NO,Mango,Mango,Main,Main,Mango,Mango
0,datasets\raw\Mango\Cutting Weevil\20211011_162523 (Custom) (Custom).jpg,datasets\raw\Mango\Cutting Weevil\20211011_162523 (Custom).jpg,4a12c94b978264d460600156b5f953a1225236133ea73a612fb71fafc4ca4b0d,4097dd82f0b7d085ece6faf76b7b36f0e0871631139f25cbd1c44ec705102f2a,NO,Mango,Mango,Main,Main,Mango,Mango
0,datasets\raw\Mango\Cutting Weevil\20211011_162523(0) (Custom) (Custom).jpg,datasets\raw\Mango\Cutting Weevil\20211011_162523(0) (Custom).jpg,19d330816d25cdad29212ded50e547784c164959bf05f510055201514a99078f,99a94ac8aece6a7b2c4e9ff0e0d9921656c774f21e4ce9bfb3a08bf644f68654,NO,Mango,Mango,Main,Main,Mango,Mango
0,datasets\raw\Mango\Cutting Weevil\20211011_162524 (Custom) (Custom).jpg,datasets\raw\Mango\Cutting Weevil\20211011_162524 (Custom).jpg,7225125e20f8cfdf511a07744622be515ba62ed35bed073b1d487629a4d03472,34dafcb33ab8dfc8242fcd514afe567ab086c4bf1243117c7e0a0ffd56816163,NO,Mango,Mango,Main,Main,Mango,Mango
0,datasets\raw\Mango\Cutting Weevil\20211011_162525 (Custom) (Custom).jpg,datasets\raw\Mango\Cutting Weevil\20211011_162525 (Custom).jpg,b8983fae68a08c16b510dd7fbf29227f71a3490575c502fae674111f19002c9e,a2902a05fa8d310f5f96e78225b17e37f575277e5af7b62fe1f80f61d4e9c2ba,NO,Mango,Mango,Main,Main,Mango,Mango
0,datasets\raw\Mango\Cutting Weevil\20211011_162526 (Custom) (Custom).jpg,datasets\raw\Mango\Cutting Weevil\20211011_162526 (Custom).jpg,6bf5f8da236cc44560fb19f9e0907c817a9f32c9f131e1443509ca3dbc7e6f4f,3f5766d702c6eb2e2e4c8f39e51954cd222e9ee3dc15c7e550314188b8e2ea85,NO,Mango,Mango,Main,Main,Mango,Mango
0,datasets\raw\Mango\Cutting Weevil\20211011_162527 (Custom) (Custom).jpg,datasets\raw\Mango\Cutting Weevil\20211011_162527 (Custom).jpg,80aefd50686fbb5e83c7ce856c4674959aa4244e5e5ce1113b50b8602d2b4c64,7e0fe907d3306ef12c6fe4f67cce8686c2163b024bd2c5f93ebd676a34cff4e8,NO,Mango,Mango,Main,Main,Mango,Mango
0,datasets\raw\Mango\Cutting Weevil\20211011_162528 (Custom) (Custom).jpg,datasets\raw\Mango\Cutting Weevil\20211011_162528 (Custom).jpg,a4d1d2528d226e14974d47b979e3597af1867684b25d1ddc3b7768bd477bcfda,9541339c33ee14bd9ea70dca46ef2656213f5993efaa55f419445bec5609cd6d,NO,Mango,Mango,Main,Main,Mango,Mango
0,datasets\raw\Mango\Cutting Weevil\20211011_162530 (Custom) (Custom).jpg,datasets\raw\Mango\Cutting Weevil\20211011_162530 (Custom).jpg,9a980dabc6538cecabb49af20a8d4bff12e805c1e1188c079047af5578262d71,a532d5503d0078d186b8d46accb98f25a5364152fe3827d535ed992f49728310,NO,Mango,Mango,Main,Main,Mango,Mango
0,datasets\raw\Mango\Cutting Weevil\20211011_162530(0) (Custom) (Custom).jpg,datasets\raw\Mango\Cutting Weevil\20211011_162530(0) (Custom).jpg,ce6426f5eebeedb9ef60b5fc8e2f8c871ce73c6afd335c98742989e3f7d2c449,8fcc20ceea9144ec669dbae458c3e3a87cab621221981c9cd63803c37d141899,NO,Mango,Mango,Main,Main,Mango,Mango
0,datasets\raw\Mango\Cutting Weevil\20211011_162532 (Custom) (Custom).jpg,datasets\raw\Mango\Cutting Weevil\20211011_162532 (Custom).jpg,77cbd8327d39e40b0c25a42b57d86dfc8e1d00a0931a89b0364e828f71f41e8f,e2e1553516e9187a8c820a546b3f94e7d7b270e3c382110774a91bf99c42aba9,NO,Mango,Mango,Main,Main,Mango,Mango
0,datasets\raw\Mango\Cutting Weevil\20211011_162552 (Custom) (Custom).jpg,datasets\raw\Mango\Cutting Weevil\20211011_162552 (Custom).jpg,ca56be07e98a73514b43793a868b19b395c34884426f2791ad6f897edc485b9b,893ae1961119e11216a19c235e521c8bacda074e91ce8511e350c9dcb1ce0f6f,NO,Mango,Mango,Main,Main,Mango,Mango
0,datasets\raw\Mango\Cutting Weevil\20211011_162553 (Custom) (Custom).jpg,datasets\raw\Mango\Cutting Weevil\20211011_162553 (Custom).jpg,4d7b2eb98ce1dc8558a651f94e7e5ea04bc41d6be22fe950342044f98251fb12,d09a58632ff571c7d21515594a522f279f3a3371e5599b522ff8f6a7ddfcba6b,NO,Mango,Mango,Main,Main,Mango,Mango
0,datasets\raw\Mango\Cutting Weevil\20211011_162612 (Custom) (Custom).jpg,datasets\raw\Mango\Cutting Weevil\20211011_162612 (Custom).jpg,9206df9e4ea83086dc4bb01bbc6d211bcb2fb1f0472ffc528d2861d33946a25c,bad41c44c0a1d135c4fe31b10e1ea2e35d991ae879bdb3f6e216261b5971450c,NO,Mango,Mango,Main,Main,Mango,Mango
0,datasets\raw\Mango\Cutting Weevil\20211011_162616 (Custom) (Custom).jpg,datasets\raw\Mango\Cutting Weevil\20211011_162616 (Custom).jpg,4140f065ce7d8adb871d23d19c3001d52ad926e7cb57d21d0d603f8f42048d81,d25fd11764cf2fe0b4a62edd201af3381b55be7cb706b6b56db181eabf3197a8,NO,Mango,Mango,Main,Main,Mango,Mango
0,datasets\raw\Mango\Cutting Weevil\20211011_162617(0) (Custom) (Custom).jpg,datasets\raw\Mango\Cutting Weevil\20211011_162617(0) (Custom).jpg,d9ad07b850c96f5b17c8d7afbeb68315ae16b57c65080afe37152e5afca18844,576552189f3bd289b08c3de804f17076b298159e4fc6249f7832c4246aa45350,NO,Mango,Mango,Main,Main,Mango,Mango
0,datasets\raw\Mango\Cutting Weevil\20211011_162620(0) (Custom) (Custom).jpg,datasets\raw\Mango\Cutting Weevil\20211011_162620(0) (Custom).jpg,8a2a64cc305e82c11ea318f7e2d409039d439c7b1c203fe6aa6ff6633e51fa33,c55ee0e2d431f6b5bf6be9eb81632a7bac7e71264031d70ffc65eefd0d4017fd,NO,Mango,Mango,Main,Main,Mango,Mango
0,datasets\raw\Mango\Cutting Weevil\20211011_162625 (Custom) (Custom).jpg,datasets\raw\Mango\Cutting Weevil\20211011_162625 (Custom).jpg,95b79a3f4ac1ece84450e56cf006eb501cfa2804d0fcb87cdbd353ac2dca056d,bd3258262c9955c8da91c74aa1403950fd7be49d74502ef0d4057328a5ab5b28,NO,Mango,Mango,Main,Main,Mango,Mango
0,datasets\raw\Mango\Cutting Weevil\20211011_162625(0) (Custom) (Custom).jpg,datasets\raw\Mango\Cutting Weevil\20211011_162625(0) (Custom).jpg,ab9660708814ae8344c829ec41f857fd6049938d2bd5519296b9fe2db55dde03,f48fe1748adb963976d1edf603ca010b95e14b27f7c2a18d5d24078aac2a2093,NO,Mango,Mango,Main,Main,Mango,Mango
0,datasets\raw\Mango\Cutting Weevil\20211011_170108 (Custom) (Custom).jpg,datasets\raw\Mango\Cutting Weevil\20211011_170108 (Custom).jpg,ced1d257e966bbc79a243caa2134ff42adf218ab6820008251dffe76346c6040,301433fe6c37c3770deb6b3f3a4cdf82e8ccdaad2ef0d2ceb8ed4c8e61a93083,NO,Mango,Mango,Main,Main,Mango,Mango
0,datasets\raw\Mango\Cutting Weevil\20211011_170138 (Custom) (Custom).jpg,datasets\raw\Mango\Cutting Weevil\20211011_170138 (Custom).jpg,5d823a115a97dc5bec046a9a591d1c02a134ae37b8f27a7b9a38427062fde5d4,c0f7ed611e48e6bb58eeccae73687aced8ef952a54d36d3c30b7a2eea93dbde7,NO,Mango,Mango,Main,Main,Mango,Mango
0,datasets\raw\Mango\Cutting Weevil\20211011_170138 (Custom) (Custom).jpg,datasets\raw\Mango\Cutting Weevil\20211011_170139 (Custom) (Custom).jpg,5d823a115a97dc5bec046a9a591d1c02a134ae37b8f27a7b9a38427062fde5d4,c6b9802ad7286fbfdf1925e50fefde6559a981d64931136153056ae189766be9,NO,Mango,Mango,Main,Main,Mango,Mango
0,datasets\raw\Mango\Cutting Weevil\20211011_170138 (Custom) (Custom).jpg,datasets\raw\Mango\Cutting Weevil\20211011_170139 (Custom).jpg,5d823a115a97dc5bec046a9a591d1c02a134ae37b8f27a7b9a38427062fde5d4,ee32ccbdd73a81fca42067838a02c953f12c72d13a4d9353708e6951f7fba251,NO,Mango,Mango,Main,Main,Mango,Mango
0,datasets\raw\Mango\Cutting Weevil\20211011_170138 (Custom).jpg,datasets\raw\Mango\Cutting Weevil\20211011_170139 (Custom) (Custom).jpg,c0f7ed611e48e6bb58eeccae73687aced8ef952a54d36d3c30b7a2eea93dbde7,c6b9802ad7286fbfdf1925e50fefde6559a981d64931136153056ae189766be9,NO,Mango,Mango,Main,Main,Mango,Mango
0,datasets\raw\Mango\Cutting Weevil\20211011_170138 (Custom).jpg,datasets\raw\Mango\Cutting Weevil\20211011_170139 (Custom).jpg,c0f7ed611e48e6bb58eeccae73687aced8ef952a54d36d3c30b7a2eea93dbde7,ee32ccbdd73a81fca42067838a02c953f12c72d13a4d9353708e6951f7fba251,NO,Mango,Mango,Main,Main,Mango,Mango
0,datasets\raw\Mango\Cutting Weevil\20211011_170139 (Custom) (Custom).jpg,datasets\raw\Mango\Cutting Weevil\20211011_170139 (Custom).jpg,c6b9802ad7286fbfdf1925e50fefde6559a981d64931136153056ae189766be9,ee32ccbdd73a81fca42067838a02c953f12c72d13a4d9353708e6951f7fba251,NO,Mango,Mango,Main,Main,Mango,Mango
0,datasets\raw\Mango\Cutting Weevil\20211011_170153 (Custom) (Custom).jpg,datasets\raw\Mango\Cutting Weevil\20211011_170153 (Custom).jpg,30197b84eba18d79e0a6846ab1ffe87281591e4bd364d7e522bce780f85fcc44,12e61de54e940524ee0315ff42c878309e721ba44894688c165772815b2c351f,NO,Mango,Mango,Main,Main,Mango,Mango
0,datasets\raw\Mango\Cutting Weevil\20211011_170157 (Custom) (Custom).jpg,datasets\raw\Mango\Cutting Weevil\20211011_170157 (Custom).jpg,58a5573995b28b836f2482c7a63c1b53d8e369d279f9bce32cb76161ca08f607,b974980c4a809695f2c9b761c383d721488b9a4399e53f2a285bd08952055a04,NO,Mango,Mango,Main,Main,Mango,Mango
0,datasets\raw\Mango\Cutting Weevil\20211011_170252 (Custom) (Custom).jpg,datasets\raw\Mango\Cutting Weevil\20211011_170252 (Custom).jpg,40d8755bb9f0c6c058daf6b1397a3d08fd6b79ddcb063dcc322f92505202a868,44fb853732dc0e03c421c692af0f583263ba61423ede2d89d51a0fa13e095afc,NO,Mango,Mango,Main,Main,Mango,Mango
0,datasets\raw\Mango\Cutting Weevil\20211011_170254 (Custom) (Custom).jpg,datasets\raw\Mango\Cutting Weevil\20211011_170254 (Custom).jpg,8163a8ccec0e06b5bb7bafdafe33f4b45781146ed322cae466ba165a428fec14,d9187e6c8dbea4f2ddda2dfbb2ca6bafb732f83ca23cfdd3e1a71d31965424d7,NO,Mango,Mango,Main,Main,Mango,Mango
0,datasets\raw\Mango\Cutting Weevil\20211011_170534 (Custom) (Custom).jpg,datasets\raw\Mango\Cutting Weevil\20211011_170534 (Custom).jpg,b24a516e7977a50d50e7011bf59512c231a3ee05308f1c85650ce6c1936d9a78,ae1e02cdcb4a4c65646e3e48f81bc0afc2c9d2bfbcced4c74c88113deb080faa,NO,Mango,Mango,Main,Main,Mango,Mango
0,datasets\raw\Mango\Cutting Weevil\20211011_170535 (Custom) (Custom).jpg,datasets\raw\Mango\Cutting Weevil\20211011_170535 (Custom).jpg,de72544b8010169a96dc3449931e7ebf846276f05564ecec186f73beb9094f23,4605f7a2b9c44d43ef1bb431f4b7f971e9740bcb4bc898921db8c535511e1fd0,NO,Mango,Mango,Main,Main,Mango,Mango
0,datasets\raw\Mango\Cutting Weevil\20211011_170538 (Custom) (Custom).jpg,datasets\raw\Mango\Cutting Weevil\20211011_170538 (Custom).jpg,bca18979020e0e729feca00456ad758986f578b472f3082181eae036b4704835,25a453c37eae599138b78f784f601ecfac2f3ab2b069bfba2bb2b3fdc9dd8496,NO,Mango,Mango,Main,Main,Mango,Mango
0,datasets\raw\Mango\Cutting Weevil\20211011_170540 (Custom) (Custom).jpg,datasets\raw\Mango\Cutting Weevil\20211011_170540 (Custom).jpg,c86cccb785e353694f865610010317ee9e0e871646c5b7dd5c403e9094278f95,6dc99c5a8d93e5a7e351cd120ef50b42072d6ef8c99a7509bc24556fc80ece99,NO,Mango,Mango,Main,Main,Mango,Mango
0,datasets\raw\Mango\Cutting Weevil\20211011_170546 (Custom) (Custom).jpg,datasets\raw\Mango\Cutting Weevil\20211011_170546 (Custom).jpg,c09c2d700d671e684cc398b188fbc9c99ec3be6ecda92f6475d2d18951277270,d6868d75b75f9b97a047af9646050897ae087255cc08f8ac46ae34799ed47101,NO,Mango,Mango,Main,Main,Mango,Mango
0,datasets\raw\Mango\Cutting Weevil\IMG_20211011_140211 (Custom) (Custom).jpg,datasets\raw\Mango\Cutting Weevil\IMG_20211011_140211 (Custom).jpg,8ba398ca389dea5a9c95684570942de51431e456df569a5aa5e1630434a56f50,c51c2497c7868c69ad78f38d6c9011d6a7f8e0ccd7281066bbdf519db9a1c78d,NO,Mango,Mango,Main,Main,Mango,Mango
0,datasets\raw\Mango\Cutting Weevil\IMG_20211011_140224 (Custom) (Custom).jpg,datasets\raw\Mango\Cutting Weevil\IMG_20211011_140224 (Custom).jpg,171ae949e67ea0af05cec380339c3f2f6ffd68bbe9a3f4ea7394e4e2d0e90552,6e297c071c757d1e40b8e9ba98ac6fcc08a6b0f67d7e32642bfddb1363b6b7b4,NO,Mango,Mango,Main,Main,Mango,Mango
0,datasets\raw\Mango\Die Back\20211129_160738 (Custom).jpg,datasets\raw\Mango\Die Back\20211129_160754 (Custom).jpg,890b56c0bd4277741671f9aacae461f9f73e692cd2b9cd7300a31ae953b8b2b8,43c2b7a4e03e88431c492d019cddb74b66cf1543774da3cd3670d6b623e91ba2,NO,Mango,Mango,Main,Main,Mango,Mango
0,datasets\raw\Mango\Die Back\20211129_161605 (Custom)(1).jpg,datasets\raw\Mango\Die Back\20211129_161605 (Custom).jpg,6791ba575ed9c8aefe2933b410a4212c81bfc90ed8b7bb3ca0dc731522d5be3c,6791ba575ed9c8aefe2933b410a4212c81bfc90ed8b7bb3ca0dc731522d5be3c,YES,Mango,Mango,Main,Main,Mango,Mango
0,datasets\raw\Mango\Die Back\20211129_161600 (Custom)(1).jpg,datasets\raw\Mango\Die Back\20211129_161600 (Custom).jpg,f4426e4043df4a036a9f2fa213c0a588adba9117597865cf67417d887e667c8f,f4426e4043df4a036a9f2fa213c0a588adba9117597865cf67417d887e667c8f,YES,Mango,Mango,Main,Main,Mango,Mango
0,datasets\raw\Mango\Die Back\20211129_161611 (Custom)(1).jpg,datasets\raw\Mango\Die Back\20211129_161611 (Custom).jpg,789715e85f8f382d0fe177ea4440790dd2b209bf28b225269ad707a52b909140,789715e85f8f382d0fe177ea4440790dd2b209bf28b225269ad707a52b909140,YES,Mango,Mango,Main,Main,Mango,Mango
0,datasets\raw\Mango\Die Back\20211129_161616 (Custom)(1).jpg,datasets\raw\Mango\Die Back\20211129_161616 (Custom).jpg,e57ee67f79b453628c628b38df879d65687d69843cb49fc262a63b1f64d35df0,e57ee67f79b453628c628b38df879d65687d69843cb49fc262a63b1f64d35df0,YES,Mango,Mango,Main,Main,Mango,Mango
0,datasets\raw\Mango\Die Back\20211129_161620 (Custom)(1).jpg,datasets\raw\Mango\Die Back\20211129_161620 (Custom).jpg,804024087ba30b73f712f29c76d1206e5a48d34db5c240d072abc47c6b708141,804024087ba30b73f712f29c76d1206e5a48d34db5c240d072abc47c6b708141,YES,Mango,Mango,Main,Main,Mango,Mango
0,datasets\raw\Mango\Die Back\20211129_161628 (Custom)(1).jpg,datasets\raw\Mango\Die Back\20211129_161628 (Custom).jpg,ead00fc78e8f5c339dda2530bed87447959e7ccafe0df309f2e8102fcee76e46,ead00fc78e8f5c339dda2530bed87447959e7ccafe0df309f2e8102fcee76e46,YES,Mango,Mango,Main,Main,Mango,Mango
0,datasets\raw\Mango\Die Back\20211129_161631 (Custom)(1).jpg,datasets\raw\Mango\Die Back\20211129_161631 (Custom).jpg,485113099bff2a8ed0225ab5318e1bd06e25072cade78da637b228a63c29f189,485113099bff2a8ed0225ab5318e1bd06e25072cade78da637b228a63c29f189,YES,Mango,Mango,Main,Main,Mango,Mango
0,datasets\raw\Mango\Gall Midge\IMG_20211106_161445 (Custom).jpg,datasets\raw\Mango\Gall Midge\IMG_20211106_161445 - Copy (Custom).jpg,599ab8372c2feb0d079b292a90da7380b510d491b6231f977e33f3308b79be22,1ff67fb3336b564aad17d0c4cd421617680137b004aeea63ea93bb435cdc7b38,NO,Mango,Mango,Main,Main,Mango,Mango
0,datasets\raw\Mango\Gall Midge\IMG_20211106_162842 (Custom).jpg,datasets\raw\Mango\Gall Midge\IMG_20211106_162842_1 (Custom).jpg,420a68bb7a312e6648c29c6f2564d8b33e9f9553b350d05a310cec120810a7de,ce3d03ba1782f64bcbcd47a2c7954d182a3f8797bf0558831488bc77cf4ab030,NO,Mango,Mango,Main,Main,Mango,Mango
0,datasets\raw\Mango\Gall Midge\IMG_20211106_164032 (Custom).jpg,datasets\raw\Mango\Gall Midge\IMG_20211106_164032_1 (Custom).jpg,bd8f73028a23c831ff32f2e4bdb5fe07cf470a321380eb57388c31ba6cccdcdd,72d0a80016a19272c37e5bfc7f74f0044f5798e172b6b095accf47355d571afa,NO,Mango,Mango,Main,Main,Mango,Mango
0,datasets\raw\PlantDoc\test\Blueberry leaf\Blueberry leaf (1).jpg,datasets\raw\PlantDoc\train\Blueberry leaf\Blueberry leaf (49).jpg,07b9b0a3395d6643e0033f5327c188305479c20a67b9e0081efec85139d63306,07b9b0a3395d6643e0033f5327c188305479c20a67b9e0081efec85139d63306,YES,PlantDoc,PlantDoc,Main,Main,test,train
0,datasets\raw\PlantDoc\test\Corn Gray leaf spot\Corn Gray leaf spot (1).jpg,datasets\raw\PlantDoc\train\Corn leaf blight\Corn leaf blight (121).jpg,ee3838e2249e671b7b4510b0d3831f30882e2bcbf20c9c8c42ee8f4e1b95fcce,ee3838e2249e671b7b4510b0d3831f30882e2bcbf20c9c8c42ee8f4e1b95fcce,YES,PlantDoc,PlantDoc,Main,Main,test,train
0,datasets\raw\PlantDoc\test\Corn leaf blight\Corn leaf blight (10).jpg,datasets\raw\PlantDoc\train\Corn Gray leaf spot\Corn Gray leaf spot (20).jpg,9120578a76fd8539da220def6e0609ebb2435decc7a9c34b949e46e86e794c8d,9120578a76fd8539da220def6e0609ebb2435decc7a9c34b949e46e86e794c8d,YES,PlantDoc,PlantDoc,Main,Main,test,train
0,datasets\raw\PlantDoc\test\Corn leaf blight\Corn leaf blight (7).jpg,datasets\raw\PlantDoc\train\Corn Gray leaf spot\Corn Gray leaf spot (12).jpg,6e777d1b6829140e66573f918c0f1681ca4cd2979859c37435c84977153ec223,6e777d1b6829140e66573f918c0f1681ca4cd2979859c37435c84977153ec223,YES,PlantDoc,PlantDoc,Main,Main,test,train
0,datasets\raw\PlantDoc\test\Potato leaf early blight\Potato leaf early blight (2).jpg,datasets\raw\PlantDoc\train\Potato leaf late blight\Potato leaf late blight (19).jpg,64c0f7b5701e815769bad881c0834ffb3b58018233fc3af42c3a1b7968f86973,64c0f7b5701e815769bad881c0834ffb3b58018233fc3af42c3a1b7968f86973,YES,PlantDoc,PlantDoc,Main,Main,test,train
0,datasets\raw\PlantDoc\test\Potato leaf early blight\Potato leaf early blight (5).jpg,datasets\raw\PlantDoc\train\Tomato Early blight leaf\Tomato Early blight leaf (39).jpg,c339100d52667a90c43b2f7f36d969e5894849f621b1bbc4a5ba5cf6817b8cbe,d0c8a4d48ed9a3f9435d1affb82ac10e9a06adb0f2615ff62e83e21bdfa281fc,NO,PlantDoc,PlantDoc,Main,Main,test,train
0,datasets\raw\PlantDoc\test\Potato leaf late blight\Potato leaf late blight (1).jpg,datasets\raw\PlantDoc\train\Potato leaf early blight\Potato leaf early blight (13).jpg,c53ad8d40c38debfbc0b79a87d0f3649c20b933a65f5b78a6931f59d06aad498,c53ad8d40c38debfbc0b79a87d0f3649c20b933a65f5b78a6931f59d06aad498,YES,PlantDoc,PlantDoc,Main,Main,test,train
0,datasets\raw\PlantDoc\test\Potato leaf late blight\Potato leaf late blight (4).jpg,datasets\raw\PlantDoc\train\Potato leaf early blight\Potato leaf early blight (24).jpg,a981ee59e5e1dcafd0d225f74369a05969200352c17743318c31987083ab6f4c,a981ee59e5e1dcafd0d225f74369a05969200352c17743318c31987083ab6f4c,YES,PlantDoc,PlantDoc,Main,Main,test,train
0,datasets\raw\PlantDoc\test\Potato leaf late blight\Potato leaf late blight (4).jpg,datasets\raw\PlantDoc\train\Tomato leaf late blight\Tomato leaf late blight (91).jpg,a981ee59e5e1dcafd0d225f74369a05969200352c17743318c31987083ab6f4c,845e3cfb95badfa9fa06675c134833b9849915083bafff579e3b14d251938f0e,NO,PlantDoc,PlantDoc,Main,Main,test,train
0,datasets\raw\PlantDoc\train\Potato leaf early blight\Potato leaf early blight (24).jpg,datasets\raw\PlantDoc\train\Tomato leaf late blight\Tomato leaf late blight (91).jpg,a981ee59e5e1dcafd0d225f74369a05969200352c17743318c31987083ab6f4c,845e3cfb95badfa9fa06675c134833b9849915083bafff579e3b14d251938f0e,NO,PlantDoc,PlantDoc,Main,Main,train,train
0,datasets\raw\PlantDoc\test\Potato leaf late blight\Potato leaf late blight (6).jpg,datasets\raw\PlantDoc\train\Potato leaf early blight\Potato leaf early blight (70).jpg,9dd93b4217495fbb725cfdded86d3dc5f98955c9616fff5323be1a00df17be8b,9dd93b4217495fbb725cfdded86d3dc5f98955c9616fff5323be1a00df17be8b,YES,PlantDoc,PlantDoc,Main,Main,test,train
0,datasets\raw\PlantDoc\test\Tomato leaf bacterial spot\Tomato leaf bacterial spot (9).jpg,datasets\raw\PlantDoc\train\Tomato Septoria leaf spot\Tomato Septoria leaf spot (109).jpg,e23a29c94b58aac28e92f57f95eb6f53e99c874323cb2b90ebd327085721574e,e23a29c94b58aac28e92f57f95eb6f53e99c874323cb2b90ebd327085721574e,YES,PlantDoc,PlantDoc,Main,Main,test,train
0,datasets\raw\PlantDoc\test\Tomato leaf late blight\Tomato leaf late blight (1).jpg,datasets\raw\PlantDoc\train\Tomato leaf late blight\Tomato leaf late blight (39).jpg,1a33cccc63bbb630a1c07cc04a1caa2ee0bbfb8f855529328076b3e725950afc,3230695e2d8b18154ab2514dacdc3dca3249c8ef0559c255b958d3b62873e382,NO,PlantDoc,PlantDoc,Main,Main,test,train
0,datasets\raw\PlantDoc\test\Tomato leaf yellow virus\Tomato leaf yellow virus (6).jpg,datasets\raw\PlantDoc\train\Tomato leaf yellow virus\Tomato leaf yellow virus (63).jpg,3c52144e19e95cc3d4170407eaf729d0981b934615eaa183f7f5aa29d8ef265a,3c52144e19e95cc3d4170407eaf729d0981b934615eaa183f7f5aa29d8ef265a,YES,PlantDoc,PlantDoc,Main,Main,test,train
0,datasets\raw\PlantDoc\test\Tomato Septoria leaf spot\Tomato Septoria leaf spot (9).jpg,datasets\raw\PlantDoc\train\Tomato Septoria leaf spot\Tomato Septoria leaf spot (48).jpg,93c989d8551209bf34d4002ee9fae48ddbf6ab66fc3c27466c0473bcc7c0a2b7,93c989d8551209bf34d4002ee9fae48ddbf6ab66fc3c27466c0473bcc7c0a2b7,YES,PlantDoc,PlantDoc,Main,Main,test,train
0,datasets\raw\PlantDoc\train\Apple Scab Leaf\Apple Scab Leaf (17).jpg,datasets\raw\PlantDoc\train\Apple Scab Leaf\Apple Scab Leaf (23).jpg,d46084bf18335b75d62302ecd7aa9e42a827c9ce505b2ede5ea5427bf1835b4d,543670df5dc360f673b99f155a8672eb5661451bca9ef2137cf11940be8426eb,NO,PlantDoc,PlantDoc,Main,Main,train,train
0,datasets\raw\PlantDoc\train\Bell_pepper leaf spot\Bell_pepper leaf spot (31).jpg,datasets\raw\PlantDoc\train\Bell_pepper leaf spot\Bell_pepper leaf spot (57).jpg,9c3bc93d2381f7b26b7ef9556439686e157304068c6cf1fe62338340a158af22,6e6576bfdf851d2879633424d4aedfa5d98925d166c0af466424febb2aee395d,NO,PlantDoc,PlantDoc,Main,Main,train,train
0,datasets\raw\PlantDoc\train\Bell_pepper leaf spot\Bell_pepper leaf spot (36).jpg,datasets\raw\PlantDoc\train\Bell_pepper leaf spot\Bell_pepper leaf spot (39).jpg,cc201610a8a8288d6d55d02fc26490deb79ac1e1ae720a12244c0e3e2cacece2,cd43c5a1b508cbd6254912337b3c9dc771a60d0a0b3d4fdb914b82709b825e06,NO,PlantDoc,PlantDoc,Main,Main,train,train
0,datasets\raw\PlantDoc\train\Bell_pepper leaf spot\Bell_pepper leaf spot (37).jpg,datasets\raw\PlantDoc\train\Bell_pepper leaf spot\Bell_pepper leaf spot (38).jpg,25b0571b5676d2c1859fca721650569e603e0c1e2335f293377e940b62a37b1f,40899946df44642bf0baf19c78b6ed03d76b44c7384bd5b1b2de4cae29cf5486,NO,PlantDoc,PlantDoc,Main,Main,train,train
0,datasets\raw\PlantDoc\train\Cherry leaf\Cherry leaf (26).jpg,datasets\raw\PlantDoc\train\Cherry leaf\Cherry leaf (32).jpg,a6726ea0f7b78e58923758b4dd315083b1623e68f293d6815531fc2950cd81f7,7790209ebd6f50268838417aa3dea86c4e927ca22ac189e5acec88991daeb0a4,NO,PlantDoc,PlantDoc,Main,Main,train,train
0,datasets\raw\PlantDoc\train\Corn Gray leaf spot\Corn Gray leaf spot (33).jpg,datasets\raw\PlantDoc\train\Corn leaf blight\Corn leaf blight (105).jpg,1c420ab7b30b2dbf7436879f85faabae5550c15b2f04eed6eb20037f0479c9bf,2bdc6dae1b05e27405e0fbb6e35f2137e2547acaffb9b1b519dcbe1dc038ef57,NO,PlantDoc,PlantDoc,Main,Main,train,train
0,datasets\raw\PlantDoc\train\Corn leaf blight\Corn leaf blight (101).jpg,datasets\raw\PlantDoc\train\Corn leaf blight\Corn leaf blight (156).jpg,678d2081bfc2715f98ef12faa3cf24f296011093a86c9b269daf1961df77f2e3,18900f842c15d79ac5f961e5d12bcfd191a5ca3b0215b92789562a1f898a7a35,NO,PlantDoc,PlantDoc,Main,Main,train,train
0,datasets\raw\PlantDoc\train\Corn leaf blight\Corn leaf blight (35).jpg,datasets\raw\PlantDoc\train\Corn leaf blight\Corn leaf blight (36).jpg,c83713992d548ac734c7405311dfd71afc6f9f9ac2e9781ba09ccd28178c28e5,87a09564fbd01084ac532766d625dd4e4a7dc0af91f803e831d7271aedd2ad8e,NO,PlantDoc,PlantDoc,Main,Main,train,train
0,datasets\raw\PlantDoc\train\Corn rust leaf\Corn rust leaf (17).jpg,datasets\raw\PlantDoc\train\Corn rust leaf\Corn rust leaf (18).jpg,8d0748672aff25d99eaa3b714a3ee1a3773ec8e0b46fde756d9f565b70c74e36,b7dd69037b5425387b1e87dd0a172c6870554e429d6632a441ff47697f9a43b2,NO,PlantDoc,PlantDoc,Main,Main,train,train
0,datasets\raw\PlantDoc\train\grape leaf black rot\grape leaf black rot (51).jpg,datasets\raw\PlantDoc\train\grape leaf black rot\grape leaf black rot (54).jpg,9ee7ec94d8a2df21a9ef08bc5bb2ba7e39b0c6f76a1f311244844e74b391cb24,a865802e2102e9ac5b9214c1675d20b4f9ea26314b06a778b3b2f714f09aec4c,NO,PlantDoc,PlantDoc,Main,Main,train,train
0,datasets\raw\PlantDoc\train\Potato leaf early blight\Potato leaf early blight (14).jpg,datasets\raw\PlantDoc\train\Potato leaf late blight\Potato leaf late blight (11).jpg,e5f14a70fc7a687a5846749d5499872c7c3320e81aea1358e481f7100b7ba242,e5f14a70fc7a687a5846749d5499872c7c3320e81aea1358e481f7100b7ba242,YES,PlantDoc,PlantDoc,Main,Main,train,train
0,datasets\raw\PlantDoc\train\Potato leaf early blight\Potato leaf early blight (16).jpg,datasets\raw\PlantDoc\train\Potato leaf late blight\Potato leaf late blight (43).jpg,adaee93874d17252870b7d4a49e8941af36309a0d1889afabd67aaf80fc0a261,1d37b80d5b7061808cc5dae83ebb3665e69aa4f2baa3d6ecba4b49595762079d,NO,PlantDoc,PlantDoc,Main,Main,train,train
0,datasets\raw\PlantDoc\train\Potato leaf early blight\Potato leaf early blight (25).jpg,datasets\raw\PlantDoc\train\Potato leaf late blight\Potato leaf late blight (14).jpg,9ed101561e6c03eff8eb46223dd423da83a9ccd74050e1dbf867374924b9d84b,4b16ae48d7489f97753d7488807b6005db82ddc8f4b3d831e297ce7824e7d4c0,NO,PlantDoc,PlantDoc,Main,Main,train,train
0,datasets\raw\PlantDoc\train\Potato leaf early blight\Potato leaf early blight (34).jpg,datasets\raw\PlantDoc\train\Tomato leaf late blight\Tomato leaf late blight (66).jpg,8300fc21b4e6d93c481a75ffc201988fa280af06f8f2fbc8d13e45b479b71325,73c62c716108bb65142931eca09dbe47fee66d1b0366bae04ea455f6090df9b5,NO,PlantDoc,PlantDoc,Main,Main,train,train
0,datasets\raw\PlantDoc\train\Potato leaf early blight\Potato leaf early blight (49).jpg,datasets\raw\PlantDoc\train\Tomato Early blight leaf\Tomato Early blight leaf (34).jpg,e81e3a070908de5a356b6a7b503744c3f6db9abdb95f32694631ac95ba96f583,ab6642a5059e272e37d829d1e651b92d3b0af1322d4de601eb5a242267232d70,NO,PlantDoc,PlantDoc,Main,Main,train,train
0,datasets\raw\PlantDoc\train\Potato leaf early blight\Potato leaf early blight (52).jpg,datasets\raw\PlantDoc\train\Tomato leaf late blight\Tomato leaf late blight (68).jpg,32c2acfef0fe441ba45e0d70f1d286e85ffebc4ecff3cad263939b036ce73e14,b031c7e4550ac090c4f7f1cb2aa150bd5c45dd1225f44d2a3f6144b22a71f45c,NO,PlantDoc,PlantDoc,Main,Main,train,train
0,datasets\raw\PlantDoc\train\Potato leaf early blight\Potato leaf early blight (6).jpg,datasets\raw\PlantDoc\train\Tomato Early blight leaf\Tomato Early blight leaf (46).jpg,3491d3cbff6a350106d4d1bc21766378d5d64825246cb1b416d69795d001042d,9145ae957dc02636c9cae1d25e9b43fdc0ee330eb7131b12e244457d684ba326,NO,PlantDoc,PlantDoc,Main,Main,train,train
0,datasets\raw\PlantDoc\train\Potato leaf early blight\Potato leaf early blight (6).jpg,datasets\raw\PlantDoc\train\Tomato Early blight leaf\Tomato Early blight leaf (63).jpg,3491d3cbff6a350106d4d1bc21766378d5d64825246cb1b416d69795d001042d,0d2d54e20fec032f1a9da367df05eb364e42cf1f18f83c0be6e86ed09f9b9abf,NO,PlantDoc,PlantDoc,Main,Main,train,train
0,datasets\raw\PlantDoc\train\Tomato Early blight leaf\Tomato Early blight leaf (46).jpg,datasets\raw\PlantDoc\train\Tomato Early blight leaf\Tomato Early blight leaf (63).jpg,9145ae957dc02636c9cae1d25e9b43fdc0ee330eb7131b12e244457d684ba326,0d2d54e20fec032f1a9da367df05eb364e42cf1f18f83c0be6e86ed09f9b9abf,NO,PlantDoc,PlantDoc,Main,Main,train,train
0,datasets\raw\PlantDoc\train\Potato leaf early blight\Potato leaf early blight (69).jpg,datasets\raw\PlantDoc\train\Tomato Septoria leaf spot\Tomato Septoria leaf spot (43).jpg,f24fc176c4c0a18e65185c1ade695c8debd2fb70d4c8e1c809b662c43c9ddf08,909e493ee0f14f4757b15c40f19bac1e81ae6b639087c7a3945f657d88bc2397,NO,PlantDoc,PlantDoc,Main,Main,train,train
0,datasets\raw\PlantDoc\train\Potato leaf late blight\Potato leaf late blight (16).jpg,datasets\raw\PlantDoc\train\Potato leaf late blight\Potato leaf late blight (26).jpg,50466281cbb13f25936fa70a12ce378ff62ceb5e8b8596feb0ef2143367a4610,93f8d16d26178976bbb84dfb94b077a47bb15035ce5bd9999f30e05e2c3b97f0,NO,PlantDoc,PlantDoc,Main,Main,train,train
0,datasets\raw\PlantDoc\train\Potato leaf late blight\Potato leaf late blight (35).jpg,datasets\raw\PlantDoc\train\Tomato leaf late blight\Tomato leaf late blight (22).jpg,d6571d4ea8e5e5739b0b44dd996efe9f3319e7bdbe4537a12d66810b03996c40,1c2610d64ded9d26b2c5636d55d3acbf065e5ce346585bdacc81661e4e5484c9,NO,PlantDoc,PlantDoc,Main,Main,train,train
0,datasets\raw\PlantDoc\train\Potato leaf late blight\Potato leaf late blight (36).jpg,datasets\raw\PlantDoc\train\Tomato leaf late blight\Tomato leaf late blight (73).jpg,0b6f4d2de2f71df550ed08edf5c50aeb307666f9a661013a6cfd99ff5d951836,6c87b6a1b27d85267538a304e1359b82f00db3421d58ae79e77e98806dec3ccb,NO,PlantDoc,PlantDoc,Main,Main,train,train
0,datasets\raw\PlantDoc\train\Potato leaf late blight\Potato leaf late blight (67).jpg,datasets\raw\PlantDoc\train\Potato leaf late blight\Potato leaf late blight (80).jpg,5c063b6d55aa671a8cc7cf492303ebae1f170395c178760d80809a5dd0140468,bd66eb0876b22d38cc7a5ec3e59475ebf071fa0cd52108025b80ef6b141f753f,NO,PlantDoc,PlantDoc,Main,Main,train,train
0,datasets\raw\PlantDoc\train\Potato leaf late blight\Potato leaf late blight (95).jpg,datasets\raw\PlantDoc\train\Tomato Early blight leaf\Tomato Early blight leaf (7).jpg,d4c652c5cbdc24ef0e5553f8b1628ba9f6ef81ab742048df42e79abb5918c38e,451d83c709fcbab2f641e27b6cd6315d9bb869cf94210cfcd4e085f5ec399c88,NO,PlantDoc,PlantDoc,Main,Main,train,train
0,datasets\raw\PlantDoc\train\Raspberry leaf\Raspberry leaf (4).jpg,datasets\raw\PlantDoc\train\Raspberry leaf\Raspberry leaf (92).jpg,53a852fc5fda104f96438d08e705d3c24e7d46005e37aceb5e11bc49e0e417f2,d209defae14e342248b4615368cd17d0ef1b104f3253a85ae2a616f29a0e5e57,NO,PlantDoc,PlantDoc,Main,Main,train,train
0,datasets\raw\PlantDoc\train\Squash Powdery mildew leaf\Squash Powdery mildew leaf (113).jpg,datasets\raw\PlantDoc\train\Squash Powdery mildew leaf\Squash Powdery mildew leaf (114).jpg,144685ff7b2fba83f3b4c715d93c2af6174a0ff76687a4ec03f44efe08145ba1,d96e5e9edc637c206ee30c6026a25ded15d036fd60fcab6c65caff5a954d05da,NO,PlantDoc,PlantDoc,Main,Main,train,train
0,datasets\raw\PlantDoc\train\Squash Powdery mildew leaf\Squash Powdery mildew leaf (33).jpg,datasets\raw\PlantDoc\train\Squash Powdery mildew leaf\Squash Powdery mildew leaf (5).jpg,30e787044374adce93e32b133a45657191b222ef2e52e2f7dbd44a1bbb086b02,bc1b257bc19a59b9286e55199b52d5b23d554300fe35a734bab1604f0e126db9,NO,PlantDoc,PlantDoc,Main,Main,train,train
0,datasets\raw\PlantDoc\train\Tomato Early blight leaf\Tomato Early blight leaf (14).jpg,datasets\raw\PlantDoc\train\Tomato Septoria leaf spot\Tomato Septoria leaf spot (36).jpg,6fa67a7e5771f317ad1e389f885e2b6ffc751f93f3d4b9605966905eb0e570a9,d4ac24bc0922e6a642cfa1395b82d656190694bcda7e6d542ed44abac2c4f2e5,NO,PlantDoc,PlantDoc,Main,Main,train,train
0,datasets\raw\PlantDoc\train\Tomato Early blight leaf\Tomato Early blight leaf (28).jpg,datasets\raw\PlantDoc\train\Tomato Early blight leaf\Tomato Early blight leaf (30).jpg,3445460118b42927cd77ca03b2c35f78173f48117d5aaccfa63b00324d8a2f19,55c2e84169c7e645d9c23583e6ad8eaf19e930ee99b33b38a8c4c60e639e0099,NO,PlantDoc,PlantDoc,Main,Main,train,train
0,datasets\raw\PlantDoc\train\Tomato Early blight leaf\Tomato Early blight leaf (52).jpg,datasets\raw\PlantDoc\train\Tomato Septoria leaf spot\Tomato Septoria leaf spot (59).jpg,c280edc30e7bd848018d847e8d4111913799cf3042ce7e33de99c78cff5879f2,9d29d49bd39a44a7c9f3dc663df9a18848d22de832995550ae37c7f8c01ff085,NO,PlantDoc,PlantDoc,Main,Main,train,train
0,datasets\raw\PlantDoc\train\Tomato Early blight leaf\Tomato Early blight leaf (55).jpg,datasets\raw\PlantDoc\train\Tomato leaf late blight\Tomato leaf late blight (82).jpg,7a4acf69b4c2e40021ae5c225a9e82b7a4d0a19977401033cff9c57771d3b439,114e5d0090cd63ad9e176375c2fde3a48f01d88af3bd1dd44909b2ecefa70a49,NO,PlantDoc,PlantDoc,Main,Main,train,train
0,datasets\raw\PlantDoc\train\Tomato leaf bacterial spot\Tomato leaf bacterial spot (52).jpg,datasets\raw\PlantDoc\train\Tomato leaf bacterial spot\Tomato leaf bacterial spot (53).jpg,89dfb16890bdf8ea7730d3d1e928782389d4fb0da4a1c4da0d04126b73971aaf,612630455bbc59fd566931f32feea6b0fc4dd6e7ae86f52155d3e46c55fc840b,NO,PlantDoc,PlantDoc,Main,Main,train,train
0,datasets\raw\PlantDoc\train\Tomato leaf bacterial spot\Tomato leaf bacterial spot (63).jpg,datasets\raw\PlantDoc\train\Tomato Septoria leaf spot\Tomato Septoria leaf spot (62).jpg,14b74849a64e5d7ce2af4d2bdb8a8850030cd225dcd6ed4ceeba1e0353e87a6a,31fa261bb38e5f84a5beef2c39b7cc40ca55169641c4028fcb0bcb33bbbf10de,NO,PlantDoc,PlantDoc,Main,Main,train,train
0,datasets\raw\PlantDoc\train\Tomato leaf bacterial spot\Tomato leaf bacterial spot (86).jpg,datasets\raw\PlantDoc\train\Tomato Septoria leaf spot\Tomato Septoria leaf spot (103).jpg,fb84453832854781de2b24f9c4ee552d95e6dfd9cb6fa5f52d4b307b7d6a4b81,9a83f0507e08947cb4c6563ba4b080d32bfec11253d66292c0241cbed810f458,NO,PlantDoc,PlantDoc,Main,Main,train,train
0,datasets\raw\PlantDoc\train\Tomato leaf late blight\Tomato leaf late blight (20).jpg,datasets\raw\PlantDoc\train\Tomato leaf late blight\Tomato leaf late blight (6).jpg,5118060f0790a20d309f5e181248777912a72453c63d18c2d5db05da9a723995,04ff0d731573d592c97f73cd2219800dcc9b4e7337c8ed90de2ec2374013a9fa,NO,PlantDoc,PlantDoc,Main,Main,train,train
0,datasets\raw\PlantDoc\train\Tomato leaf late blight\Tomato leaf late blight (44).jpg,datasets\raw\PlantDoc\train\Tomato leaf late blight\Tomato leaf late blight (5).jpg,e2a5a8fa44b401240bc20e971371df722267115731d247373489258e78c54f3c,5f45463b3311e0d105d5870a67144dfd7018d00584a07f15db811649d2b811f9,NO,PlantDoc,PlantDoc,Main,Main,train,train
0,datasets\raw\PlantDoc\train\Tomato leaf late blight\Tomato leaf late blight (72).jpg,datasets\raw\PlantDoc\train\Tomato leaf late blight\Tomato leaf late blight (87).jpg,dcd4897d6b910e92ef0cb35e3af59be9492fe1e2491717d2a634b2fba5792a40,e86b5c15a56efc7e64f50af6bb7317cc2271c0067ed69371bb02aca7b43f0695,NO,PlantDoc,PlantDoc,Main,Main,train,train
0,datasets\raw\PlantDoc\train\Tomato leaf yellow virus\Tomato leaf yellow virus (48).jpg,datasets\raw\PlantDoc\train\Tomato mold leaf\Tomato mold leaf (85).jpg,f70e3c148a2472243d50b1f63006e2e28c0fa60d19171ed3e0a05133593c61a0,2ddeade403628874b112f319b8f0114863b3e34a89b7582cb648d9b08477fcc8,NO,PlantDoc,PlantDoc,Main,Main,train,train
0,datasets\raw\PlantDoc\train\Tomato Septoria leaf spot\Tomato Septoria leaf spot (124).jpg,datasets\raw\PlantDoc\train\Tomato Septoria leaf spot\Tomato Septoria leaf spot (125).jpg,94dddabc3c29835b9e2be96cf6a12440606c98ffa45aeb890369cd2434f6c287,46884e0ed799561eb222f9947328edb85bad1f147bf033db1c3dbe4cfb39302c,NO,PlantDoc,PlantDoc,Main,Main,train,train
0,datasets\raw\PlantDoc\train\Tomato Septoria leaf spot\Tomato Septoria leaf spot (126).jpg,datasets\raw\PlantDoc\train\Tomato Septoria leaf spot\Tomato Septoria leaf spot (127).jpg,6dbdb4f99a7533193d70ebf7fdcabbacfcd3693a0a39546cde879a46b7ce8db5,2ad392423ff2760273e25387b398bf5e8118271879938be8b20643a55ca8d355,NO,PlantDoc,PlantDoc,Main,Main,train,train
0,datasets\raw\PlantDoc\train\Tomato Septoria leaf spot\Tomato Septoria leaf spot (136).jpg,datasets\raw\PlantDoc\train\Tomato Septoria leaf spot\Tomato Septoria leaf spot (51).jpg,4f57d8bbe3c8749886cf792b5cfd0852d2fecd51ecfa85f21ee97ae5b339cfdd,30489d7ecc6cea95f58ffc7e286aba175a38b1c11ca4cc521bb17e667f9356b3,NO,PlantDoc,PlantDoc,Main,Main,train,train
0,datasets\raw\PlantDoc\train\Tomato Septoria leaf spot\Tomato Septoria leaf spot (4).jpg,datasets\raw\PlantDoc\train\Tomato Septoria leaf spot\Tomato Septoria leaf spot (49).jpg,4e8b0be6e1ebb25c470537f1601dd510bf7aefe99e3236b70a3ec90e247d69f7,ed7bb3ffc6866a36df769b79f7e54b47c7c45fdd955f25170664236e9abf9f6a,NO,PlantDoc,PlantDoc,Main,Main,train,train
0,datasets\raw\PlantVillage\Tomato_healthy\068e324c-faf6-40d6-8f83-578907f1cac5___GH_HL Leaf 466.1.JPG,datasets\raw\PlantVillage\Tomato_healthy\34c81c57-e1fa-49dd-a49d-34fe8b2385fe___GH_HL Leaf 466.1.JPG,2a05a74db3a270ac0ec77c00ebe89a332eed589819435129cc3c29eb6e701eb2,2a05a74db3a270ac0ec77c00ebe89a332eed589819435129cc3c29eb6e701eb2,YES,PlantVillage,PlantVillage,Main,Main,Tomato_healthy,Tomato_healthy
0,datasets\raw\PlantVillage\Tomato_healthy\1af0bfe1-4bcf-4b8b-be66-5d0953eb647e___GH_HL Leaf 482.2.JPG,datasets\raw\PlantVillage\Tomato_healthy\cfd491d6-4af5-4728-8f0e-0d330a07174a___GH_HL Leaf 482.2.JPG,61f6fa6195ef5c59c4918a292c641d4cd3d2d31ff051dcd0f36a625daf93f5ef,61f6fa6195ef5c59c4918a292c641d4cd3d2d31ff051dcd0f36a625daf93f5ef,YES,PlantVillage,PlantVillage,Main,Main,Tomato_healthy,Tomato_healthy
0,datasets\raw\PlantVillage\Tomato_healthy\37203047-d8ba-43f7-b31e-d496c41c569c___GH_HL Leaf 389.JPG,datasets\raw\PlantVillage\Tomato_healthy\505465db-407b-4e0a-8110-7479dad5261c___GH_HL Leaf 389.JPG,addddf5cb2a74192c9836be70fc223659062675eb325d55429c341a0c44937d0,addddf5cb2a74192c9836be70fc223659062675eb325d55429c341a0c44937d0,YES,PlantVillage,PlantVillage,Main,Main,Tomato_healthy,Tomato_healthy
0,datasets\raw\PlantVillage\Tomato_healthy\37aad83b-7ff8-4b35-b3ed-fb8e0f54910b___GH_HL Leaf 342.1.JPG,datasets\raw\PlantVillage\Tomato_healthy\e786ac89-29fe-47e3-b49e-b9a9ee7edd9d___GH_HL Leaf 342.1.JPG,68cda8c3ceca7626cc6727e14186d356b10d1e345eb16e425ef82f21a30258ed,68cda8c3ceca7626cc6727e14186d356b10d1e345eb16e425ef82f21a30258ed,YES,PlantVillage,PlantVillage,Main,Main,Tomato_healthy,Tomato_healthy
0,datasets\raw\PlantVillage\Tomato_healthy\488feb1c-4b9f-44e7-8aa6-4103a9601f5f___GH_HL Leaf 434.JPG,datasets\raw\PlantVillage\Tomato_healthy\a5de43e7-fc2f-4a14-a8e6-c0f2f94c84f1___GH_HL Leaf 434.JPG,12852b3616bcf0ba39b03b5677e74f50f5f6abf4d38957fe17949e23e2a4b244,12852b3616bcf0ba39b03b5677e74f50f5f6abf4d38957fe17949e23e2a4b244,YES,PlantVillage,PlantVillage,Main,Main,Tomato_healthy,Tomato_healthy
0,datasets\raw\PlantVillage\Tomato_healthy\9662364c-aaba-45e3-b907-10792d60578c___GH_HL Leaf 220.JPG,datasets\raw\PlantVillage\Tomato_healthy\d2ce7896-6fa4-45e6-96c5-d162da0e3e1c___GH_HL Leaf 220.JPG,32e9ffabaa054c19ae8df95e94fbd7a25105defdea1214eb5f8bd804ea9a7428,32e9ffabaa054c19ae8df95e94fbd7a25105defdea1214eb5f8bd804ea9a7428,YES,PlantVillage,PlantVillage,Main,Main,Tomato_healthy,Tomato_healthy
0,datasets\raw\PlantVillage\Tomato_Late_blight\1a69b38b-c4eb-42c4-9584-bcb14fb8db0c___GHLB2 Leaf 9011.JPG,datasets\raw\PlantVillage\Tomato_Late_blight\2c47b891-3c97-48f1-a2cc-5aa53d3a1148___GHLB2 Leaf 9011.JPG,7ff8410db407008bb9aecf0cc5505f2b47ffd89e508413a30ea983b4bc169714,7ff8410db407008bb9aecf0cc5505f2b47ffd89e508413a30ea983b4bc169714,YES,PlantVillage,PlantVillage,Main,Main,Tomato_Late_blight,Tomato_Late_blight
0,datasets\raw\PlantVillage\Tomato_Late_blight\3fae9c64-18f0-4a67-9f97-554248bb1bed___GHLB_PS Leaf 24 Day 16.jpg,datasets\raw\PlantVillage\Tomato_Late_blight\5de6da85-f8c4-48c4-b463-3e6bd78884cc___GHLB_PS Leaf 24 Day 16.jpg,4913a3835e692530e507d542caccacc0d0a7b2fd708782cdec6236a1a0dbbcd6,4913a3835e692530e507d542caccacc0d0a7b2fd708782cdec6236a1a0dbbcd6,YES,PlantVillage,PlantVillage,Main,Main,Tomato_Late_blight,Tomato_Late_blight
0,datasets\raw\PlantVillage\Tomato_Late_blight\48c55974-9fe9-4f4b-94f7-c8cd127d1e05___GHLB_PS Leaf 23.7 Day 13.jpg,datasets\raw\PlantVillage\Tomato_Late_blight\bd4f09bd-ee85-4ab1-bce0-8cde3fdd7f1b___GHLB_PS Leaf 23.7 Day 13.jpg,375eee7b5da77c7afdd73d089574bee3148d04cbe266ee070ee4774d26aca750,375eee7b5da77c7afdd73d089574bee3148d04cbe266ee070ee4774d26aca750,YES,PlantVillage,PlantVillage,Main,Main,Tomato_Late_blight,Tomato_Late_blight
0,datasets\raw\PlantVillage\Tomato_Late_blight\5688ea99-c949-41d0-bbab-9cbf0ffb8bcd___GHLB2 Leaf 8677.JPG,datasets\raw\PlantVillage\Tomato_Late_blight\e20107e7-137f-400e-817f-5dc4c58e5d70___GHLB2 Leaf 8677.JPG,6e1610d4e0f6f84108af112322d11779254b2b2d41958449c64b0bf938628444,6e1610d4e0f6f84108af112322d11779254b2b2d41958449c64b0bf938628444,YES,PlantVillage,PlantVillage,Main,Main,Tomato_Late_blight,Tomato_Late_blight
0,datasets\raw\PlantVillage\Tomato_Late_blight\5f21282c-e2ef-4c4a-ace1-b5701fe7effc___GHLB2 Leaf 8999.JPG,datasets\raw\PlantVillage\Tomato_Late_blight\e5d707cd-077c-43af-bda9-6138e516ff51___GHLB2 Leaf 8999.JPG,2aeb7479e975df37dfb54aa7b403f57f2ad90b018c37809e572a2a932f55d2a7,2aeb7479e975df37dfb54aa7b403f57f2ad90b018c37809e572a2a932f55d2a7,YES,PlantVillage,PlantVillage,Main,Main,Tomato_Late_blight,Tomato_Late_blight
0,datasets\raw\PlantVillage\Tomato_Late_blight\861d8b00-57a4-46b0-b51a-09d102dbe119___GHLB_PS Leaf 24 Day 13.jpg,datasets\raw\PlantVillage\Tomato_Late_blight\d82b634e-9a19-497b-b698-aaf100d622a1___GHLB_PS Leaf 24 Day 13.jpg,3a60a7b6f3a287981d21dca37f27e5480cc46d1144688d435e53db7a47b7006f,3a60a7b6f3a287981d21dca37f27e5480cc46d1144688d435e53db7a47b7006f,YES,PlantVillage,PlantVillage,Main,Main,Tomato_Late_blight,Tomato_Late_blight
0,datasets\raw\PlantVillage\Tomato_Late_blight\98586693-fe1f-4ea0-8e27-4501b61cf09b___GHLB_PS Leaf 23.5 Day 13.jpg,datasets\raw\PlantVillage\Tomato_Late_blight\c1775bad-7c02-41fb-bb7d-f8df91d60ac3___GHLB_PS Leaf 23.5 Day 13.jpg,90220c67ab2c3ed150e93f0c26691d463200e784c74152e62acedac8a4d2d525,90220c67ab2c3ed150e93f0c26691d463200e784c74152e62acedac8a4d2d525,YES,PlantVillage,PlantVillage,Main,Main,Tomato_Late_blight,Tomato_Late_blight
0,datasets\raw\PlantVillage\Tomato_Late_blight\d6e6897a-5083-4914-9903-804c5684a956___GHLB2 Leaf 102.JPG,datasets\raw\PlantVillage\Tomato_Late_blight\d81682aa-746b-4e07-af2b-52ebb6f4c017___GHLB2 Leaf 102.JPG,a05e573ae6c4a28b077b8c9d01249be849f4f8e1790b2625b42c6bc01098f718,a05e573ae6c4a28b077b8c9d01249be849f4f8e1790b2625b42c6bc01098f718,YES,PlantVillage,PlantVillage,Main,Main,Tomato_Late_blight,Tomato_Late_blight
0,datasets\raw\Rice\Brown Spot\20231006_165801(0).jpg,datasets\raw\Rice\Brown Spot\20231006_165801.jpg,f2839d586f695ab5317c2955e46119e3ac3c9f57fdaef058f69e7a6fed718c6a,f96349c767d29e6eab6b0425ef2e27cae134b8ec097e501487b6ba2a3c2e44ce,NO,Rice,Rice,Main,Main,Rice,Rice
0,datasets\raw\Rice\Brown Spot\Brown_spot (131).jpg,datasets\raw\Rice\Brown Spot\Brown_spot (132).jpg,26cfb9a4ab62734be2c88af7d6c9c19f5a064c09ba875dce067c434d84b1f9db,26cfb9a4ab62734be2c88af7d6c9c19f5a064c09ba875dce067c434d84b1f9db,YES,Rice,Rice,Main,Main,Rice,Rice
0,datasets\raw\Rice\Brown Spot\Brown_spot (133).jpg,datasets\raw\Rice\Brown Spot\Brown_spot (134).jpg,3917579cd2dee2a8df18735a7c412227eb30e611760af85ea25dec266b081dbb,3917579cd2dee2a8df18735a7c412227eb30e611760af85ea25dec266b081dbb,YES,Rice,Rice,Main,Main,Rice,Rice
0,datasets\raw\Rice\Brown Spot\Brown_spot (135).jpg,datasets\raw\Rice\Brown Spot\Brown_spot (136).jpg,00b595d9c3d023c348905fbb5449a9bf291459c3ae192d69f0e1fa2e2422d75b,00b595d9c3d023c348905fbb5449a9bf291459c3ae192d69f0e1fa2e2422d75b,YES,Rice,Rice,Main,Main,Rice,Rice
0,datasets\raw\Rice\Brown Spot\IMG_20231018_143709 - Copy.jpg,datasets\raw\Rice\Brown Spot\IMG_20231018_143709.jpg,a00852aeb1c0c7f4de5e9456c813ce38460216bb4ac7199757200c01e753b77b,a00852aeb1c0c7f4de5e9456c813ce38460216bb4ac7199757200c01e753b77b,YES,Rice,Rice,Main,Main,Rice,Rice
0,datasets\raw\Rice\Brown Spot\IMG_20231018_143710 - Copy.jpg,datasets\raw\Rice\Brown Spot\IMG_20231018_143710.jpg,862a6789d463cc5db2b67b0d041a29f5339cb7ab5fd5581b83bd5d225322cf52,862a6789d463cc5db2b67b0d041a29f5339cb7ab5fd5581b83bd5d225322cf52,YES,Rice,Rice,Main,Main,Rice,Rice
0,datasets\raw\Rice\Brown Spot\IMG_20231018_143711 - Copy.jpg,datasets\raw\Rice\Brown Spot\IMG_20231018_143711.jpg,19894dd0fd05b0044dbb39b31436ffa8931dc6aa485c1e48fc47ec888ab2f55b,19894dd0fd05b0044dbb39b31436ffa8931dc6aa485c1e48fc47ec888ab2f55b,YES,Rice,Rice,Main,Main,Rice,Rice
0,datasets\raw\Rice\Brown Spot\IMG_20231018_143712 - Copy.jpg,datasets\raw\Rice\Brown Spot\IMG_20231018_143712.jpg,5cf1c936bef6ad4faf88ff89e6372fb09c28382fab898f65e934d6283835b2b1,5cf1c936bef6ad4faf88ff89e6372fb09c28382fab898f65e934d6283835b2b1,YES,Rice,Rice,Main,Main,Rice,Rice
0,datasets\raw\Rice\Brown Spot\IMG_20231018_143713 - Copy.jpg,datasets\raw\Rice\Brown Spot\IMG_20231018_143713.jpg,d20bc327411f1953c892dd15017c8a94b83c789d465d82303deced2bbac5e76d,d20bc327411f1953c892dd15017c8a94b83c789d465d82303deced2bbac5e76d,YES,Rice,Rice,Main,Main,Rice,Rice
0,datasets\raw\Rice\Brown Spot\IMG_20231018_143715 - Copy.jpg,datasets\raw\Rice\Brown Spot\IMG_20231018_143715.jpg,9e0fb71ca9add9a0db84dcea509f77ae448a2df516a8409e5a23d0f82b9dbceb,9e0fb71ca9add9a0db84dcea509f77ae448a2df516a8409e5a23d0f82b9dbceb,YES,Rice,Rice,Main,Main,Rice,Rice
0,datasets\raw\Rice\Healthy Rice Leaf\Healthy_rice_leaf (26).jpg,datasets\raw\Rice\Healthy Rice Leaf\Healthy_rice_leaf (27).jpg,a3846cec722ba24a24262308cf092b7071b31265ad6b5455001bb7a9946f8e57,a3846cec722ba24a24262308cf092b7071b31265ad6b5455001bb7a9946f8e57,YES,Rice,Rice,Main,Main,Rice,Rice
0,datasets\raw\Rice\Healthy Rice Leaf\Healthy_rice_leaf (42).jpg,datasets\raw\Rice\Healthy Rice Leaf\Healthy_rice_leaf (43).jpg,a9272b2ead03543610908ee810c96f5d902aa53cdb149f6b7db76ce0c1a0b7ff,a8af3102c4f37111fa44f11a86845e6f41e79a4d616eb1588fb39cfeecd7ced0,NO,Rice,Rice,Main,Main,Rice,Rice
0,datasets\raw\Rice\Healthy Rice Leaf\Healthy_rice_leaf (6).jpg,datasets\raw\Rice\Healthy Rice Leaf\Healthy_rice_leaf (7).jpg,f57487084f2012d528f3ab289e32116fda9065fa30646630899a025da1885d2e,f57487084f2012d528f3ab289e32116fda9065fa30646630899a025da1885d2e,YES,Rice,Rice,Main,Main,Rice,Rice
0,datasets\raw\Rice\Healthy Rice Leaf\Healthy_rice_leaf (8).jpg,datasets\raw\Rice\Healthy Rice Leaf\Healthy_rice_leaf (9).jpg,cc32c6a2f840c68802c37f1d47977eba13e149a3ab8c2b27189c2ac3aadd9b64,cc32c6a2f840c68802c37f1d47977eba13e149a3ab8c2b27189c2ac3aadd9b64,YES,Rice,Rice,Main,Main,Rice,Rice
0,datasets\raw\Rice\Leaf Blast\IMG_20231018_143750 - Copy.jpg,datasets\raw\Rice\Leaf Blast\IMG_20231018_143750.jpg,8ad31021bcfc761c532c68f845fa32e5b0c9021af2c57486749ca38d3d5243c5,8ad31021bcfc761c532c68f845fa32e5b0c9021af2c57486749ca38d3d5243c5,YES,Rice,Rice,Main,Main,Rice,Rice
0,datasets\raw\Rice\Leaf Blast\IMG_20231018_143753 - Copy.jpg,datasets\raw\Rice\Leaf Blast\IMG_20231018_143753.jpg,f8efee7f1975c36e42fc0e7c236dd0fa555705304252ebf0909981269c10adbd,f8efee7f1975c36e42fc0e7c236dd0fa555705304252ebf0909981269c10adbd,YES,Rice,Rice,Main,Main,Rice,Rice
0,datasets\raw\Rice\Leaf Blast\IMG_20231018_143802_1 - Copy.jpg,datasets\raw\Rice\Leaf Blast\IMG_20231018_143802_1.jpg,9554b6f64fad0dde3ec3da17b87339e74cd64edf35eec4c8ef8fd96d847d2294,9554b6f64fad0dde3ec3da17b87339e74cd64edf35eec4c8ef8fd96d847d2294,YES,Rice,Rice,Main,Main,Rice,Rice
0,datasets\raw\Rice\Leaf Blast\IMG_20231018_143803 - Copy.jpg,datasets\raw\Rice\Leaf Blast\IMG_20231018_143803.jpg,866eb40aadb2ecdba9c42c19605efeae92fa0d186ef5e65cdd1cd8b6f83cfdea,866eb40aadb2ecdba9c42c19605efeae92fa0d186ef5e65cdd1cd8b6f83cfdea,YES,Rice,Rice,Main,Main,Rice,Rice
0,datasets\raw\Rice\Leaf Blast\IMG_20231018_143838 - Copy.jpg,datasets\raw\Rice\Leaf Blast\IMG_20231018_143838.jpg,b9ee2b1d40ed4c3ca55541c671233c278ee46070b347259eb8366bd9b9b9ec6e,b9ee2b1d40ed4c3ca55541c671233c278ee46070b347259eb8366bd9b9b9ec6e,YES,Rice,Rice,Main,Main,Rice,Rice
0,datasets\raw\Rice\Leaf Blast\IMG_20231018_143839 - Copy.jpg,datasets\raw\Rice\Leaf Blast\IMG_20231018_143839.jpg,d2b58750b2fd90e490b0713c4563eb91f9d3618a5ad57f58fffa831f4aa32929,d2b58750b2fd90e490b0713c4563eb91f9d3618a5ad57f58fffa831f4aa32929,YES,Rice,Rice,Main,Main,Rice,Rice
0,datasets\raw\Rice\Leaf Blast\IMG_20231018_143840 - Copy.jpg,datasets\raw\Rice\Leaf Blast\IMG_20231018_143840.jpg,06fb9c7e7bc69b03013b6ef5a68151850d57d719f4b9eea99e323fefabfea26a,06fb9c7e7bc69b03013b6ef5a68151850d57d719f4b9eea99e323fefabfea26a,YES,Rice,Rice,Main,Main,Rice,Rice
0,datasets\raw\Rice\Leaf Blast\IMG_20231018_143841 - Copy.jpg,datasets\raw\Rice\Leaf Blast\IMG_20231018_143841.jpg,cd9224b77f0878d15792961bd57614a3dba3a66c8ce299cc081e904242b1b60b,cd9224b77f0878d15792961bd57614a3dba3a66c8ce299cc081e904242b1b60b,YES,Rice,Rice,Main,Main,Rice,Rice
0,datasets\raw\Rice\Leaf Blast\IMG_20231018_143842_1 - Copy.jpg,datasets\raw\Rice\Leaf Blast\IMG_20231018_143842_1.jpg,0a396c19b6edfcd67428ee628fb6caf4d80a94b3a4fa7b97fb41cca3cdd1ba7f,0a396c19b6edfcd67428ee628fb6caf4d80a94b3a4fa7b97fb41cca3cdd1ba7f,YES,Rice,Rice,Main,Main,Rice,Rice
0,datasets\raw\Rice\Leaf Blast\IMG_20231018_143843 - Copy.jpg,datasets\raw\Rice\Leaf Blast\IMG_20231018_143843.jpg,96eebfdf9d9ee5cc32991b7801c2781622fcffd87d663104f15383f4b853bdaf,96eebfdf9d9ee5cc32991b7801c2781622fcffd87d663104f15383f4b853bdaf,YES,Rice,Rice,Main,Main,Rice,Rice
0,datasets\raw\Rice\Leaf Blast\IMG_20231018_143844 - Copy.jpg,datasets\raw\Rice\Leaf Blast\IMG_20231018_143844.jpg,693afa158df0e3c86156da12a45c9f30f6deeb348806958397501e69611026fd,693afa158df0e3c86156da12a45c9f30f6deeb348806958397501e69611026fd,YES,Rice,Rice,Main,Main,Rice,Rice
0,datasets\raw\Rice\Leaf Blast\IMG_20231018_143855 - Copy.jpg,datasets\raw\Rice\Leaf Blast\IMG_20231018_143855.jpg,eda2484cdeb848125c0e43e1c399c8c56e46c9de9b1c94fe5a3858284237c8f8,eda2484cdeb848125c0e43e1c399c8c56e46c9de9b1c94fe5a3858284237c8f8,YES,Rice,Rice,Main,Main,Rice,Rice
0,datasets\raw\Rice\Leaf Blast\IMG_20231018_143856 - Copy.jpg,datasets\raw\Rice\Leaf Blast\IMG_20231018_143856.jpg,fb0a78b69fb847e4518618d807012d788a955f93c06c62b1aa0fdc14ae7ca290,fb0a78b69fb847e4518618d807012d788a955f93c06c62b1aa0fdc14ae7ca290,YES,Rice,Rice,Main,Main,Rice,Rice
0,datasets\raw\Rice\Leaf Blast\IMG_20231018_143856_1 - Copy.jpg,datasets\raw\Rice\Leaf Blast\IMG_20231018_143856_1.jpg,82696eceb9e2645beeca9fb61c4ba5232cf9e7b1fec93dd1c6fbf48be291ee4c,82696eceb9e2645beeca9fb61c4ba5232cf9e7b1fec93dd1c6fbf48be291ee4c,YES,Rice,Rice,Main,Main,Rice,Rice
0,datasets\raw\Rice\Leaf Blast\IMG_20231018_143857 - Copy.jpg,datasets\raw\Rice\Leaf Blast\IMG_20231018_143857.jpg,514038f529025cd599c65e0b6223f25c3c63e6cc7c688dd3c1f1bd2230637815,514038f529025cd599c65e0b6223f25c3c63e6cc7c688dd3c1f1bd2230637815,YES,Rice,Rice,Main,Main,Rice,Rice
0,datasets\raw\Rice\Leaf scald\Leaf_scald (18).jpg,datasets\raw\Rice\Leaf scald\Leaf_scald (19).jpg,b7a99f024e5eb6841c413e183d16410a6f652bedcd18ce6bc444de7e8a5f5873,6e4579c47beec5a8cd544c00deb3fba883018e10103eb97842801cf444fd2152,NO,Rice,Rice,Main,Main,Rice,Rice
0,datasets\raw\Rice\Leaf scald\Leaf_scald (24).jpg,datasets\raw\Rice\Leaf scald\Leaf_scald (25).jpg,2b944254ded90b15f6117ccb3399b177254fc7e3f3a93623073c7edbf4f2c868,47f50609964deb12290cd42d1c0516ddd37752d8fcaf320ad4ac35fbd6fb7433,NO,Rice,Rice,Main,Main,Rice,Rice
0,datasets\raw\Rice\Leaf scald\Leaf_scald (27).jpg,datasets\raw\Rice\Leaf scald\Leaf_scald (31).jpg,e147d6ed6c051fe333d04411b429094e0ee674f45d9ef5541c20266333e65cc1,d1e1eac0f7ffd88a81987f1b3eaff820f57488378c4c7f1516391f0011a01560,NO,Rice,Rice,Main,Main,Rice,Rice
0,datasets\raw\Rice\Leaf scald\Leaf_scald (27).jpg,datasets\raw\Rice\Leaf scald\Leaf_scald (32).jpg,e147d6ed6c051fe333d04411b429094e0ee674f45d9ef5541c20266333e65cc1,fa633486d1b0137ff8f4f8f6d3df1b640f186cdf5693ad5878fc9cbc7d04fde5,NO,Rice,Rice,Main,Main,Rice,Rice
0,datasets\raw\Rice\Leaf scald\Leaf_scald (31).jpg,datasets\raw\Rice\Leaf scald\Leaf_scald (32).jpg,d1e1eac0f7ffd88a81987f1b3eaff820f57488378c4c7f1516391f0011a01560,fa633486d1b0137ff8f4f8f6d3df1b640f186cdf5693ad5878fc9cbc7d04fde5,NO,Rice,Rice,Main,Main,Rice,Rice
0,datasets\raw\Rice\Sheath Blight\IMG_20231006_163217 - Copy.jpg,datasets\raw\Rice\Sheath Blight\IMG_20231006_163217.jpg,bc5d9f9546b045a9bb3cc807d34d05e3263800c45321f10d3bf1cf143743ec07,bc5d9f9546b045a9bb3cc807d34d05e3263800c45321f10d3bf1cf143743ec07,YES,Rice,Rice,Main,Main,Rice,Rice
0,datasets\raw\Rice\Sheath Blight\IMG_20231006_163218 - Copy.jpg,datasets\raw\Rice\Sheath Blight\IMG_20231006_163218.jpg,0618a1cbea85f523399b790f25afa30904b9685ab9004718f886e7852b24be55,0618a1cbea85f523399b790f25afa30904b9685ab9004718f886e7852b24be55,YES,Rice,Rice,Main,Main,Rice,Rice
0,datasets\raw\Rice\Sheath Blight\IMG_20231006_163221 - Copy.jpg,datasets\raw\Rice\Sheath Blight\IMG_20231006_163221.jpg,17446f1e40c83503155f5d6cc184bd372f0c45e8b6c4f8c9d0bbfd188a3f96e0,17446f1e40c83503155f5d6cc184bd372f0c45e8b6c4f8c9d0bbfd188a3f96e0,YES,Rice,Rice,Main,Main,Rice,Rice
0,datasets\raw\Rice\Sheath Blight\IMG_20231014_172039 - Copy.jpg,datasets\raw\Rice\Sheath Blight\IMG_20231014_172039.jpg,ade28ccc035362e991a1603e977e1e03b510062ea149eb695be33c8d50e18c3b,ade28ccc035362e991a1603e977e1e03b510062ea149eb695be33c8d50e18c3b,YES,Rice,Rice,Main,Main,Rice,Rice
0,datasets\raw\Rice\Sheath Blight\IMG_20231018_144301_1.jpg,datasets\raw\Rice\Sheath Blight\IMG_20231018_144301_2.jpg,d167d080aee4b3fa8a1bf167112b945088a554621758325b5dc4e24e6ed684b4,6d252e33ee0decc7bfc12fd5c872fee6cf08b31b030a4725680212cc51f2347d,NO,Rice,Rice,Main,Main,Rice,Rice
0,datasets\raw\Rice\Sheath Blight\Sheath_Blight (19).jpg,datasets\raw\Rice\Sheath Blight\Sheath_Blight (54).jpg,82dde9d04200544ce3e6eea7c4e683cdf1e01ecd6f79589bdb968ae48d10eb25,87d7baca9a96229bb416d3d0d9c397c6aaec1e43dabe5f30609f72429e4cfbb0,NO,Rice,Rice,Main,Main,Rice,Rice
0,datasets\raw\Rice\Sheath Blight\Sheath_Blight (91).jpg,datasets\raw\Rice\Sheath Blight\Sheath_Blight (92).jpg,0dd4c1865e44d4bc452aa50b239375b15de12da01696c49f2d236bfabff30f8c,49887e88193de0b9779fa31b087ca182dac484780f3b460224705322c6ba324e,NO,Rice,Rice,Main,Main,Rice,Rice
